anio,mes,clinica,unidad,estamento,horas_ausencia,horas_requeridas,horas_sobretiempo,horas_pool,horas_externo,horas_no_cubiertas,costo_sobretiempo,costo_pool,costo_externo
2025,1,Centro,Ambulatorio,Administrativos,149.6,89.8,59.4,0.0,17.2,13.1,579150,0,201240
2025,1,Centro,Ambulatorio,Profesionales,61.6,37.0,23.8,0.0,7.1,6.0,535500,0,191700
2025,1,Centro,Ambulatorio,Técnicos,290.4,174.2,117.0,0.0,29.6,27.7,1316250,0,399600
2025,1,Centro,Apoyo,Auxiliares,17.6,3.5,2.2,0.0,0.7,0.6,18150,0,6930
2025,1,Centro,Hospitalización,Auxiliares,246.4,234.1,156.8,0.0,43.2,34.1,1293600,0,427680
2025,1,Centro,Hospitalización,Profesionales,246.4,234.1,148.9,0.0,51.3,33.9,3350250,0,1385100
2025,1,Centro,Hospitalización,Técnicos,325.6,309.3,193.4,0.0,65.2,50.7,2175750,0,880200
2025,1,Centro,Pabellón,Auxiliares,8.8,7.9,5.4,0.0,1.5,1.0,44550,0,14850
2025,1,Centro,Pabellón,Profesionales,233.2,209.9,134.8,0.0,43.4,31.7,3033000,0,1171800
2025,1,Centro,Pabellón,Técnicos,114.4,103.0,63.3,0.0,22.8,16.8,712125,0,307800
2025,1,Centro,UCI,Auxiliares,211.2,211.2,131.4,0.0,47.6,32.3,1084050,0,471240
2025,1,Centro,UCI,Profesionales,105.6,105.6,63.0,0.0,23.8,18.8,1417500,0,642600
2025,1,Centro,UCI,Técnicos,404.8,404.8,268.7,0.0,77.0,59.1,3022875,0,1039500
2025,1,Centro,Urgencia,Auxiliares,202.4,192.3,124.7,0.0,40.5,27.1,1028775,0,400950
2025,1,Centro,Urgencia,Profesionales,70.4,66.9,45.5,0.0,13.5,7.9,1023750,0,364500
2025,1,Centro,Urgencia,Técnicos,369.6,351.1,223.8,0.0,76.6,50.7,2517750,0,1034100
2025,1,Norte,Ambulatorio,Administrativos,26.4,15.8,10.1,0.0,3.3,2.4,98475,0,38610
2025,1,Norte,Ambulatorio,Profesionales,211.2,126.7,82.7,0.0,25.3,18.7,1860750,0,683100
2025,1,Norte,Ambulatorio,Técnicos,158.4,95.0,59.2,0.0,21.8,14.0,666000,0,294300
2025,1,Norte,Apoyo,Administrativos,365.2,73.0,50.1,0.0,14.5,8.5,488475,0,169650
2025,1,Norte,Apoyo,Auxiliares,140.8,28.2,19.1,0.0,4.8,4.3,157575,0,47520
2025,1,Norte,Hospitalización,Auxiliares,8.8,8.4,5.2,0.0,1.9,1.3,42900,0,18810
2025,1,Norte,Hospitalización,Profesionales,184.8,175.6,116.8,0.0,34.0,24.8,2628000,0,918000
2025,1,Norte,Hospitalización,Técnicos,668.8,635.4,424.2,0.0,111.7,99.5,4772250,0,1507950
2025,1,Norte,Pabellón,Auxiliares,123.2,110.9,74.0,0.0,20.5,16.4,610500,0,202950
2025,1,Norte,Pabellón,Directivos,96.8,87.1,55.3,0.0,18.0,13.8,2488500,0,972000
2025,1,Norte,Pabellón,Profesionales,52.8,47.5,30.9,0.0,10.0,6.6,695250,0,270000
2025,1,Norte,Pabellón,Técnicos,61.6,55.4,36.3,0.0,10.8,8.3,408375,0,145800
2025,1,Norte,UCI,Profesionales,79.2,79.2,47.0,0.0,17.9,14.4,1057500,0,483300
2025,1,Norte,UCI,Técnicos,70.4,70.4,47.2,0.0,12.8,10.4,531000,0,172800
2025,1,Norte,Urgencia,Auxiliares,70.4,66.9,40.3,0.0,17.0,9.6,332475,0,168300
2025,1,Norte,Urgencia,Profesionales,211.2,200.6,123.5,0.0,44.0,33.2,2778750,0,1188000
2025,1,Norte,Urgencia,Técnicos,193.6,183.9,120.8,0.0,36.5,26.6,1359000,0,492750
2025,1,Sur,Ambulatorio,Administrativos,17.6,10.6,6.8,0.0,2.1,1.6,66300,0,24570
2025,1,Sur,Ambulatorio,Técnicos,202.4,121.4,77.0,0.0,24.9,19.5,866250,0,336150
2025,1,Sur,Apoyo,Administrativos,149.6,29.9,18.5,0.0,6.5,4.9,180375,0,76050
2025,1,Sur,Apoyo,Auxiliares,140.8,28.2,18.0,0.0,5.5,4.7,148500,0,54450
2025,1,Sur,Hospitalización,Profesionales,17.6,16.7,11.1,0.0,3.2,2.4,249750,0,86400
2025,1,Sur,Hospitalización,Técnicos,589.6,560.1,368.5,0.0,109.9,81.7,4145625,0,1483650
2025,1,Sur,Pabellón,Auxiliares,123.2,110.9,72.4,0.0,21.0,17.5,597300,0,207900
2025,1,Sur,Pabellón,Profesionales,158.4,142.6,99.5,0.0,23.4,19.7,2238750,0,631800
2025,1,Sur,Pabellón,Técnicos,237.6,213.8,137.2,0.0,42.0,34.7,1543500,0,567000
2025,1,Sur,UCI,Directivos,17.6,17.6,12.0,0.0,3.2,2.4,540000,0,172800
2025,1,Sur,UCI,Profesionales,140.8,140.8,87.4,0.0,30.8,22.6,1966500,0,831600
2025,1,Sur,UCI,Técnicos,316.8,316.8,201.1,0.0,68.4,47.3,2262375,0,923400
2025,1,Sur,Urgencia,Técnicos,202.4,192.3,131.5,0.0,36.0,24.7,1479375,0,486000
2025,2,Centro,Ambulatorio,Administrativos,52.8,31.7,20.8,0.0,6.0,4.9,202800,0,70200
2025,2,Centro,Ambulatorio,Técnicos,123.2,73.9,47.0,0.0,15.1,11.9,528750,0,203850
2025,2,Centro,Hospitalización,Auxiliares,281.6,267.5,175.9,0.0,47.9,43.7,1451175,0,474210
2025,2,Centro,Hospitalización,Directivos,8.8,8.4,5.3,0.0,1.6,1.4,238500,0,86400
2025,2,Centro,Hospitalización,Profesionales,123.2,117.0,77.0,0.0,19.2,20.9,1732500,0,518400
2025,2,Centro,Hospitalización,Técnicos,466.4,443.1,290.3,0.0,86.5,66.3,3265875,0,1167750
2025,2,Centro,Pabellón,Auxiliares,96.8,87.1,58.2,0.0,17.0,11.9,480150,0,168300
2025,2,Centro,Pabellón,Profesionales,79.2,71.3,49.1,0.0,12.4,9.8,1104750,0,334800
2025,2,Centro,Pabellón,Técnicos,70.4,63.4,43.4,0.0,10.4,9.5,488250,0,140400
2025,2,Centro,UCI,Auxiliares,123.2,123.2,80.2,0.0,26.8,16.2,661650,0,265320
2025,2,Centro,UCI,Directivos,8.8,8.8,5.6,0.0,1.9,1.3,252000,0,102600
2025,2,Centro,UCI,Profesionales,123.2,123.2,77.9,0.0,25.6,19.7,1752750,0,691200
2025,2,Centro,UCI,Técnicos,316.8,316.8,203.8,0.0,61.3,51.7,2292750,0,827550
2025,2,Centro,Urgencia,Auxiliares,96.8,92.0,55.4,0.0,21.0,15.5,457050,0,207900
2025,2,Centro,Urgencia,Profesionales,61.6,58.5,35.4,0.0,12.4,10.7,796500,0,334800
2025,2,Centro,Urgencia,Técnicos,202.4,192.3,129.2,0.0,36.8,26.2,1453500,0,496800
2025,2,Norte,Ambulatorio,Administrativos,17.6,10.6,6.3,0.0,2.4,1.9,61425,0,28080
2025,2,Norte,Ambulatorio,Profesionales,299.2,179.5,115.2,0.0,40.1,24.3,2592000,0,1082700
2025,2,Norte,Ambulatorio,Técnicos,35.2,21.1,13.5,0.0,4.2,3.4,151875,0,56700
2025,2,Norte,Apoyo,Administrativos,492.8,98.6,64.0,0.0,19.7,14.8,624000,0,230490
2025,2,Norte,Apoyo,Auxiliares,114.4,22.9,15.8,0.0,4.0,3.1,130350,0,39600
2025,2,Norte,Hospitalización,Técnicos,413.6,392.9,251.4,0.0,81.1,60.4,2828250,0,1094850
2025,2,Norte,Pabellón,Auxiliares,176.0,158.4,111.2,0.0,27.7,19.5,917400,0,274230
2025,2,Norte,Pabellón,Directivos,52.8,47.5,30.2,0.0,9.4,8.0,1359000,0,507600
2025,2,Norte,Pabellón,Profesionales,26.4,23.8,15.5,0.0,4.3,3.9,348750,0,116100
2025,2,Norte,UCI,Profesionales,193.6,193.6,121.4,0.0,44.2,28.0,2731500,0,1193400
2025,2,Norte,UCI,Técnicos,114.4,114.4,70.2,0.0,24.7,19.5,789750,0,333450
2025,2,Norte,Urgencia,Profesionales,17.6,16.7,10.7,0.0,3.6,2.4,240750,0,97200
2025,2,Norte,Urgencia,Técnicos,202.4,192.3,129.8,0.0,34.7,27.7,1460250,0,468450
2025,2,Sur,Ambulatorio,Administrativos,44.0,26.4,17.6,0.0,4.9,3.9,171600,0,57330
2025,2,Sur,Ambulatorio,Técnicos,105.6,63.4,41.4,0.0,12.8,9.1,465750,0,172800
2025,2,Sur,Apoyo,Administrativos,26.4,5.3,3.4,0.0,1.1,0.8,33150,0,12870
2025,2,Sur,Apoyo,Auxiliares,176.0,35.2,22.7,0.0,7.2,5.3,187275,0,71280
2025,2,Sur,Hospitalización,Auxiliares,44.0,41.8,26.3,0.0,8.9,6.6,216975,0,88110
2025,2,Sur,Hospitalización,Profesionales,79.2,75.2,49.7,0.0,14.8,10.7,1118250,0,399600
2025,2,Sur,Hospitalización,Técnicos,404.8,384.6,257.0,0.0,75.3,52.3,2891250,0,1016550
2025,2,Sur,Pabellón,Auxiliares,132.0,118.8,77.9,0.0,22.4,18.5,642675,0,221760
2025,2,Sur,Pabellón,Profesionales,26.4,23.8,15.7,0.0,4.7,3.4,353250,0,126900
2025,2,Sur,Pabellón,Técnicos,224.4,202.0,131.2,0.0,37.3,33.5,1476000,0,503550
2025,2,Sur,UCI,Auxiliares,35.2,35.2,22.6,0.0,7.0,5.5,186450,0,69300
2025,2,Sur,UCI,Profesionales,74.8,74.8,47.5,0.0,15.1,12.2,1068750,0,407700
2025,2,Sur,UCI,Técnicos,264.0,264.0,164.8,0.0,55.9,43.3,1854000,0,754650
2025,2,Sur,Urgencia,Auxiliares,114.4,108.7,69.1,0.0,22.2,17.4,570075,0,219780
2025,2,Sur,Urgencia,Técnicos,264.0,250.8,154.1,0.0,58.1,38.6,1733625,0,784350
2025,3,Centro,Ambulatorio,Técnicos,114.4,68.6,45.2,0.0,13.7,9.7,508500,0,184950
2025,3,Centro,Apoyo,Administrativos,101.2,20.2,12.9,0.0,4.2,3.1,125775,0,49140
2025,3,Centro,Apoyo,Directivos,114.4,22.9,15.1,0.0,4.5,3.4,679500,0,243000
2025,3,Centro,Hospitalización,Auxiliares,79.2,75.2,47.8,0.0,15.2,12.2,394350,0,150480
2025,3,Centro,Hospitalización,Profesionales,88.0,83.6,55.8,0.0,15.1,12.7,1255500,0,407700
2025,3,Centro,Hospitalización,Técnicos,308.0,292.6,192.4,0.0,58.6,41.6,2164500,0,791100
2025,3,Centro,Pabellón,Auxiliares,114.4,103.0,68.7,0.0,19.6,14.7,566775,0,194040
2025,3,Centro,Pabellón,Profesionales,501.6,451.4,279.8,0.0,103.9,67.7,6295500,0,2805300
2025,3,Centro,Pabellón,Técnicos,457.6,411.8,270.8,0.0,79.1,61.9,3046500,0,1067850
2025,3,Centro,UCI,Auxiliares,52.8,52.8,33.3,0.0,11.9,7.6,274725,0,117810
2025,3,Centro,UCI,Profesionales,123.2,123.2,78.7,0.0,25.3,19.2,1770750,0,683100
2025,3,Centro,UCI,Técnicos,308.0,308.0,187.1,0.0,65.6,55.2,2104875,0,885600
2025,3,Centro,Urgencia,Auxiliares,70.4,66.9,45.2,0.0,12.1,9.6,372900,0,119790
2025,3,Centro,Urgencia,Profesionales,184.8,175.6,109.1,0.0,38.5,28.0,2454750,0,1039500
2025,3,Centro,Urgencia,Técnicos,228.8,217.4,138.7,0.0,45.5,33.1,1560375,0,614250
2025,3,Norte,Ambulatorio,Administrativos,123.2,73.9,47.9,0.0,15.4,10.7,467025,0,180180
2025,3,Norte,Ambulatorio,Profesionales,448.8,269.3,162.7,0.0,62.5,44.0,3660750,0,1687500
2025,3,Norte,Apoyo,Administrativos,308.0,61.6,37.4,0.0,13.7,10.5,364650,0,160290
2025,3,Norte,Apoyo,Auxiliares,167.2,33.4,21.8,0.0,6.2,5.5,179850,0,61380
2025,3,Norte,Hospitalización,Auxiliares,158.4,150.5,91.4,0.0,35.3,23.8,754050,0,349470
2025,3,Norte,Hospitalización,Profesionales,176.0,167.2,109.6,0.0,34.1,23.5,2466000,0,920700
2025,3,Norte,Hospitalización,Técnicos,308.0,292.6,188.5,0.0,62.5,41.6,2120625,0,843750
2025,3,Norte,Pabellón,Auxiliares,44.0,39.6,26.8,0.0,6.8,6.0,221100,0,67320
2025,3,Norte,Pabellón,Profesionales,167.2,150.5,101.1,0.0,28.4,21.1,2274750,0,766800
2025,3,Norte,UCI,Profesionales,184.8,184.8,122.0,0.0,34.7,28.1,2745000,0,936900
2025,3,Norte,UCI,Técnicos,105.6,105.6,66.7,0.0,20.8,18.1,750375,0,280800
2025,3,Norte,Urgencia,Auxiliares,8.8,8.4,5.3,0.0,1.8,1.3,43725,0,17820
2025,3,Norte,Urgencia,Profesionales,61.6,58.5,38.8,0.0,10.8,9.0,873000,0,291600
2025,3,Norte,Urgencia,Técnicos,105.6,100.3,69.8,0.0,17.4,13.2,785250,0,234900
2025,3,Sur,Ambulatorio,Administrativos,17.6,10.6,7.1,0.0,1.9,1.5,69225,0,22230
2025,3,Sur,Ambulatorio,Técnicos,96.8,58.1,38.9,0.0,11.4,7.9,437625,0,153900
2025,3,Sur,Apoyo,Administrativos,281.6,56.3,37.9,0.0,10.9,7.5,369525,0,127530
2025,3,Sur,Apoyo,Auxiliares,202.4,40.5,25.4,0.0,8.9,6.2,209550,0,88110
2025,3,Sur,Hospitalización,Auxiliares,189.2,179.7,121.0,0.0,30.9,27.8,998250,0,305910
2025,3,Sur,Hospitalización,Profesionales,202.4,192.3,123.6,0.0,41.2,27.5,2781000,0,1112400
2025,3,Sur,Hospitalización,Técnicos,422.4,401.3,266.0,0.0,80.8,54.5,2992500,0,1090800
2025,3,Sur,Pabellón,Auxiliares,114.4,103.0,64.0,0.0,21.4,17.6,528000,0,211860
2025,3,Sur,Pabellón,Técnicos,286.0,257.4,170.6,0.0,46.5,40.3,1919250,0,627750
2025,3,Sur,UCI,Auxiliares,184.8,184.8,125.9,0.0,33.6,25.3,1038675,0,332640
2025,3,Sur,UCI,Profesionales,26.4,26.4,17.8,0.0,4.5,4.1,400500,0,121500
2025,3,Sur,UCI,Técnicos,44.0,44.0,29.5,0.0,8.6,5.9,331875,0,116100
2025,3,Sur,Urgencia,Técnicos,132.0,125.4,83.5,0.0,24.1,17.8,939375,0,325350
2025,4,Centro,Ambulatorio,Técnicos,334.4,200.6,130.1,0.0,38.7,31.9,1463625,0,522450
2025,4,Centro,Apoyo,Administrativos,347.6,69.5,44.8,0.0,14.0,10.8,436800,0,163800
2025,4,Centro,Apoyo,Auxiliares,8.8,1.8,1.2,0.0,0.3,0.3,9900,0,2970
2025,4,Centro,Apoyo,Directivos,17.6,3.5,2.3,0.0,0.7,0.5,103500,0,37800
2025,4,Centro,Hospitalización,Auxiliares,61.6,58.5,38.4,0.0,10.9,9.3,316800,0,107910
2025,4,Centro,Hospitalización,Profesionales,88.0,83.6,53.9,0.0,16.9,12.8,1212750,0,456300
2025,4,Centro,Hospitalización,Técnicos,176.0,167.2,114.4,0.0,28.8,24.0,1287000,0,388800
2025,4,Centro,Pabellón,Auxiliares,96.8,87.1,59.3,0.0,15.5,12.3,489225,0,153450
2025,4,Centro,Pabellón,Profesionales,250.8,225.7,144.2,0.0,43.7,37.9,3244500,0,1179900
2025,4,Centro,Pabellón,Técnicos,589.6,530.6,364.2,0.0,97.3,69.2,4097250,0,1313550
2025,4,Centro,UCI,Auxiliares,132.0,132.0,87.7,0.0,27.0,17.2,723525,0,267300
2025,4,Centro,UCI,Profesionales,360.8,360.8,223.9,0.0,76.1,60.8,5037750,0,2054700
2025,4,Centro,UCI,Técnicos,484.0,484.0,327.0,0.0,89.5,67.5,3678750,0,1208250
2025,4,Centro,Urgencia,Auxiliares,26.4,25.1,16.5,0.0,4.8,3.8,136125,0,47520
2025,4,Centro,Urgencia,Profesionales,211.2,200.6,134.7,0.0,35.2,30.7,3030750,0,950400
2025,4,Centro,Urgencia,Técnicos,237.6,225.7,141.9,0.0,47.4,36.4,1596375,0,639900
2025,4,Norte,Ambulatorio,Administrativos,8.8,5.3,3.5,0.0,1.1,0.7,34125,0,12870
2025,4,Norte,Ambulatorio,Profesionales,510.4,306.2,203.2,0.0,56.8,46.3,4572000,0,1533600
2025,4,Norte,Ambulatorio,Técnicos,158.4,95.0,61.9,0.0,17.3,15.9,696375,0,233550
2025,4,Norte,Apoyo,Administrativos,360.8,72.2,46.8,0.0,15.1,10.3,456300,0,176670
2025,4,Norte,Apoyo,Auxiliares,70.4,14.1,8.4,0.0,3.2,2.5,69300,0,31680
2025,4,Norte,Hospitalización,Auxiliares,404.8,384.6,247.8,0.0,77.6,59.2,2044350,0,768240
2025,4,Norte,Hospitalización,Profesionales,118.8,112.9,74.7,0.0,21.3,16.9,1680750,0,575100
2025,4,Norte,Hospitalización,Técnicos,378.4,359.5,229.7,0.0,66.9,62.9,2584125,0,903150
2025,4,Norte,Pabellón,Profesionales,140.8,126.7,81.9,0.0,25.7,19.1,1842750,0,693900
2025,4,Norte,UCI,Directivos,44.0,44.0,28.5,0.0,8.5,7.0,1282500,0,459000
2025,4,Norte,UCI,Técnicos,70.4,70.4,45.2,0.0,14.1,11.1,508500,0,190350
2025,4,Norte,Urgencia,Auxiliares,17.6,16.7,10.9,0.0,3.5,2.3,89925,0,34650
2025,4,Norte,Urgencia,Profesionales,105.6,100.3,62.7,0.0,20.4,17.2,1410750,0,550800
2025,4,Norte,Urgencia,Técnicos,61.6,58.5,39.2,0.0,11.1,8.2,441000,0,149850
2025,4,Sur,Ambulatorio,Administrativos,52.8,31.7,20.7,0.0,6.6,4.5,201825,0,77220
2025,4,Sur,Ambulatorio,Técnicos,61.6,37.0,23.4,0.0,7.6,5.9,263250,0,102600
2025,4,Sur,Apoyo,Administrativos,228.8,45.8,30.6,0.0,8.9,6.3,298350,0,104130
2025,4,Sur,Apoyo,Auxiliares,387.2,77.4,50.9,0.0,15.7,10.9,419925,0,155430
2025,4,Sur,Hospitalización,Auxiliares,8.8,8.4,5.6,0.0,1.6,1.2,46200,0,15840
2025,4,Sur,Hospitalización,Profesionales,114.4,108.7,75.8,0.0,18.1,14.8,1705500,0,488700
2025,4,Sur,Hospitalización,Técnicos,290.4,275.9,186.2,0.0,50.4,39.2,2094750,0,680400
2025,4,Sur,Pabellón,Auxiliares,70.4,63.4,42.9,0.0,11.2,9.3,353925,0,110880
2025,4,Sur,Pabellón,Técnicos,193.6,174.2,109.1,0.0,40.1,25.0,1227375,0,541350
2025,4,Sur,UCI,Auxiliares,158.4,158.4,101.1,0.0,31.9,25.4,834075,0,315810
2025,4,Sur,UCI,Profesionales,96.8,96.8,63.1,0.0,19.1,14.6,1419750,0,515700
2025,4,Sur,UCI,Técnicos,176.0,176.0,117.4,0.0,31.6,26.9,1320750,0,426600
2025,4,Sur,Urgencia,Profesionales,52.8,50.2,32.7,0.0,9.3,8.2,735750,0,251100
2025,4,Sur,Urgencia,Técnicos,396.0,376.2,242.9,0.0,82.1,51.2,2732625,0,1108350
2025,5,Centro,Ambulatorio,Administrativos,44.0,26.4,18.6,0.0,4.3,3.5,181350,0,50310
2025,5,Centro,Ambulatorio,Profesionales,149.6,89.8,57.4,0.0,16.4,16.0,1291500,0,442800
2025,5,Centro,Ambulatorio,Técnicos,492.8,295.7,184.7,0.0,61.6,49.4,2077875,0,831600
2025,5,Centro,Apoyo,Administrativos,514.8,103.0,65.3,0.0,21.9,15.8,636675,0,256230
2025,5,Centro,Apoyo,Auxiliares,44.0,8.8,5.7,0.0,1.8,1.4,47025,0,17820
2025,5,Centro,Hospitalización,Auxiliares,255.2,242.4,167.7,0.0,44.1,30.6,1383525,0,436590
2025,5,Centro,Hospitalización,Profesionales,79.2,75.2,48.3,0.0,15.5,11.5,1086750,0,418500
2025,5,Centro,Hospitalización,Técnicos,409.2,388.7,264.4,0.0,67.4,56.9,2974500,0,909900
2025,5,Centro,Pabellón,Auxiliares,8.8,7.9,5.5,0.0,1.3,1.0,45375,0,12870
2025,5,Centro,Pabellón,Profesionales,154.0,138.6,97.9,0.0,23.3,17.4,2202750,0,629100
2025,5,Centro,Pabellón,Técnicos,281.6,253.4,173.2,0.0,44.2,36.0,1948500,0,596700
2025,5,Centro,UCI,Auxiliares,193.6,193.6,128.0,0.0,31.8,33.9,1056000,0,314820
2025,5,Centro,UCI,Profesionales,325.6,325.6,203.2,0.0,69.6,52.9,4572000,0,1879200
2025,5,Centro,UCI,Técnicos,290.4,290.4,180.7,0.0,61.2,48.5,2032875,0,826200
2025,5,Centro,Urgencia,Auxiliares,44.0,41.8,27.3,0.0,8.8,5.6,225225,0,87120
2025,5,Centro,Urgencia,Profesionales,52.8,50.2,32.4,0.0,10.5,7.3,729000,0,283500
2025,5,Centro,Urgencia,Técnicos,563.2,535.0,344.8,0.0,106.6,83.6,3879000,0,1439100
2025,5,Norte,Ambulatorio,Administrativos,8.8,5.3,3.5,0.0,1.1,0.7,34125,0,12870
2025,5,Norte,Ambulatorio,Profesionales,88.0,52.8,32.6,0.0,11.4,8.9,733500,0,307800
2025,5,Norte,Ambulatorio,Técnicos,193.6,116.2,76.5,0.0,22.1,17.5,860625,0,298350
2025,5,Norte,Apoyo,Administrativos,620.4,124.1,80.8,0.0,25.4,17.9,787800,0,297180
2025,5,Norte,Apoyo,Auxiliares,35.2,7.0,4.7,0.0,1.4,0.9,38775,0,13860
2025,5,Norte,Hospitalización,Auxiliares,316.8,301.0,195.6,0.0,62.8,42.6,1613700,0,621720
2025,5,Norte,Hospitalización,Profesionales,123.2,117.0,77.4,0.0,22.4,17.3,1741500,0,604800
2025,5,Norte,Hospitalización,Técnicos,783.2,744.0,517.2,0.0,126.8,100.1,5818500,0,1711800
2025,5,Norte,Pabellón,Profesionales,396.0,356.4,238.5,0.0,61.6,56.3,5366250,0,1663200
2025,5,Norte,Pabellón,Técnicos,211.2,190.1,129.5,0.0,38.8,21.8,1456875,0,523800
2025,5,Norte,UCI,Auxiliares,70.4,70.4,46.8,0.0,14.2,9.4,386100,0,140580
2025,5,Norte,UCI,Directivos,44.0,44.0,28.4,0.0,8.9,6.7,1278000,0,480600
2025,5,Norte,UCI,Profesionales,17.6,17.6,11.6,0.0,3.5,2.5,261000,0,94500
2025,5,Norte,UCI,Técnicos,52.8,52.8,35.0,0.0,10.9,7.0,393750,0,147150
2025,5,Norte,Urgencia,Auxiliares,44.0,41.8,28.1,0.0,8.2,5.5,231825,0,81180
2025,5,Norte,Urgencia,Profesionales,154.0,146.3,87.6,0.0,33.0,25.7,1971000,0,891000
2025,5,Norte,Urgencia,Técnicos,387.2,367.8,242.6,0.0,72.6,52.6,2729250,0,980100
2025,5,Sur,Ambulatorio,Administrativos,26.4,15.8,10.5,0.0,3.0,2.4,102375,0,35100
2025,5,Sur,Ambulatorio,Técnicos,44.0,26.4,17.4,0.0,5.4,3.7,195750,0,72900
2025,5,Sur,Apoyo,Administrativos,176.0,35.2,22.7,0.0,7.3,5.2,221325,0,85410
2025,5,Sur,Apoyo,Auxiliares,431.2,86.2,56.1,0.0,18.3,11.8,462825,0,181170
2025,5,Sur,Hospitalización,Auxiliares,114.4,108.7,72.6,0.0,22.0,14.0,598950,0,217800
2025,5,Sur,Hospitalización,Profesionales,114.4,108.7,68.7,0.0,22.0,18.0,1545750,0,594000
2025,5,Sur,Hospitalización,Técnicos,651.2,618.6,378.6,0.0,149.6,90.4,4259250,0,2019600
2025,5,Sur,Pabellón,Auxiliares,8.8,7.9,5.1,0.0,1.6,1.2,42075,0,15840
2025,5,Sur,Pabellón,Profesionales,88.0,79.2,53.6,0.0,14.9,10.7,1206000,0,402300
2025,5,Sur,Pabellón,Técnicos,237.6,213.8,142.0,0.0,42.6,29.3,1597500,0,575100
2025,5,Sur,UCI,Auxiliares,70.4,70.4,48.5,0.0,12.7,9.3,400125,0,125730
2025,5,Sur,UCI,Profesionales,206.8,206.8,133.2,0.0,43.5,30.1,2997000,0,1174500
2025,5,Sur,UCI,Técnicos,193.6,193.6,127.8,0.0,35.0,30.8,1437750,0,472500
2025,5,Sur,Urgencia,Profesionales,26.4,25.1,16.1,0.0,5.1,3.9,362250,0,137700
2025,5,Sur,Urgencia,Técnicos,519.2,493.2,330.6,0.0,92.5,70.2,3719250,0,1248750
2025,6,Centro,Ambulatorio,Administrativos,8.8,5.3,3.7,0.0,0.9,0.7,36075,0,10530
2025,6,Centro,Ambulatorio,Profesionales,79.2,47.5,31.4,0.0,10.0,6.1,706500,0,270000
2025,6,Centro,Ambulatorio,Técnicos,378.4,227.0,144.7,0.0,48.5,33.9,1627875,0,654750
2025,6,Centro,Apoyo,Administrativos,510.4,102.1,69.4,0.0,17.5,15.2,676650,0,204750
2025,6,Centro,Apoyo,Auxiliares,52.8,10.6,6.7,0.0,2.3,1.6,55275,0,22770
2025,6,Centro,Hospitalización,Auxiliares,237.6,225.7,150.0,0.0,42.9,32.8,1237500,0,424710
2025,6,Centro,Hospitalización,Profesionales,396.0,376.2,239.9,0.0,78.8,57.5,5397750,0,2127600
2025,6,Centro,Hospitalización,Técnicos,431.2,409.6,296.8,0.0,60.0,52.8,3339000,0,810000
2025,6,Centro,Pabellón,Auxiliares,79.2,71.3,44.5,0.0,15.4,11.3,367125,0,152460
2025,6,Centro,Pabellón,Profesionales,228.8,205.9,130.5,0.0,43.5,31.9,2936250,0,1174500
2025,6,Centro,Pabellón,Técnicos,281.6,253.4,167.7,0.0,48.8,36.9,1886625,0,658800
2025,6,Centro,UCI,Auxiliares,88.0,88.0,56.3,0.0,17.3,14.4,464475,0,171270
2025,6,Centro,UCI,Profesionales,246.4,246.4,158.4,0.0,48.7,39.3,3564000,0,1314900
2025,6,Centro,UCI,Técnicos,404.8,404.8,269.3,0.0,82.9,52.6,3029625,0,1119150
2025,6,Centro,Urgencia,Auxiliares,246.4,234.1,147.9,0.0,50.7,35.5,1220175,0,501930
2025,6,Centro,Urgencia,Profesionales,88.0,83.6,56.0,0.0,16.8,10.8,1260000,0,453600
2025,6,Centro,Urgencia,Técnicos,501.6,476.5,321.6,0.0,93.9,61.0,3618000,0,1267650
2025,6,Norte,Ambulatorio,Administrativos,105.6,63.4,40.5,0.0,12.3,10.6,394875,0,143910
2025,6,Norte,Ambulatorio,Técnicos,114.4,68.6,45.0,0.0,12.8,10.9,506250,0,172800
2025,6,Norte,Apoyo,Administrativos,233.2,46.6,29.6,0.0,9.2,7.8,288600,0,107640
2025,6,Norte,Apoyo,Auxiliares,26.4,5.3,3.5,0.0,1.1,0.7,28875,0,10890
2025,6,Norte,Hospitalización,Auxiliares,281.6,267.5,182.3,0.0,46.4,38.8,1503975,0,459360
2025,6,Norte,Hospitalización,Profesionales,154.0,146.3,93.1,0.0,28.6,24.6,2094750,0,772200
2025,6,Norte,Hospitalización,Técnicos,431.2,409.6,260.2,0.0,76.9,72.6,2927250,0,1038150
2025,6,Norte,Pabellón,Auxiliares,70.4,63.4,41.4,0.0,12.7,9.3,341550,0,125730
2025,6,Norte,Pabellón,Profesionales,369.6,332.6,222.3,0.0,66.6,43.8,5001750,0,1798200
2025,6,Norte,Pabellón,Técnicos,228.8,205.9,127.1,0.0,47.8,30.9,1429875,0,645300
2025,6,Norte,UCI,Profesionales,8.8,8.8,5.4,0.0,1.9,1.5,121500,0,51300
2025,6,Norte,UCI,Técnicos,26.4,26.4,16.8,0.0,5.3,4.3,189000,0,71550
2025,6,Norte,Urgencia,Auxiliares,88.0,83.6,53.4,0.0,16.5,13.7,440550,0,163350
2025,6,Norte,Urgencia,Profesionales,184.8,175.6,110.8,0.0,36.4,28.4,2493000,0,982800
2025,6,Norte,Urgencia,Técnicos,193.6,183.9,119.9,0.0,37.7,26.3,1348875,0,508950
2025,6,Sur,Ambulatorio,Administrativos,132.0,79.2,49.8,0.0,17.9,11.5,485550,0,209430
2025,6,Sur,Ambulatorio,Profesionales,8.8,5.3,3.4,0.0,1.0,0.8,76500,0,27000
2025,6,Sur,Ambulatorio,Técnicos,176.0,105.6,73.7,0.0,17.4,14.5,829125,0,234900
2025,6,Sur,Apoyo,Administrativos,17.6,3.5,2.3,0.0,0.7,0.5,22425,0,8190
2025,6,Sur,Apoyo,Auxiliares,299.2,59.8,41.2,0.0,10.7,7.9,339900,0,105930
2025,6,Sur,Apoyo,Directivos,17.6,3.5,2.3,0.0,0.7,0.5,103500,0,37800
2025,6,Sur,Hospitalización,Auxiliares,334.4,317.7,210.0,0.0,57.7,50.0,1732500,0,571230
2025,6,Sur,Hospitalización,Profesionales,17.6,16.7,11.2,0.0,3.0,2.5,252000,0,81000
2025,6,Sur,Hospitalización,Técnicos,774.4,735.7,463.7,0.0,150.4,121.5,5216625,0,2030400
2025,6,Sur,Pabellón,Profesionales,52.8,47.5,31.2,0.0,9.4,7.0,702000,0,253800
2025,6,Sur,Pabellón,Técnicos,228.8,205.9,139.6,0.0,38.6,27.7,1570500,0,521100
2025,6,Sur,UCI,Auxiliares,193.6,193.6,120.1,0.0,39.2,34.3,990825,0,388080
2025,6,Sur,UCI,Técnicos,369.6,369.6,243.6,0.0,69.3,56.7,2740500,0,935550
2025,6,Sur,Urgencia,Auxiliares,52.8,50.2,33.6,0.0,9.4,7.2,277200,0,93060
2025,6,Sur,Urgencia,Técnicos,382.8,363.7,241.9,0.0,66.3,55.4,2721375,0,895050
2025,7,Centro,Ambulatorio,Administrativos,140.8,84.5,51.2,0.0,18.9,14.4,499200,0,221130
2025,7,Centro,Ambulatorio,Profesionales,114.4,68.6,45.6,0.0,12.9,10.1,1026000,0,348300
2025,7,Centro,Ambulatorio,Técnicos,563.2,337.9,222.4,0.0,67.3,48.2,2502000,0,908550
2025,7,Centro,Apoyo,Administrativos,228.8,45.8,30.6,0.0,9.1,6.1,298350,0,106470
2025,7,Centro,Apoyo,Auxiliares,44.0,8.8,5.5,0.0,1.9,1.3,45375,0,18810
2025,7,Centro,Apoyo,Directivos,17.6,3.5,2.5,0.0,0.6,0.5,112500,0,32400
2025,7,Centro,Hospitalización,Auxiliares,360.8,342.8,222.2,0.0,65.8,54.8,1833150,0,651420
2025,7,Centro,Hospitalización,Directivos,96.8,92.0,57.9,0.0,20.6,13.4,2605500,0,1112400
2025,7,Centro,Hospitalización,Profesionales,149.6,142.1,92.7,0.0,28.3,21.1,2085750,0,764100
2025,7,Centro,Hospitalización,Técnicos,312.4,296.8,177.3,0.0,66.0,53.4,1994625,0,891000
2025,7,Centro,Pabellón,Auxiliares,8.8,7.9,5.1,0.0,1.6,1.2,42075,0,15840
2025,7,Centro,Pabellón,Profesionales,114.4,103.0,68.6,0.0,19.4,15.0,1543500,0,523800
2025,7,Centro,Pabellón,Técnicos,308.0,277.2,179.5,0.0,51.5,46.2,2019375,0,695250
2025,7,Centro,UCI,Auxiliares,26.4,26.4,15.8,0.0,6.0,4.5,130350,0,59400
2025,7,Centro,UCI,Profesionales,88.0,88.0,55.3,0.0,19.1,13.6,1244250,0,515700
2025,7,Centro,UCI,Técnicos,316.8,316.8,194.2,0.0,67.7,54.9,2184750,0,913950
2025,7,Centro,Urgencia,Auxiliares,369.6,351.1,223.3,0.0,70.3,57.5,1842225,0,695970
2025,7,Centro,Urgencia,Profesionales,52.8,50.2,33.2,0.0,10.0,6.9,747000,0,270000
2025,7,Centro,Urgencia,Técnicos,264.0,250.8,167.4,0.0,49.2,34.2,1883250,0,664200
2025,7,Norte,Ambulatorio,Administrativos,8.8,5.3,2.6,1.0,0.9,0.8,25350,7150,10530
2025,7,Norte,Ambulatorio,Profesionales,17.6,10.6,5.3,1.9,1.6,1.7,119250,31350,43200
2025,7,Norte,Ambulatorio,Técnicos,88.0,52.8,26.3,9.0,9.9,7.7,295875,74250,133650
2025,7,Norte,Apoyo,Administrativos,220.0,44.0,23.1,8.4,6.1,6.3,225225,60060,71370
2025,7,Norte,Hospitalización,Auxiliares,334.4,317.7,164.6,61.9,48.3,42.9,1357950,374495,478170
2025,7,Norte,Hospitalización,Profesionales,101.2,96.1,47.4,18.6,15.8,14.4,1066500,306900,426600
2025,7,Norte,Hospitalización,Técnicos,475.2,451.4,237.8,73.9,72.3,67.5,2675250,609675,976050
2025,7,Norte,Pabellón,Auxiliares,105.6,95.0,49.3,16.9,13.9,15.0,406725,102245,137610
2025,7,Norte,Pabellón,Profesionales,308.0,277.2,143.2,56.5,41.2,36.3,3222000,932250,1112400
2025,7,Norte,UCI,Profesionales,52.8,52.8,26.5,10.4,8.7,7.2,596250,171600,234900
2025,7,Norte,UCI,Técnicos,220.0,220.0,107.5,42.0,39.6,30.9,1209375,346500,534600
2025,7,Norte,Urgencia,Profesionales,316.8,301.0,156.8,55.1,43.5,45.5,3528000,909150,1174500
2025,7,Norte,Urgencia,Técnicos,96.8,92.0,48.1,16.6,15.0,12.3,541125,136950,202500
2025,7,Sur,Ambulatorio,Administrativos,52.8,31.7,20.5,0.0,6.6,4.7,199875,0,77220
2025,7,Sur,Ambulatorio,Profesionales,44.0,26.4,17.0,0.0,5.3,4.2,382500,0,143100
2025,7,Sur,Ambulatorio,Técnicos,184.8,110.9,70.2,0.0,22.6,18.1,789750,0,305100
2025,7,Sur,Apoyo,Administrativos,96.8,19.4,11.8,0.0,4.5,3.1,115050,0,52650
2025,7,Sur,Apoyo,Directivos,8.8,1.8,1.2,0.0,0.3,0.2,54000,0,16200
2025,7,Sur,Hospitalización,Auxiliares,114.4,108.7,70.2,0.0,22.4,16.1,579150,0,221760
2025,7,Sur,Hospitalización,Profesionales,105.6,100.3,64.5,0.0,21.5,14.4,1451250,0,580500
2025,7,Sur,Hospitalización,Técnicos,783.2,744.0,485.0,0.0,141.4,117.7,5456250,0,1908900
2025,7,Sur,Pabellón,Auxiliares,30.8,27.7,18.3,0.0,5.6,3.9,150975,0,55440
2025,7,Sur,Pabellón,Técnicos,246.4,221.8,150.1,0.0,37.4,34.2,1688625,0,504900
2025,7,Sur,UCI,Auxiliares,176.0,176.0,113.0,0.0,37.5,25.5,932250,0,371250
2025,7,Sur,UCI,Profesionales,61.6,61.6,39.3,0.0,12.2,10.1,884250,0,329400
2025,7,Sur,UCI,Técnicos,334.4,334.4,203.4,0.0,71.2,59.8,2288250,0,961200
2025,7,Sur,Urgencia,Auxiliares,88.0,83.6,55.4,0.0,15.0,13.2,457050,0,148500
2025,7,Sur,Urgencia,Técnicos,92.4,87.8,53.5,0.0,19.6,14.6,601875,0,264600
2025,8,Centro,Ambulatorio,Administrativos,193.6,116.2,80.0,0.0,19.6,16.6,780000,0,229320
2025,8,Centro,Ambulatorio,Profesionales,184.8,110.9,75.3,0.0,18.0,17.6,1694250,0,486000
2025,8,Centro,Ambulatorio,Técnicos,255.2,153.1,96.9,0.0,34.1,22.2,1090125,0,460350
2025,8,Centro,Apoyo,Administrativos,325.6,65.1,42.0,0.0,14.1,9.1,409500,0,164970
2025,8,Centro,Apoyo,Auxiliares,299.2,59.8,39.2,0.0,11.5,9.2,323400,0,113850
2025,8,Centro,Hospitalización,Auxiliares,88.0,83.6,56.4,0.0,15.6,11.7,465300,0,154440
2025,8,Centro,Hospitalización,Directivos,52.8,50.2,33.6,0.0,10.7,5.8,1512000,0,577800
2025,8,Centro,Hospitalización,Profesionales,123.2,117.0,73.0,0.0,23.5,20.5,1642500,0,634500
2025,8,Centro,Hospitalización,Técnicos,193.6,183.9,125.9,0.0,29.5,28.5,1416375,0,398250
2025,8,Centro,Pabellón,Auxiliares,114.4,103.0,63.7,0.0,22.2,17.1,525525,0,219780
2025,8,Centro,Pabellón,Profesionales,39.6,35.6,25.1,0.0,5.5,5.0,564750,0,148500
2025,8,Centro,Pabellón,Técnicos,356.4,320.8,210.4,0.0,58.6,51.7,2367000,0,791100
2025,8,Centro,UCI,Auxiliares,17.6,17.6,11.7,0.0,3.3,2.5,96525,0,32670
2025,8,Centro,UCI,Profesionales,193.6,193.6,121.3,0.0,42.0,30.3,2729250,0,1134000
2025,8,Centro,UCI,Técnicos,35.2,35.2,23.1,0.0,6.2,5.9,259875,0,83700
2025,8,Centro,Urgencia,Auxiliares,193.6,183.9,122.2,0.0,37.7,23.9,1008150,0,373230
2025,8,Centro,Urgencia,Técnicos,308.0,292.6,186.5,0.0,62.7,43.4,2098125,0,846450
2025,8,Norte,Ambulatorio,Profesionales,70.4,42.2,13.4,18.0,5.9,5.0,301500,297000,159300
2025,8,Norte,Ambulatorio,Técnicos,132.0,79.2,29.3,28.1,11.1,10.7,329625,231825,149850
2025,8,Norte,Apoyo,Administrativos,228.8,45.8,16.0,17.1,6.3,6.3,156000,122265,73710
2025,8,Norte,Hospitalización,Auxiliares,61.6,58.5,18.9,23.0,8.9,7.8,155925,139150,88110
2025,8,Norte,Hospitalización,Profesionales,193.6,183.9,57.4,80.0,21.2,25.3,1291500,1320000,572400
2025,8,Norte,Hospitalización,Técnicos,457.6,434.7,158.6,160.7,50.4,65.1,1784250,1325775,680400
2025,8,Norte,Pabellón,Profesionales,70.4,63.4,20.1,23.6,10.3,9.4,452250,389400,278100
2025,8,Norte,Pabellón,Técnicos,220.0,198.0,68.3,70.9,28.8,29.9,768375,584925,388800
2025,8,Norte,UCI,Profesionales,176.0,176.0,65.1,63.4,24.7,22.8,1464750,1046100,666900
2025,8,Norte,UCI,Técnicos,4.4,4.4,1.5,1.6,0.6,0.7,16875,13200,8100
2025,8,Norte,Urgencia,Auxiliares,79.2,75.2,26.1,28.6,9.9,10.7,215325,173030,98010
2025,8,Norte,Urgencia,Profesionales,404.8,384.6,137.6,149.2,50.4,47.4,3096000,2461800,1360800
2025,8,Norte,Urgencia,Técnicos,61.6,58.5,20.8,22.5,7.0,8.3,234000,185625,94500
2025,8,Sur,Ambulatorio,Técnicos,193.6,116.2,75.5,0.0,23.1,17.6,849375,0,311850
2025,8,Sur,Apoyo,Administrativos,61.6,12.3,8.1,0.0,2.4,1.9,78975,0,28080
2025,8,Sur,Apoyo,Auxiliares,52.8,10.6,7.0,0.0,2.1,1.5,57750,0,20790
2025,8,Sur,Apoyo,Directivos,114.4,22.9,15.6,0.0,3.9,3.4,702000,0,210600
2025,8,Sur,Hospitalización,Técnicos,536.8,510.0,340.6,0.0,93.8,75.5,3831750,0,1266300
2025,8,Sur,Pabellón,Técnicos,123.2,110.9,73.6,0.0,22.6,14.7,828000,0,305100
2025,8,Sur,UCI,Auxiliares,35.2,35.2,22.9,0.0,6.5,5.9,188925,0,64350
2025,8,Sur,UCI,Profesionales,264.0,264.0,172.0,0.0,55.2,36.9,3870000,0,1490400
2025,8,Sur,UCI,Técnicos,52.8,52.8,34.8,0.0,10.0,8.0,391500,0,135000
2025,8,Sur,Urgencia,Auxiliares,184.8,175.6,113.9,0.0,36.0,25.7,939675,0,356400
2025,8,Sur,Urgencia,Profesionales,8.8,8.4,5.6,0.0,1.5,1.2,126000,0,40500
2025,8,Sur,Urgencia,Técnicos,308.0,292.6,185.3,0.0,59.8,47.5,2084625,0,807300
2025,9,Centro,Ambulatorio,Administrativos,105.6,63.4,39.3,0.0,13.9,10.1,383175,0,162630
2025,9,Centro,Ambulatorio,Profesionales,35.2,21.1,13.5,0.0,4.0,3.6,303750,0,108000
2025,9,Centro,Ambulatorio,Técnicos,334.4,200.6,135.2,0.0,36.7,28.7,1521000,0,495450
2025,9,Centro,Apoyo,Administrativos,290.4,58.1,38.4,0.0,10.6,9.1,374400,0,124020
2025,9,Centro,Apoyo,Auxiliares,149.6,29.9,19.7,0.0,5.6,4.6,162525,0,55440
2025,9,Centro,Apoyo,Directivos,26.4,5.3,3.5,0.0,1.0,0.7,157500,0,54000
2025,9,Centro,Hospitalización,Auxiliares,26.4,25.1,15.1,0.0,6.1,3.8,124575,0,60390
2025,9,Centro,Hospitalización,Directivos,26.4,25.1,16.4,0.0,4.9,3.7,738000,0,264600
2025,9,Centro,Hospitalización,Profesionales,61.6,58.5,37.1,0.0,12.2,9.3,834750,0,329400
2025,9,Centro,Hospitalización,Técnicos,70.4,66.9,45.1,0.0,12.8,9.0,507375,0,172800
2025,9,Centro,Pabellón,Auxiliares,299.2,269.3,175.4,0.0,51.7,42.2,1447050,0,511830
2025,9,Centro,Pabellón,Profesionales,193.6,174.2,113.4,0.0,35.1,25.8,2551500,0,947700
2025,9,Centro,Pabellón,Técnicos,52.8,47.5,29.3,0.0,10.2,8.0,329625,0,137700
2025,9,Centro,UCI,Auxiliares,52.8,52.8,36.6,0.0,9.7,6.5,301950,0,96030
2025,9,Centro,UCI,Profesionales,149.6,149.6,104.0,0.0,25.4,20.2,2340000,0,685800
2025,9,Centro,UCI,Técnicos,308.0,308.0,199.3,0.0,64.1,44.6,2242125,0,865350
2025,9,Centro,Urgencia,Auxiliares,220.0,209.0,138.9,0.0,39.1,30.9,1145925,0,387090
2025,9,Centro,Urgencia,Técnicos,308.0,292.6,183.7,0.0,58.1,50.8,2066625,0,784350
2025,9,Norte,Ambulatorio,Administrativos,35.2,21.1,4.2,11.9,2.2,2.8,40950,85085,25740
2025,9,Norte,Ambulatorio,Profesionales,35.2,21.1,4.5,12.2,1.9,2.5,101250,201300,51300
2025,9,Norte,Ambulatorio,Técnicos,299.2,179.5,28.8,114.7,14.8,21.2,324000,946275,199800
2025,9,Norte,Apoyo,Administrativos,422.4,84.5,17.3,47.9,8.1,11.1,168675,342485,94770
2025,9,Norte,Hospitalización,Auxiliares,35.2,33.4,6.8,19.1,3.6,3.9,56100,115555,35640
2025,9,Norte,Hospitalización,Profesionales,299.2,284.2,54.9,163.0,27.5,38.9,1235250,2689500,742500
2025,9,Norte,Hospitalización,Técnicos,422.4,401.3,86.1,229.8,42.7,42.6,968625,1895850,576450
2025,9,Norte,Pabellón,Auxiliares,44.0,39.6,7.0,22.3,4.6,5.8,57750,134915,45540
2025,9,Norte,Pabellón,Profesionales,44.0,39.6,7.9,22.6,3.6,5.6,177750,372900,97200
2025,9,Norte,Pabellón,Técnicos,228.8,205.9,39.6,117.5,21.5,27.3,445500,969375,290250
2025,9,Norte,UCI,Profesionales,79.2,79.2,14.3,46.8,6.5,11.5,321750,772200,175500
2025,9,Norte,UCI,Técnicos,184.8,184.8,35.5,101.9,17.8,29.6,399375,840675,240300
2025,9,Norte,Urgencia,Auxiliares,17.6,16.7,3.8,8.9,1.6,2.4,31350,53845,15840
2025,9,Norte,Urgencia,Profesionales,149.6,142.1,35.1,74.8,15.3,16.9,789750,1234200,413100
2025,9,Norte,Urgencia,Técnicos,501.6,476.5,108.7,263.6,42.8,61.4,1222875,2174700,577800
2025,9,Sur,Ambulatorio,Técnicos,26.4,15.8,10.5,0.0,3.0,2.3,118125,0,40500
2025,9,Sur,Apoyo,Auxiliares,132.0,26.4,16.5,0.0,5.8,4.1,136125,0,57420
2025,9,Sur,Hospitalización,Técnicos,237.6,225.7,153.4,0.0,42.5,29.8,1725750,0,573750
2025,9,Sur,Pabellón,Profesionales,114.4,103.0,70.0,0.0,18.5,14.4,1575000,0,499500
2025,9,Sur,Pabellón,Técnicos,61.6,55.4,33.8,0.0,12.5,9.2,380250,0,168750
2025,9,Sur,UCI,Auxiliares,17.6,17.6,11.3,0.0,3.5,2.7,93225,0,34650
2025,9,Sur,UCI,Profesionales,26.4,26.4,17.6,0.0,4.9,3.9,396000,0,132300
2025,9,Sur,UCI,Técnicos,35.2,35.2,23.7,0.0,6.3,5.2,266625,0,85050
2025,9,Sur,Urgencia,Auxiliares,193.6,183.9,121.0,0.0,36.2,26.7,998250,0,358380
2025,9,Sur,Urgencia,Técnicos,237.6,225.7,146.9,0.0,45.0,33.9,1652625,0,607500
2025,10,Centro,Ambulatorio,Administrativos,299.2,179.5,115.5,0.0,36.9,27.1,1126125,0,431730
2025,10,Centro,Ambulatorio,Técnicos,272.8,163.7,104.9,0.0,32.1,26.6,1180125,0,433350
2025,10,Centro,Apoyo,Administrativos,281.6,56.3,37.6,0.0,10.6,8.1,366600,0,124020
2025,10,Centro,Apoyo,Auxiliares,88.0,17.6,12.4,0.0,2.9,2.3,102300,0,28710
2025,10,Centro,Hospitalización,Auxiliares,61.6,58.5,36.7,0.0,12.8,9.0,302775,0,126720
2025,10,Centro,Hospitalización,Directivos,35.2,33.4,21.1,0.0,7.1,5.2,949500,0,383400
2025,10,Centro,Hospitalización,Profesionales,281.6,267.5,175.7,0.0,55.3,36.5,3953250,0,1493100
2025,10,Centro,Hospitalización,Técnicos,422.4,401.3,268.0,0.0,72.2,61.1,3015000,0,974700
2025,10,Centro,Pabellón,Auxiliares,96.8,87.1,57.6,0.0,15.9,13.7,475200,0,157410
2025,10,Centro,Pabellón,Profesionales,431.2,388.1,245.0,0.0,81.4,61.7,5512500,0,2197800
2025,10,Centro,Pabellón,Técnicos,8.8,7.9,5.2,0.0,1.6,1.1,58500,0,21600
2025,10,Centro,UCI,Auxiliares,26.4,26.4,16.8,0.0,5.3,4.4,138600,0,52470
2025,10,Centro,UCI,Profesionales,70.4,70.4,45.5,0.0,14.7,10.2,1023750,0,396900
2025,10,Centro,UCI,Técnicos,422.4,422.4,284.8,0.0,74.1,63.4,3204000,0,1000350
2025,10,Centro,Urgencia,Auxiliares,255.2,242.4,158.3,0.0,44.0,40.1,1305975,0,435600
2025,10,Centro,Urgencia,Profesionales,79.2,75.2,51.2,0.0,13.3,10.8,1152000,0,359100
2025,10,Centro,Urgencia,Técnicos,220.0,209.0,135.1,0.0,40.6,33.3,1519875,0,548100
2025,10,Norte,Ambulatorio,Administrativos,136.4,81.8,16.0,47.0,8.8,10.1,156000,336050,102960
2025,10,Norte,Ambulatorio,Profesionales,8.8,5.3,1.0,3.1,0.6,0.7,22500,51150,16200
2025,10,Norte,Ambulatorio,Técnicos,255.2,153.1,32.6,85.5,15.0,20.0,366750,705375,202500
2025,10,Norte,Apoyo,Administrativos,528.0,105.6,21.6,59.1,10.2,14.7,210600,422565,119340
2025,10,Norte,Hospitalización,Auxiliares,123.2,117.0,20.9,69.7,12.1,14.4,172425,421685,119790
2025,10,Norte,Hospitalización,Profesionales,96.8,92.0,17.3,52.7,8.9,13.1,389250,869550,240300
2025,10,Norte,Hospitalización,Técnicos,704.0,668.8,151.8,359.4,64.0,93.5,1707750,2965050,864000
2025,10,Norte,Pabellón,Auxiliares,202.4,182.2,39.5,96.1,18.0,28.6,325875,581405,178200
2025,10,Norte,Pabellón,Profesionales,26.4,23.8,4.8,13.6,2.4,3.0,108000,224400,64800
2025,10,Norte,Pabellón,Técnicos,193.6,174.2,35.0,101.2,18.5,19.6,393750,834900,249750
2025,10,Norte,UCI,Profesionales,158.4,158.4,27.8,95.3,15.8,19.5,625500,1572450,426600
2025,10,Norte,UCI,Técnicos,96.8,96.8,19.1,57.7,9.4,10.7,214875,476025,126900
2025,10,Norte,Urgencia,Auxiliares,8.8,8.4,1.7,4.6,0.9,1.2,14025,27830,8910
2025,10,Norte,Urgencia,Profesionales,123.2,117.0,23.5,66.2,11.9,15.5,528750,1092300,321300
2025,10,Norte,Urgencia,Técnicos,396.0,376.2,83.0,195.9,45.1,52.2,933750,1616175,608850
2025,10,Sur,Ambulatorio,Técnicos,132.0,79.2,50.8,0.0,16.4,12.1,571500,0,221400
2025,10,Sur,Apoyo,Administrativos,123.2,24.6,15.6,0.0,5.3,3.8,152100,0,62010
2025,10,Sur,Hospitalización,Profesionales,281.6,267.5,176.7,0.0,51.6,39.3,3975750,0,1393200
2025,10,Sur,Hospitalización,Técnicos,237.6,225.7,145.4,0.0,44.8,35.6,1635750,0,604800
2025,10,Sur,Pabellón,Auxiliares,61.6,55.4,36.0,0.0,11.1,8.4,297000,0,109890
2025,10,Sur,Pabellón,Técnicos,35.2,31.7,21.9,0.0,5.5,4.3,246375,0,74250
2025,10,Sur,UCI,Auxiliares,228.8,228.8,146.1,0.0,49.0,33.8,1205325,0,485100
2025,10,Sur,UCI,Técnicos,167.2,167.2,104.1,0.0,38.4,24.7,1171125,0,518400
2025,10,Sur,Urgencia,Auxiliares,35.2,33.4,21.6,0.0,6.3,5.5,178200,0,62370
2025,10,Sur,Urgencia,Profesionales,17.6,16.7,10.9,0.0,3.4,2.4,245250,0,91800
2025,10,Sur,Urgencia,Técnicos,308.0,292.6,186.5,0.0,62.7,43.4,2098125,0,846450
2025,11,Centro,Ambulatorio,Administrativos,237.6,142.6,90.5,0.0,30.7,21.3,882375,0,359190
2025,11,Centro,Ambulatorio,Profesionales,96.8,58.1,36.2,0.0,12.4,9.5,814500,0,334800
2025,11,Centro,Ambulatorio,Técnicos,290.4,174.2,108.5,0.0,39.1,26.6,1220625,0,527850
2025,11,Centro,Apoyo,Administrativos,431.2,86.2,55.7,0.0,17.9,12.6,543075,0,209430
2025,11,Centro,Apoyo,Auxiliares,140.8,28.2,18.4,0.0,5.6,4.1,151800,0,55440
2025,11,Centro,Hospitalización,Auxiliares,39.6,37.6,22.8,0.0,8.6,6.2,188100,0,85140
2025,11,Centro,Hospitalización,Directivos,44.0,41.8,26.5,0.0,9.5,5.8,1192500,0,513000
2025,11,Centro,Hospitalización,Profesionales,149.6,142.1,86.9,0.0,29.3,25.9,1955250,0,791100
2025,11,Centro,Hospitalización,Técnicos,479.6,455.6,281.8,0.0,99.2,74.6,3170250,0,1339200
2025,11,Centro,Pabellón,Auxiliares,79.2,71.3,43.4,0.0,16.1,11.8,358050,0,159390
2025,11,Centro,Pabellón,Profesionales,360.8,324.7,211.0,0.0,61.2,52.6,4747500,0,1652400
2025,11,Centro,Pabellón,Técnicos,17.6,15.8,10.2,0.0,3.3,2.4,114750,0,44550
2025,11,Centro,UCI,Auxiliares,44.0,44.0,29.0,0.0,9.2,5.8,239250,0,91080
2025,11,Centro,UCI,Profesionales,35.2,35.2,23.8,0.0,6.4,5.0,535500,0,172800
2025,11,Centro,UCI,Técnicos,343.2,343.2,220.1,0.0,73.4,49.7,2476125,0,990900
2025,11,Centro,Urgencia,Auxiliares,105.6,100.3,67.8,0.0,17.0,15.5,559350,0,168300
2025,11,Centro,Urgencia,Profesionales,136.4,129.6,87.8,0.0,23.7,18.1,1975500,0,639900
2025,11,Centro,Urgencia,Técnicos,140.8,133.8,83.7,0.0,27.3,22.7,941625,0,368550
2025,11,Norte,Ambulatorio,Administrativos,193.6,116.2,26.6,62.8,11.1,15.7,259350,449020,129870
2025,11,Norte,Ambulatorio,Técnicos,228.8,137.3,25.3,80.6,13.9,17.5,284625,664950,187650
2025,11,Norte,Apoyo,Administrativos,92.4,18.5,4.3,9.9,1.7,2.5,41925,70785,19890
2025,11,Norte,Apoyo,Auxiliares,26.4,5.3,1.0,3.1,0.5,0.7,8250,18755,4950
2025,11,Norte,Hospitalización,Auxiliares,123.2,117.0,25.3,65.4,10.9,15.5,208725,395670,107910
2025,11,Norte,Hospitalización,Profesionales,26.4,25.1,5.4,14.3,2.2,3.3,121500,235950,59400
2025,11,Norte,Hospitalización,Técnicos,202.4,192.3,32.6,114.4,22.5,22.7,366750,943800,303750
2025,11,Norte,Pabellón,Auxiliares,26.4,23.8,5.0,14.4,2.0,2.4,41250,87120,19800
2025,11,Norte,Pabellón,Profesionales,88.0,79.2,15.2,45.9,7.7,10.4,342000,757350,207900
2025,11,Norte,Pabellón,Técnicos,26.4,23.8,5.2,12.5,2.5,3.6,58500,103125,33750
2025,11,Norte,UCI,Profesionales,176.0,176.0,38.9,98.6,16.0,22.5,875250,1626900,432000
2025,11,Norte,UCI,Técnicos,88.0,88.0,16.4,48.7,9.3,13.6,184500,401775,125550
2025,11,Norte,Urgencia,Profesionales,26.4,25.1,5.5,13.9,2.6,3.0,123750,229350,70200
2025,11,Norte,Urgencia,Técnicos,272.8,259.2,52.9,145.3,27.6,33.3,595125,1198725,372600
2025,11,Sur,Ambulatorio,Técnicos,105.6,63.4,41.3,0.0,12.8,9.2,464625,0,172800
2025,11,Sur,Apoyo,Administrativos,220.0,44.0,26.8,0.0,9.5,7.7,261300,0,111150
2025,11,Sur,Apoyo,Auxiliares,79.2,15.8,10.2,0.0,2.8,2.8,84150,0,27720
2025,11,Sur,Apoyo,Directivos,17.6,3.5,2.2,0.0,0.8,0.5,99000,0,43200
2025,11,Sur,Hospitalización,Auxiliares,17.6,16.7,11.2,0.0,3.0,2.6,92400,0,29700
2025,11,Sur,Hospitalización,Profesionales,176.0,167.2,111.5,0.0,32.0,23.7,2508750,0,864000
2025,11,Sur,Hospitalización,Técnicos,695.2,660.4,414.7,0.0,149.1,96.7,4665375,0,2012850
2025,11,Sur,Pabellón,Auxiliares,154.0,138.6,91.5,0.0,26.1,21.0,754875,0,258390
2025,11,Sur,Pabellón,Profesionales,8.8,7.9,5.0,0.0,1.6,1.3,112500,0,43200
2025,11,Sur,Pabellón,Técnicos,114.4,103.0,68.3,0.0,20.4,14.3,768375,0,275400
2025,11,Sur,UCI,Auxiliares,352.0,352.0,237.3,0.0,68.0,46.7,1957725,0,673200
2025,11,Sur,UCI,Técnicos,211.2,211.2,137.3,0.0,39.3,34.6,1544625,0,530550
2025,11,Sur,Urgencia,Auxiliares,52.8,50.2,32.6,0.0,9.9,7.7,268950,0,98010
2025,11,Sur,Urgencia,Técnicos,176.0,167.2,113.1,0.0,31.6,22.5,1272375,0,426600
2025,12,Centro,Ambulatorio,Administrativos,44.0,26.4,17.2,0.0,5.5,3.7,167700,0,64350
2025,12,Centro,Ambulatorio,Profesionales,35.2,21.1,14.4,0.0,3.8,2.9,324000,0,102600
2025,12,Centro,Ambulatorio,Técnicos,140.8,84.5,57.9,0.0,14.1,12.4,651375,0,190350
2025,12,Centro,Apoyo,Administrativos,220.0,44.0,28.4,0.0,8.6,7.0,276900,0,100620
2025,12,Centro,Apoyo,Auxiliares,35.2,7.0,4.2,0.0,1.6,1.2,34650,0,15840
2025,12,Centro,Hospitalización,Auxiliares,26.4,25.1,17.0,0.0,4.3,3.8,140250,0,42570
2025,12,Centro,Hospitalización,Profesionales,70.4,66.9,46.3,0.0,11.0,9.6,1041750,0,297000
2025,12,Centro,Hospitalización,Técnicos,554.4,526.7,341.5,0.0,94.0,91.1,3841875,0,1269000
2025,12,Centro,Pabellón,Auxiliares,272.8,245.5,151.7,0.0,56.0,37.8,1251525,0,554400
2025,12,Centro,Pabellón,Profesionales,475.2,427.7,292.9,0.0,72.5,62.2,6590250,0,1957500
2025,12,Centro,Pabellón,Técnicos,17.6,15.8,10.2,0.0,3.3,2.4,114750,0,44550
2025,12,Centro,UCI,Auxiliares,79.2,79.2,51.3,0.0,16.6,11.3,423225,0,164340
2025,12,Centro,UCI,Profesionales,140.8,140.8,89.5,0.0,31.9,19.4,2013750,0,861300
2025,12,Centro,UCI,Técnicos,492.8,492.8,314.8,0.0,105.0,73.0,3541500,0,1417500
2025,12,Centro,Urgencia,Auxiliares,158.4,150.5,97.0,0.0,29.0,24.5,800250,0,287100
2025,12,Centro,Urgencia,Profesionales,52.8,50.2,30.3,0.0,11.3,8.6,681750,0,305100
2025,12,Centro,Urgencia,Técnicos,140.8,133.8,85.5,0.0,25.9,22.3,961875,0,349650
2025,12,Norte,Ambulatorio,Administrativos,70.4,42.2,8.5,24.6,3.8,5.3,82875,175890,44460
2025,12,Norte,Ambulatorio,Técnicos,35.2,21.1,4.4,11.9,2.0,2.7,49500,98175,27000
2025,12,Norte,Apoyo,Administrativos,431.2,86.2,15.7,51.8,7.6,11.1,153075,370370,88920
2025,12,Norte,Hospitalización,Auxiliares,70.4,66.9,13.0,38.5,6.6,8.8,107250,232925,65340
2025,12,Norte,Hospitalización,Profesionales,92.4,87.8,16.8,52.1,7.9,10.9,378000,859650,213300
2025,12,Norte,Hospitalización,Técnicos,545.6,518.3,98.6,301.8,60.2,57.7,1109250,2489850,812700
2025,12,Norte,Pabellón,Auxiliares,26.4,23.8,4.3,13.7,2.8,3.0,35475,82885,27720
2025,12,Norte,Pabellón,Profesionales,281.6,253.4,54.3,135.7,25.4,38.0,1221750,2239050,685800
2025,12,Norte,Pabellón,Técnicos,114.4,103.0,21.3,52.7,12.0,17.0,239625,434775,162000
2025,12,Norte,UCI,Profesionales,114.4,114.4,23.6,63.7,11.0,16.1,531000,1051050,297000
2025,12,Norte,UCI,Técnicos,378.4,378.4,71.7,224.1,29.8,52.9,806625,1848825,402300
2025,12,Norte,Urgencia,Profesionales,132.0,125.4,26.9,67.0,13.1,18.3,605250,1105500,353700
2025,12,Norte,Urgencia,Técnicos,308.0,292.6,58.7,170.9,25.6,37.3,660375,1409925,345600
2025,12,Sur,Ambulatorio,Técnicos,96.8,58.1,37.2,0.0,12.4,8.5,418500,0,167400
2025,12,Sur,Apoyo,Administrativos,501.6,100.3,67.8,0.0,18.1,14.4,661050,0,211770
2025,12,Sur,Hospitalización,Auxiliares,176.0,167.2,102.1,0.0,39.2,25.9,842325,0,388080
2025,12,Sur,Hospitalización,Profesionales,325.6,309.3,204.5,0.0,60.2,44.6,4601250,0,1625400
2025,12,Sur,Hospitalización,Técnicos,378.4,359.5,234.0,0.0,67.9,57.6,2632500,0,916650
2025,12,Sur,Pabellón,Auxiliares,22.0,19.8,13.6,0.0,3.7,2.5,112200,0,36630
2025,12,Sur,Pabellón,Técnicos,325.6,293.0,188.6,0.0,51.9,52.5,2121750,0,700650
2025,12,Sur,UCI,Auxiliares,264.0,264.0,176.9,0.0,50.6,36.5,1459425,0,500940
2025,12,Sur,UCI,Profesionales,13.2,13.2,7.9,0.0,3.2,2.1,177750,0,86400
2025,12,Sur,UCI,Técnicos,184.8,184.8,122.0,0.0,35.0,27.8,1372500,0,472500
2025,12,Sur,Urgencia,Auxiliares,44.0,41.8,29.4,0.0,6.5,6.0,242550,0,64350
2025,12,Sur,Urgencia,Profesionales,8.8,8.4,5.6,0.0,1.5,1.2,126000,0,40500
2025,12,Sur,Urgencia,Técnicos,220.0,209.0,139.9,0.0,38.6,30.5,1573875,0,521100
2026,1,Centro,Ambulatorio,Administrativos,35.2,21.1,14.1,0.0,4.0,3.1,137475,0,46800
2026,1,Centro,Ambulatorio,Técnicos,167.2,100.3,61.3,0.0,21.6,17.4,689625,0,291600
2026,1,Centro,Apoyo,Administrativos,290.4,58.1,40.3,0.0,9.3,8.5,392925,0,108810
2026,1,Centro,Apoyo,Auxiliares,8.8,1.8,1.1,0.0,0.4,0.2,9075,0,3960
2026,1,Centro,Hospitalización,Auxiliares,101.2,96.1,57.8,0.0,22.3,16.0,476850,0,220770
2026,1,Centro,Hospitalización,Profesionales,237.6,225.7,148.3,0.0,44.4,33.0,3336750,0,1198800
2026,1,Centro,Hospitalización,Técnicos,382.8,363.7,238.3,0.0,73.2,52.1,2680875,0,988200
2026,1,Centro,Pabellón,Auxiliares,167.2,150.5,96.5,0.0,31.3,22.7,796125,0,309870
2026,1,Centro,Pabellón,Profesionales,294.8,265.3,176.1,0.0,50.0,39.3,3962250,0,1350000
2026,1,Centro,Pabellón,Técnicos,61.6,55.4,33.9,0.0,13.2,8.4,381375,0,178200
2026,1,Centro,UCI,Auxiliares,52.8,52.8,34.7,0.0,10.0,8.0,286275,0,99000
2026,1,Centro,UCI,Profesionales,44.0,44.0,28.0,0.0,9.2,6.8,630000,0,248400
2026,1,Centro,UCI,Técnicos,563.2,563.2,374.0,0.0,102.2,87.0,4207500,0,1379700
2026,1,Centro,Urgencia,Auxiliares,35.2,33.4,22.1,0.0,6.5,4.8,182325,0,64350
2026,1,Centro,Urgencia,Profesionales,44.0,41.8,26.8,0.0,8.8,6.2,603000,0,237600
2026,1,Centro,Urgencia,Técnicos,101.2,96.1,61.5,0.0,19.7,15.0,691875,0,265950
2026,1,Norte,Ambulatorio,Administrativos,66.0,39.6,7.8,21.8,4.2,5.7,76050,155870,49140
2026,1,Norte,Ambulatorio,Profesionales,52.8,31.7,5.9,18.0,3.4,4.4,132750,297000,91800
2026,1,Norte,Ambulatorio,Técnicos,26.4,15.8,3.1,9.1,1.6,2.1,34875,75075,21600
2026,1,Norte,Apoyo,Administrativos,545.6,109.1,21.8,62.6,10.5,14.2,212550,447590,122850
2026,1,Norte,Hospitalización,Auxiliares,272.8,259.2,55.7,141.3,25.6,36.5,459525,854865,253440
2026,1,Norte,Hospitalización,Profesionales,158.4,150.5,30.3,85.7,15.7,18.7,681750,1414050,423900
2026,1,Norte,Hospitalización,Técnicos,836.0,794.2,156.9,470.4,83.7,83.1,1765125,3880800,1129950
2026,1,Norte,Pabellón,Profesionales,70.4,63.4,12.9,34.7,7.3,8.5,290250,572550,197100
2026,1,Norte,Pabellón,Técnicos,343.2,308.9,63.9,174.4,32.8,37.7,718875,1438800,442800
2026,1,Norte,UCI,Profesionales,88.0,88.0,19.0,48.3,8.8,11.9,427500,796950,237600
2026,1,Norte,UCI,Técnicos,184.8,184.8,30.6,107.2,21.8,25.1,344250,884400,294300
2026,1,Norte,Urgencia,Auxiliares,8.8,8.4,1.4,5.1,0.8,1.0,11550,30855,7920
2026,1,Norte,Urgencia,Profesionales,35.2,33.4,7.0,18.6,3.4,4.4,157500,306900,91800
2026,1,Norte,Urgencia,Técnicos,264.0,250.8,49.4,138.6,27.2,35.6,555750,1143450,367200
2026,1,Sur,Ambulatorio,Técnicos,140.8,84.5,54.3,0.0,16.1,14.1,610875,0,217350
2026,1,Sur,Apoyo,Administrativos,237.6,47.5,32.3,0.0,8.5,6.7,314925,0,99450
2026,1,Sur,Hospitalización,Auxiliares,167.2,158.8,105.5,0.0,30.0,23.3,870375,0,297000
2026,1,Sur,Hospitalización,Profesionales,193.6,183.9,120.0,0.0,37.5,26.4,2700000,0,1012500
2026,1,Sur,Hospitalización,Técnicos,501.6,476.5,297.0,0.0,109.1,70.5,3341250,0,1472850
2026,1,Sur,Pabellón,Auxiliares,17.6,15.8,9.8,0.0,3.3,2.7,80850,0,32670
2026,1,Sur,Pabellón,Profesionales,79.2,71.3,46.3,0.0,13.7,11.3,1041750,0,369900
2026,1,Sur,Pabellón,Técnicos,387.2,348.5,224.1,0.0,66.5,57.8,2521125,0,897750
2026,1,Sur,UCI,Auxiliares,52.8,52.8,34.5,0.0,10.6,7.6,284625,0,104940
2026,1,Sur,UCI,Profesionales,26.4,26.4,17.7,0.0,4.9,3.8,398250,0,132300
2026,1,Sur,UCI,Técnicos,123.2,123.2,78.3,0.0,27.0,17.8,880875,0,364500
2026,1,Sur,Urgencia,Técnicos,360.8,342.8,225.6,0.0,63.9,53.3,2538000,0,862650
2026,2,Centro,Ambulatorio,Administrativos,26.4,15.8,10.2,0.0,3.6,2.0,99450,0,42120
2026,2,Centro,Ambulatorio,Profesionales,88.0,52.8,34.4,0.0,10.9,7.5,774000,0,294300
2026,2,Centro,Ambulatorio,Técnicos,35.2,21.1,14.1,0.0,3.9,3.1,158625,0,52650
2026,2,Centro,Apoyo,Administrativos,334.4,66.9,42.4,0.0,13.3,11.2,413400,0,155610
2026,2,Centro,Apoyo,Auxiliares,17.6,3.5,2.2,0.0,0.8,0.5,18150,0,7920
2026,2,Centro,Hospitalización,Auxiliares,299.2,284.2,172.0,0.0,67.8,44.4,1419000,0,671220
2026,2,Centro,Hospitalización,Profesionales,44.0,41.8,25.9,0.0,9.1,6.9,582750,0,245700
2026,2,Centro,Hospitalización,Técnicos,365.2,346.9,227.0,0.0,69.6,50.4,2553750,0,939600
2026,2,Centro,Pabellón,Profesionales,127.6,114.8,77.3,0.0,21.0,16.5,1739250,0,567000
2026,2,Centro,Pabellón,Técnicos,70.4,63.4,38.5,0.0,14.4,10.5,433125,0,194400
2026,2,Centro,UCI,Directivos,8.8,8.8,6.0,0.0,1.4,1.4,270000,0,75600
2026,2,Centro,UCI,Profesionales,35.2,35.2,22.6,0.0,7.9,4.7,508500,0,213300
2026,2,Centro,UCI,Técnicos,360.8,360.8,235.1,0.0,70.7,55.0,2644875,0,954450
2026,2,Centro,Urgencia,Auxiliares,96.8,92.0,60.2,0.0,18.9,12.9,496650,0,187110
2026,2,Centro,Urgencia,Profesionales,17.6,16.7,10.8,0.0,3.1,2.8,243000,0,83700
2026,2,Centro,Urgencia,Técnicos,484.0,459.8,295.8,0.0,94.1,69.9,3327750,0,1270350
2026,2,Norte,Ambulatorio,Administrativos,123.2,73.9,12.7,43.6,7.9,9.7,123825,311740,92430
2026,2,Norte,Ambulatorio,Profesionales,79.2,47.5,9.2,26.3,5.2,6.9,207000,433950,140400
2026,2,Norte,Ambulatorio,Técnicos,158.4,95.0,20.5,52.1,10.7,11.7,230625,429825,144450
2026,2,Norte,Apoyo,Administrativos,167.2,33.4,7.0,19.3,3.3,3.8,68250,137995,38610
2026,2,Norte,Apoyo,Auxiliares,8.8,1.8,0.4,1.0,0.2,0.2,3300,6050,1980
2026,2,Norte,Hospitalización,Auxiliares,316.8,301.0,54.2,180.1,29.5,37.1,447150,1089605,292050
2026,2,Norte,Hospitalización,Profesionales,35.2,33.4,6.4,19.9,3.1,4.1,144000,328350,83700
2026,2,Norte,Hospitalización,Técnicos,545.6,518.3,110.2,296.9,50.2,61.1,1239750,2449425,677700
2026,2,Norte,Pabellón,Profesionales,17.6,15.8,2.8,9.8,1.4,1.9,63000,161700,37800
2026,2,Norte,Pabellón,Técnicos,70.4,63.4,12.0,36.5,6.5,8.4,135000,301125,87750
2026,2,Norte,UCI,Directivos,44.0,44.0,8.9,24.6,4.3,6.1,400500,811800,232200
2026,2,Norte,UCI,Profesionales,26.4,26.4,5.0,15.1,3.2,3.1,112500,249150,86400
2026,2,Norte,UCI,Técnicos,96.8,96.8,18.5,53.3,12.1,12.9,208125,439725,163350
2026,2,Norte,Urgencia,Auxiliares,8.8,8.4,1.8,4.4,0.9,1.3,14850,26620,8910
2026,2,Norte,Urgencia,Técnicos,44.0,41.8,8.7,23.3,4.2,5.6,97875,192225,56700
2026,2,Sur,Apoyo,Administrativos,158.4,31.7,21.3,0.0,5.9,4.5,207675,0,69030
2026,2,Sur,Hospitalización,Profesionales,176.0,167.2,102.4,0.0,38.0,26.8,2304000,0,1026000
2026,2,Sur,Hospitalización,Técnicos,352.0,334.4,207.5,0.0,69.9,57.0,2334375,0,943650
2026,2,Sur,Pabellón,Técnicos,264.0,237.6,140.6,0.0,63.6,33.4,1581750,0,858600
2026,2,Sur,UCI,Auxiliares,35.2,35.2,22.5,0.0,7.3,5.4,185625,0,72270
2026,2,Sur,UCI,Técnicos,79.2,79.2,50.1,0.0,16.0,13.1,563625,0,216000
2026,2,Sur,Urgencia,Técnicos,88.0,83.6,55.3,0.0,15.2,13.1,622125,0,205200
2026,3,Centro,Ambulatorio,Administrativos,79.2,47.5,30.3,0.0,9.5,7.8,295425,0,111150
2026,3,Centro,Ambulatorio,Profesionales,228.8,137.3,90.3,0.0,24.0,22.9,2031750,0,648000
2026,3,Centro,Ambulatorio,Técnicos,61.6,37.0,25.2,0.0,6.4,5.4,283500,0,86400
2026,3,Centro,Apoyo,Administrativos,444.4,88.9,59.5,0.0,16.9,12.5,580125,0,197730
2026,3,Centro,Apoyo,Auxiliares,44.0,8.8,5.6,0.0,1.8,1.4,46200,0,17820
2026,3,Centro,Hospitalización,Auxiliares,220.0,209.0,132.4,0.0,42.8,33.8,1092300,0,423720
2026,3,Centro,Hospitalización,Profesionales,387.2,367.8,234.6,0.0,74.9,58.3,5278500,0,2022300
2026,3,Centro,Hospitalización,Técnicos,457.6,434.7,292.0,0.0,79.9,62.8,3285000,0,1078650
2026,3,Centro,Pabellón,Auxiliares,132.0,118.8,79.1,0.0,22.3,17.4,652575,0,220770
2026,3,Centro,Pabellón,Profesionales,193.6,174.2,109.2,0.0,39.6,25.5,2457000,0,1069200
2026,3,Centro,Pabellón,Técnicos,26.4,23.8,15.0,0.0,5.2,3.6,168750,0,70200
2026,3,Centro,UCI,Auxiliares,52.8,52.8,35.4,0.0,10.5,7.0,292050,0,103950
2026,3,Centro,UCI,Profesionales,17.6,17.6,12.0,0.0,3.3,2.3,270000,0,89100
2026,3,Centro,UCI,Técnicos,316.8,316.8,210.6,0.0,59.4,46.8,2369250,0,801900
2026,3,Centro,Urgencia,Auxiliares,70.4,66.9,40.8,0.0,16.1,10.1,336600,0,159390
2026,3,Centro,Urgencia,Profesionales,44.0,41.8,25.9,0.0,9.2,6.7,582750,0,248400
2026,3,Centro,Urgencia,Técnicos,352.0,334.4,223.6,0.0,64.0,46.8,2515500,0,864000
2026,3,Norte,Ambulatorio,Administrativos,193.6,116.2,21.0,67.6,12.3,15.3,204750,483340,143910
2026,3,Norte,Ambulatorio,Técnicos,193.6,116.2,22.4,69.4,10.4,13.9,252000,572550,140400
2026,3,Norte,Apoyo,Administrativos,110.0,22.0,4.6,12.3,2.1,3.0,44850,87945,24570
2026,3,Norte,Apoyo,Auxiliares,44.0,8.8,1.7,5.2,0.9,1.1,14025,31460,8910
2026,3,Norte,Hospitalización,Auxiliares,105.6,100.3,18.5,59.3,10.0,12.6,152625,358765,99000
2026,3,Norte,Hospitalización,Profesionales,13.2,12.5,2.8,6.9,1.1,1.7,63000,113850,29700
2026,3,Norte,Hospitalización,Técnicos,360.8,342.8,71.5,198.1,34.6,38.6,804375,1634325,467100
2026,3,Norte,Pabellón,Profesionales,211.2,190.1,39.3,106.6,18.8,25.4,884250,1758900,507600
2026,3,Norte,Pabellón,Técnicos,316.8,285.1,57.3,162.8,27.3,37.7,644625,1343100,368550
2026,3,Norte,UCI,Profesionales,8.8,8.8,1.8,5.2,0.8,1.1,40500,85800,21600
2026,3,Norte,UCI,Técnicos,96.8,96.8,18.1,55.1,9.9,13.7,203625,454575,133650
2026,3,Norte,Urgencia,Auxiliares,8.8,8.4,1.7,4.9,0.8,0.9,14025,29645,7920
2026,3,Norte,Urgencia,Profesionales,44.0,41.8,8.5,24.6,4.0,4.8,191250,405900,108000
2026,3,Norte,Urgencia,Técnicos,88.0,83.6,16.8,48.3,7.9,10.6,189000,398475,106650
2026,3,Sur,Ambulatorio,Profesionales,35.2,21.1,14.1,0.0,4.2,2.8,317250,0,113400
2026,3,Sur,Ambulatorio,Técnicos,26.4,15.8,10.1,0.0,3.3,2.4,113625,0,44550
2026,3,Sur,Apoyo,Administrativos,79.2,15.8,10.3,0.0,3.4,2.1,100425,0,39780
2026,3,Sur,Hospitalización,Auxiliares,149.6,142.1,92.8,0.0,25.4,24.0,765600,0,251460
2026,3,Sur,Hospitalización,Profesionales,132.0,125.4,78.7,0.0,30.2,16.5,1770750,0,815400
2026,3,Sur,Hospitalización,Técnicos,426.8,405.5,273.3,0.0,72.2,60.0,3074625,0,974700
2026,3,Sur,Pabellón,Auxiliares,17.6,15.8,10.7,0.0,2.9,2.2,88275,0,28710
2026,3,Sur,Pabellón,Profesionales,105.6,95.0,57.5,0.0,20.4,17.1,1293750,0,550800
2026,3,Sur,Pabellón,Técnicos,96.8,87.1,55.6,0.0,17.4,14.2,625500,0,234900
2026,3,Sur,UCI,Auxiliares,61.6,61.6,43.3,0.0,10.9,7.4,357225,0,107910
2026,3,Sur,UCI,Técnicos,105.6,105.6,70.1,0.0,18.4,17.1,788625,0,248400
2026,3,Sur,Urgencia,Auxiliares,61.6,58.5,36.6,0.0,11.9,10.0,301950,0,117810
2026,3,Sur,Urgencia,Técnicos,211.2,200.6,134.4,0.0,39.7,26.5,1512000,0,535950
2026,4,Centro,Ambulatorio,Técnicos,193.6,116.2,76.1,0.0,22.3,17.7,856125,0,301050
2026,4,Centro,Apoyo,Administrativos,396.0,79.2,50.6,0.0,17.3,11.3,493350,0,202410
2026,4,Centro,Apoyo,Auxiliares,57.2,11.4,7.4,0.0,2.3,1.7,61050,0,22770
2026,4,Centro,Hospitalización,Auxiliares,118.8,112.9,71.9,0.0,23.3,17.7,593175,0,230670
2026,4,Centro,Hospitalización,Profesionales,448.8,426.4,277.5,0.0,80.5,68.4,6243750,0,2173500
2026,4,Centro,Hospitalización,Técnicos,528.0,501.6,312.4,0.0,108.8,80.4,3514500,0,1468800
2026,4,Centro,Pabellón,Auxiliares,132.0,118.8,75.8,0.0,24.6,18.4,625350,0,243540
2026,4,Centro,Pabellón,Profesionales,510.4,459.4,303.2,0.0,94.5,61.7,6822000,0,2551500
2026,4,Centro,Pabellón,Técnicos,26.4,23.8,16.0,0.0,4.5,3.2,180000,0,60750
2026,4,Centro,UCI,Auxiliares,184.8,184.8,122.2,0.0,35.1,27.5,1008150,0,347490
2026,4,Centro,UCI,Profesionales,8.8,8.8,5.9,0.0,1.6,1.4,132750,0,43200
2026,4,Centro,UCI,Técnicos,765.6,765.6,486.9,0.0,175.2,103.5,5477625,0,2365200
2026,4,Centro,Urgencia,Auxiliares,149.6,142.1,94.8,0.0,27.6,19.7,782100,0,273240
2026,4,Centro,Urgencia,Profesionales,79.2,75.2,45.5,0.0,18.4,11.4,1023750,0,496800
2026,4,Centro,Urgencia,Técnicos,272.8,259.2,171.3,0.0,46.7,41.1,1927125,0,630450
2026,4,Norte,Ambulatorio,Administrativos,193.6,116.2,25.0,61.8,13.1,16.3,243750,441870,153270
2026,4,Norte,Ambulatorio,Profesionales,176.0,105.6,22.9,57.1,10.2,15.4,515250,942150,275400
2026,4,Norte,Ambulatorio,Técnicos,193.6,116.2,23.7,62.3,13.7,16.5,266625,513975,184950
2026,4,Norte,Apoyo,Administrativos,246.4,49.3,9.9,28.6,5.2,5.6,96525,204490,60840
2026,4,Norte,Apoyo,Auxiliares,140.8,28.2,5.8,15.5,2.9,4.0,47850,93775,28710
2026,4,Norte,Hospitalización,Auxiliares,202.4,192.3,36.7,111.3,20.2,24.1,302775,673365,199980
2026,4,Norte,Hospitalización,Profesionales,105.6,100.3,17.5,62.0,8.7,12.2,393750,1023000,234900
2026,4,Norte,Hospitalización,Técnicos,343.2,326.0,70.8,169.5,37.2,48.6,796500,1398375,502200
2026,4,Norte,Pabellón,Profesionales,79.2,71.3,14.1,41.6,6.7,8.8,317250,686400,180900
2026,4,Norte,Pabellón,Técnicos,255.2,229.7,48.0,131.1,22.4,28.2,540000,1081575,302400
2026,4,Norte,UCI,Profesionales,167.2,167.2,33.8,91.0,18.1,24.3,760500,1501500,488700
2026,4,Norte,UCI,Técnicos,26.4,26.4,5.1,15.3,2.5,3.6,57375,126225,33750
2026,4,Norte,Urgencia,Profesionales,26.4,25.1,4.4,14.6,2.6,3.5,99000,240900,70200
2026,4,Norte,Urgencia,Técnicos,264.0,250.8,47.7,147.6,24.7,30.8,536625,1217700,333450
2026,4,Sur,Ambulatorio,Profesionales,88.0,52.8,34.0,0.0,11.1,7.7,765000,0,299700
2026,4,Sur,Ambulatorio,Técnicos,17.6,10.6,6.6,0.0,2.3,1.6,74250,0,31050
2026,4,Sur,Apoyo,Administrativos,61.6,12.3,8.1,0.0,2.1,2.0,78975,0,24570
2026,4,Sur,Apoyo,Auxiliares,61.6,12.3,7.4,0.0,2.8,2.2,61050,0,27720
2026,4,Sur,Hospitalización,Auxiliares,264.0,250.8,163.4,0.0,49.6,37.7,1348050,0,491040
2026,4,Sur,Hospitalización,Profesionales,193.6,183.9,117.0,0.0,34.3,32.7,2632500,0,926100
2026,4,Sur,Hospitalización,Técnicos,642.4,610.3,384.4,0.0,127.0,98.9,4324500,0,1714500
2026,4,Sur,Pabellón,Auxiliares,35.2,31.7,20.1,0.0,6.4,5.1,165825,0,63360
2026,4,Sur,Pabellón,Profesionales,61.6,55.4,36.4,0.0,11.6,7.5,819000,0,313200
2026,4,Sur,UCI,Auxiliares,79.2,79.2,55.1,0.0,13.7,10.4,454575,0,135630
2026,4,Sur,UCI,Profesionales,35.2,35.2,22.4,0.0,7.2,5.6,504000,0,194400
2026,4,Sur,UCI,Técnicos,61.6,61.6,38.6,0.0,12.0,11.0,434250,0,162000
2026,4,Sur,Urgencia,Auxiliares,8.8,8.4,5.5,0.0,1.7,1.2,45375,0,16830
2026,4,Sur,Urgencia,Técnicos,360.8,342.8,237.4,0.0,58.7,46.6,2670750,0,792450
2026,5,Centro,Ambulatorio,Administrativos,281.6,169.0,103.1,0.0,38.3,27.6,1005225,0,448110
2026,5,Centro,Ambulatorio,Profesionales,35.2,21.1,13.7,0.0,4.3,3.1,308250,0,116100
2026,5,Centro,Ambulatorio,Técnicos,396.0,237.6,163.6,0.0,44.9,29.1,1840500,0,606150
2026,5,Centro,Apoyo,Administrativos,668.8,133.8,81.5,0.0,30.8,21.4,794625,0,360360
2026,5,Centro,Hospitalización,Auxiliares,171.6,163.0,100.8,0.0,37.6,24.6,831600,0,372240
2026,5,Centro,Hospitalización,Profesionales,510.4,484.9,328.5,0.0,89.2,67.2,7391250,0,2408400
2026,5,Centro,Hospitalización,Técnicos,519.2,493.2,345.0,0.0,79.8,68.4,3881250,0,1077300
2026,5,Centro,Pabellón,Auxiliares,96.8,87.1,55.4,0.0,17.5,14.2,457050,0,173250
2026,5,Centro,Pabellón,Profesionales,48.4,43.6,28.2,0.0,8.8,6.5,634500,0,237600
2026,5,Centro,Pabellón,Técnicos,145.2,130.7,78.9,0.0,30.8,20.9,887625,0,415800
2026,5,Centro,UCI,Auxiliares,140.8,140.8,86.3,0.0,33.5,21.0,711975,0,331650
2026,5,Centro,UCI,Profesionales,61.6,61.6,40.9,0.0,12.6,8.1,920250,0,340200
2026,5,Centro,UCI,Técnicos,457.6,457.6,288.1,0.0,104.6,64.8,3241125,0,1412100
2026,5,Centro,Urgencia,Auxiliares,114.4,108.7,72.0,0.0,20.0,16.7,594000,0,198000
2026,5,Centro,Urgencia,Profesionales,48.4,46.0,28.5,0.0,10.1,7.4,641250,0,272700
2026,5,Centro,Urgencia,Técnicos,290.4,275.9,180.2,0.0,55.1,40.5,2027250,0,743850
2026,5,Norte,Ambulatorio,Administrativos,193.6,116.2,22.6,62.9,13.3,17.4,220350,449735,155610
2026,5,Norte,Ambulatorio,Profesionales,255.2,153.1,32.0,87.0,15.2,19.0,720000,1435500,410400
2026,5,Norte,Ambulatorio,Técnicos,237.6,142.6,27.4,81.0,12.8,21.3,308250,668250,172800
2026,5,Norte,Apoyo,Administrativos,136.4,27.3,5.9,15.4,2.7,3.3,57525,110110,31590
2026,5,Norte,Apoyo,Auxiliares,96.8,19.4,3.8,11.1,1.9,2.5,31350,67155,18810
2026,5,Norte,Hospitalización,Auxiliares,145.2,137.9,24.9,82.8,13.1,17.2,205425,500940,129690
2026,5,Norte,Hospitalización,Profesionales,8.8,8.4,1.6,4.9,0.8,1.0,36000,80850,21600
2026,5,Norte,Hospitalización,Técnicos,431.2,409.6,70.9,251.0,41.9,45.8,797625,2070750,565650
2026,5,Norte,Pabellón,Auxiliares,132.0,118.8,23.2,69.1,11.2,15.3,191400,418055,110880
2026,5,Norte,Pabellón,Profesionales,105.6,95.0,17.8,52.4,9.6,15.3,400500,864600,259200
2026,5,Norte,Pabellón,Técnicos,158.4,142.6,23.5,87.8,13.9,17.4,264375,724350,187650
2026,5,Norte,UCI,Profesionales,237.6,237.6,41.7,144.4,20.6,30.9,938250,2382600,556200
2026,5,Norte,UCI,Técnicos,255.2,255.2,57.2,140.2,23.6,34.3,643500,1156650,318600
2026,5,Norte,Urgencia,Profesionales,193.6,183.9,37.7,104.6,19.2,22.4,848250,1725900,518400
2026,5,Norte,Urgencia,Técnicos,246.4,234.1,48.0,130.2,23.5,32.4,540000,1074150,317250
2026,5,Sur,Ambulatorio,Administrativos,8.8,5.3,3.4,0.0,1.0,0.8,33150,0,11700
2026,5,Sur,Ambulatorio,Técnicos,26.4,15.8,10.3,0.0,3.1,2.5,115875,0,41850
2026,5,Sur,Apoyo,Administrativos,35.2,7.0,4.6,0.0,1.5,1.0,44850,0,17550
2026,5,Sur,Apoyo,Auxiliares,35.2,7.0,4.3,0.0,1.7,1.1,35475,0,16830
2026,5,Sur,Hospitalización,Auxiliares,246.4,234.1,145.9,0.0,50.3,37.8,1203675,0,497970
2026,5,Sur,Hospitalización,Profesionales,220.0,209.0,134.5,0.0,41.5,33.0,3026250,0,1120500
2026,5,Sur,Hospitalización,Técnicos,712.8,677.2,460.5,0.0,120.1,96.6,5180625,0,1621350
2026,5,Sur,Pabellón,Auxiliares,17.6,15.8,9.4,0.0,3.6,2.8,77550,0,35640
2026,5,Sur,Pabellón,Técnicos,74.8,67.3,41.7,0.0,14.8,10.8,469125,0,199800
2026,5,Sur,UCI,Auxiliares,52.8,52.8,33.0,0.0,11.4,8.3,272250,0,112860
2026,5,Sur,UCI,Profesionales,228.8,228.8,151.5,0.0,45.1,32.2,3408750,0,1217700
2026,5,Sur,UCI,Técnicos,123.2,123.2,82.0,0.0,22.3,18.9,922500,0,301050
2026,5,Sur,Urgencia,Auxiliares,132.0,125.4,84.1,0.0,26.0,15.3,693825,0,257400
2026,5,Sur,Urgencia,Técnicos,193.6,183.9,116.9,0.0,39.5,27.4,1315125,0,533250
2026,6,Centro,Ambulatorio,Administrativos,149.6,89.8,59.4,0.0,18.9,11.4,579150,0,221130
2026,6,Centro,Ambulatorio,Profesionales,70.4,42.2,27.0,0.0,8.9,6.3,607500,0,240300
2026,6,Centro,Ambulatorio,Técnicos,220.0,132.0,83.7,0.0,26.5,21.8,941625,0,357750
2026,6,Centro,Apoyo,Administrativos,255.2,51.0,35.0,0.0,9.7,6.4,341250,0,113490
2026,6,Centro,Apoyo,Auxiliares,79.2,15.8,10.4,0.0,3.1,2.3,85800,0,30690
2026,6,Centro,Hospitalización,Auxiliares,35.2,33.4,21.4,0.0,6.4,5.6,176550,0,63360
2026,6,Centro,Hospitalización,Profesionales,167.2,158.8,105.4,0.0,30.3,23.2,2371500,0,818100
2026,6,Centro,Hospitalización,Técnicos,717.2,681.3,460.4,0.0,128.2,92.7,5179500,0,1730700
2026,6,Centro,Pabellón,Auxiliares,220.0,198.0,124.6,0.0,41.1,32.3,1027950,0,406890
2026,6,Centro,Pabellón,Profesionales,22.0,19.8,12.4,0.0,4.5,2.9,279000,0,121500
2026,6,Centro,Pabellón,Técnicos,228.8,205.9,133.4,0.0,45.8,26.7,1500750,0,618300
2026,6,Centro,UCI,Profesionales,61.6,61.6,38.8,0.0,14.1,8.7,873000,0,380700
2026,6,Centro,UCI,Técnicos,536.8,536.8,331.1,0.0,113.3,92.3,3724875,0,1529550
2026,6,Centro,Urgencia,Auxiliares,149.6,142.1,85.0,0.0,33.7,23.4,701250,0,333630
2026,6,Centro,Urgencia,Profesionales,8.8,8.4,5.3,0.0,1.7,1.4,119250,0,45900
2026,6,Centro,Urgencia,Técnicos,413.6,392.9,268.0,0.0,68.9,55.9,3015000,0,930150
2026,6,Norte,Ambulatorio,Administrativos,228.8,137.3,27.4,78.2,14.4,17.2,267150,559130,168480
2026,6,Norte,Ambulatorio,Profesionales,17.6,10.6,2.0,6.3,0.9,1.4,45000,103950,24300
2026,6,Norte,Ambulatorio,Técnicos,26.4,15.8,3.2,9.0,1.5,2.2,36000,74250,20250
2026,6,Norte,Apoyo,Administrativos,110.0,22.0,5.1,12.0,2.1,2.8,49725,85800,24570
2026,6,Norte,Apoyo,Auxiliares,193.6,38.7,8.1,21.3,4.3,5.0,66825,128865,42570
2026,6,Norte,Hospitalización,Auxiliares,193.6,183.9,40.0,104.9,17.7,21.3,330000,634645,175230
2026,6,Norte,Hospitalización,Directivos,35.2,33.4,7.1,18.0,3.6,4.8,319500,594000,194400
2026,6,Norte,Hospitalización,Profesionales,158.4,150.5,30.8,83.8,15.4,20.5,693000,1382700,415800
2026,6,Norte,Hospitalización,Técnicos,418.0,397.1,71.0,240.4,35.0,50.7,798750,1983300,472500
2026,6,Norte,Pabellón,Auxiliares,193.6,174.2,32.4,105.1,15.2,21.6,267300,635855,150480
2026,6,Norte,Pabellón,Directivos,8.8,7.9,1.6,4.5,0.8,1.1,72000,148500,43200
2026,6,Norte,Pabellón,Profesionales,17.6,15.8,3.2,9.1,1.5,2.0,72000,150150,40500
2026,6,Norte,Pabellón,Técnicos,369.6,332.6,70.9,177.9,37.1,46.8,797625,1467675,500850
2026,6,Norte,UCI,Profesionales,308.0,308.0,57.5,182.0,32.4,36.2,1293750,3003000,874800
2026,6,Norte,UCI,Técnicos,105.6,105.6,19.3,63.8,10.0,12.5,217125,526350,135000
2026,6,Norte,Urgencia,Auxiliares,17.6,16.7,3.3,9.8,1.6,2.1,27225,59290,15840
2026,6,Norte,Urgencia,Profesionales,70.4,66.9,13.3,36.9,7.5,9.2,299250,608850,202500
2026,6,Norte,Urgencia,Técnicos,360.8,342.8,71.8,179.4,38.4,53.1,807750,1480050,518400
2026,6,Sur,Hospitalización,Auxiliares,79.2,75.2,49.7,0.0,14.3,11.3,410025,0,141570
2026,6,Sur,Hospitalización,Profesionales,404.8,384.6,243.3,0.0,88.8,52.5,5474250,0,2397600
2026,6,Sur,Hospitalización,Técnicos,554.4,526.7,367.9,0.0,88.0,70.8,4138875,0,1188000
2026,6,Sur,Pabellón,Técnicos,167.2,150.5,103.2,0.0,28.8,18.5,1161000,0,388800
2026,6,Sur,UCI,Auxiliares,35.2,35.2,24.0,0.0,6.2,5.1,198000,0,61380
2026,6,Sur,UCI,Profesionales,92.4,92.4,60.0,0.0,20.0,12.4,1350000,0,540000
2026,6,Sur,UCI,Técnicos,61.6,61.6,41.8,0.0,11.2,8.7,470250,0,151200
2026,6,Sur,Urgencia,Técnicos,123.2,117.0,76.7,0.0,20.9,19.4,862875,0,282150
2026,7,Centro,Ambulatorio,Administrativos,44.0,26.4,15.5,0.0,6.4,4.5,151125,0,74880
2026,7,Centro,Ambulatorio,Profesionales,211.2,126.7,80.9,0.0,29.4,16.4,1820250,0,793800
2026,7,Centro,Ambulatorio,Técnicos,510.4,306.2,194.4,0.0,64.9,47.0,2187000,0,876150
2026,7,Centro,Apoyo,Administrativos,400.4,80.1,51.3,0.0,15.9,12.9,500175,0,186030
2026,7,Centro,Apoyo,Auxiliares,8.8,1.8,1.2,0.0,0.3,0.2,9900,0,2970
2026,7,Centro,Apoyo,Directivos,8.8,1.8,1.2,0.0,0.4,0.2,54000,0,21600
2026,7,Centro,Hospitalización,Auxiliares,88.0,83.6,52.6,0.0,19.2,11.8,433950,0,190080
2026,7,Centro,Hospitalización,Directivos,17.6,16.7,11.1,0.0,3.0,2.6,499500,0,162000
2026,7,Centro,Hospitalización,Profesionales,13.2,12.5,7.9,0.0,2.6,2.1,177750,0,70200
2026,7,Centro,Hospitalización,Técnicos,660.0,627.0,391.5,0.0,124.7,110.8,4404375,0,1683450
2026,7,Centro,Pabellón,Auxiliares,70.4,63.4,40.4,0.0,12.9,10.0,333300,0,127710
2026,7,Centro,Pabellón,Profesionales,70.4,63.4,42.1,0.0,12.0,9.3,947250,0,324000
2026,7,Centro,Pabellón,Técnicos,70.4,63.4,38.1,0.0,12.8,12.4,428625,0,172800
2026,7,Centro,UCI,Directivos,70.4,70.4,46.2,0.0,14.0,10.2,2079000,0,756000
2026,7,Centro,UCI,Profesionales,61.6,61.6,40.6,0.0,12.9,8.1,913500,0,348300
2026,7,Centro,UCI,Técnicos,228.8,228.8,149.0,0.0,44.0,35.7,1676250,0,594000
2026,7,Centro,Urgencia,Auxiliares,96.8,92.0,63.4,0.0,16.8,11.7,523050,0,166320
2026,7,Centro,Urgencia,Profesionales,123.2,117.0,73.4,0.0,25.5,18.1,1651500,0,688500
2026,7,Centro,Urgencia,Técnicos,352.0,334.4,223.1,0.0,66.9,44.4,2509875,0,903150
2026,7,Norte,Ambulatorio,Administrativos,220.0,132.0,29.5,69.2,13.8,19.5,287625,494780,161460
2026,7,Norte,Ambulatorio,Profesionales,158.4,95.0,18.3,53.9,8.8,14.0,411750,889350,237600
2026,7,Norte,Ambulatorio,Técnicos,8.8,5.3,1.0,3.1,0.5,0.7,11250,25575,6750
2026,7,Norte,Apoyo,Administrativos,233.2,46.6,10.7,26.2,4.6,5.1,104325,187330,53820
2026,7,Norte,Apoyo,Auxiliares,202.4,40.5,8.6,22.1,4.7,5.1,70950,133705,46530
2026,7,Norte,Hospitalización,Auxiliares,272.8,259.2,56.7,145.2,24.1,33.1,467775,878460,238590
2026,7,Norte,Hospitalización,Profesionales,426.8,405.5,93.0,220.8,35.6,56.0,2092500,3643200,961200
2026,7,Norte,Hospitalización,Técnicos,246.4,234.1,42.9,135.4,23.8,32.1,482625,1117050,321300
2026,7,Norte,Pabellón,Auxiliares,176.0,158.4,29.0,95.0,16.6,17.7,239250,574750,164340
2026,7,Norte,Pabellón,Profesionales,26.4,23.8,4.9,13.4,2.2,3.2,110250,221100,59400
2026,7,Norte,Pabellón,Técnicos,387.2,348.5,60.3,213.4,34.5,40.3,678375,1760550,465750
2026,7,Norte,UCI,Profesionales,158.4,158.4,35.4,84.0,15.8,23.2,796500,1386000,426600
2026,7,Norte,UCI,Técnicos,536.8,536.8,102.9,313.8,46.8,73.3,1157625,2588850,631800
2026,7,Norte,Urgencia,Profesionales,26.4,25.1,4.3,14.9,2.5,3.3,96750,245850,67500
2026,7,Norte,Urgencia,Técnicos,536.8,510.0,103.8,272.8,53.9,79.5,1167750,2250600,727650
2026,7,Sur,Ambulatorio,Técnicos,35.2,21.1,13.1,0.0,4.8,3.2,147375,0,64800
2026,7,Sur,Apoyo,Administrativos,44.0,8.8,5.9,0.0,1.7,1.2,57525,0,19890
2026,7,Sur,Apoyo,Auxiliares,79.2,15.8,10.2,0.0,3.3,2.4,84150,0,32670
2026,7,Sur,Hospitalización,Profesionales,413.6,392.9,264.2,0.0,76.0,52.8,5944500,0,2052000
2026,7,Sur,Hospitalización,Técnicos,660.0,627.0,417.2,0.0,127.4,82.4,4693500,0,1719900
2026,7,Sur,Pabellón,Técnicos,580.8,522.7,342.6,0.0,103.5,76.6,3854250,0,1397250
2026,7,Sur,UCI,Auxiliares,26.4,26.4,15.3,0.0,5.9,5.2,126225,0,58410
2026,7,Sur,UCI,Profesionales,4.4,4.4,2.9,0.0,0.8,0.7,65250,0,21600
2026,7,Sur,UCI,Técnicos,237.6,237.6,150.4,0.0,54.7,32.4,1692000,0,738450
2026,7,Sur,Urgencia,Profesionales,140.8,133.8,80.0,0.0,29.8,24.0,1800000,0,804600
2026,7,Sur,Urgencia,Técnicos,250.8,238.3,164.8,0.0,39.4,34.1,1854000,0,531900
2026,8,Centro,Ambulatorio,Administrativos,44.0,26.4,18.0,0.0,5.0,3.4,175500,0,58500
2026,8,Centro,Ambulatorio,Profesionales,26.4,15.8,10.1,0.0,3.3,2.4,227250,0,89100
2026,8,Centro,Ambulatorio,Técnicos,281.6,169.0,118.2,0.0,29.8,21.0,1329750,0,402300
2026,8,Centro,Apoyo,Administrativos,316.8,63.4,41.1,0.0,11.8,10.4,400725,0,138060
2026,8,Centro,Apoyo,Directivos,96.8,19.4,13.0,0.0,3.6,2.8,585000,0,194400
2026,8,Centro,Hospitalización,Auxiliares,149.6,142.1,92.3,0.0,27.2,22.7,761475,0,269280
2026,8,Centro,Hospitalización,Profesionales,26.4,25.1,16.6,0.0,4.6,3.9,373500,0,124200
2026,8,Centro,Hospitalización,Técnicos,299.2,284.2,185.2,0.0,53.3,45.7,2083500,0,719550
2026,8,Centro,Pabellón,Auxiliares,211.2,190.1,122.4,0.0,37.9,29.7,1009800,0,375210
2026,8,Centro,Pabellón,Profesionales,158.4,142.6,92.0,0.0,30.3,20.2,2070000,0,818100
2026,8,Centro,Pabellón,Técnicos,110.0,99.0,64.2,0.0,21.5,13.3,722250,0,290250
2026,8,Centro,UCI,Profesionales,255.2,255.2,162.0,0.0,51.7,41.5,3645000,0,1395900
2026,8,Centro,UCI,Técnicos,61.6,61.6,39.8,0.0,12.5,9.3,447750,0,168750
2026,8,Centro,Urgencia,Auxiliares,26.4,25.1,16.9,0.0,5.1,3.1,139425,0,50490
2026,8,Centro,Urgencia,Profesionales,167.2,158.8,104.6,0.0,28.7,25.6,2353500,0,774900
2026,8,Centro,Urgencia,Técnicos,167.2,158.8,109.8,0.0,29.4,19.7,1235250,0,396900
2026,8,Norte,Ambulatorio,Administrativos,176.0,105.6,19.2,60.0,11.4,15.0,187200,429000,133380
2026,8,Norte,Ambulatorio,Profesionales,202.4,121.4,25.2,68.8,12.2,15.2,567000,1135200,329400
2026,8,Norte,Ambulatorio,Técnicos,70.4,42.2,8.9,24.4,4.0,4.9,100125,201300,54000
2026,8,Norte,Apoyo,Administrativos,30.8,6.2,1.1,3.7,0.6,0.8,10725,26455,7020
2026,8,Norte,Apoyo,Auxiliares,140.8,28.2,5.5,16.4,2.8,3.4,45375,99220,27720
2026,8,Norte,Hospitalización,Auxiliares,290.4,275.9,53.9,161.5,28.6,31.9,444675,977075,283140
2026,8,Norte,Hospitalización,Profesionales,22.0,20.9,3.5,13.3,1.9,2.2,78750,219450,51300
2026,8,Norte,Hospitalización,Técnicos,114.4,108.7,25.2,58.9,10.8,13.8,283500,485925,145800
2026,8,Norte,Pabellón,Profesionales,96.8,87.1,17.5,47.7,9.2,12.7,393750,787050,248400
2026,8,Norte,Pabellón,Técnicos,70.4,63.4,12.5,36.0,6.1,8.8,140625,297000,82350
2026,8,Norte,UCI,Profesionales,105.6,105.6,22.3,59.2,10.2,13.9,501750,976800,275400
2026,8,Norte,UCI,Técnicos,330.0,330.0,61.0,198.1,31.3,39.5,686250,1634325,422550
2026,8,Norte,Urgencia,Técnicos,184.8,175.6,36.2,93.8,20.3,25.2,407250,773850,274050
2026,8,Sur,Ambulatorio,Administrativos,8.8,5.3,3.3,0.0,1.1,0.9,32175,0,12870
2026,8,Sur,Ambulatorio,Técnicos,96.8,58.1,38.4,0.0,10.8,8.8,432000,0,145800
2026,8,Sur,Apoyo,Administrativos,17.6,3.5,2.2,0.0,0.8,0.6,21450,0,9360
2026,8,Sur,Apoyo,Directivos,79.2,15.8,10.0,0.0,3.3,2.5,450000,0,178200
2026,8,Sur,Hospitalización,Profesionales,396.0,376.2,252.6,0.0,70.2,53.3,5683500,0,1895400
2026,8,Sur,Hospitalización,Técnicos,787.6,748.2,517.1,0.0,126.9,104.3,5817375,0,1713150
2026,8,Sur,Pabellón,Técnicos,193.6,174.2,112.6,0.0,34.8,26.8,1266750,0,469800
2026,8,Sur,UCI,Auxiliares,35.2,35.2,21.4,0.0,8.3,5.5,176550,0,82170
2026,8,Sur,UCI,Profesionales,26.4,26.4,16.9,0.0,5.4,4.0,380250,0,145800
2026,8,Sur,UCI,Técnicos,246.4,246.4,164.7,0.0,45.6,36.1,1852875,0,615600
2026,8,Sur,Urgencia,Técnicos,752.4,714.8,456.9,0.0,149.5,108.4,5140125,0,2018250
2026,9,Centro,Ambulatorio,Profesionales,35.2,21.1,14.1,0.0,4.1,2.9,317250,0,110700
2026,9,Centro,Ambulatorio,Técnicos,246.4,147.8,97.7,0.0,26.0,24.2,1099125,0,351000
2026,9,Centro,Apoyo,Administrativos,202.4,40.5,25.6,0.0,8.9,6.0,249600,0,104130
2026,9,Centro,Apoyo,Auxiliares,61.6,12.3,8.3,0.0,2.4,1.6,68475,0,23760
2026,9,Centro,Hospitalización,Auxiliares,149.6,142.1,93.6,0.0,28.1,20.4,772200,0,278190
2026,9,Centro,Hospitalización,Profesionales,440.0,418.0,281.3,0.0,74.3,62.4,6329250,0,2006100
2026,9,Centro,Hospitalización,Técnicos,105.6,100.3,67.8,0.0,17.2,15.3,762750,0,232200
2026,9,Centro,Pabellón,Auxiliares,184.8,166.3,104.0,0.0,35.8,26.5,858000,0,354420
2026,9,Centro,Pabellón,Profesionales,145.2,130.7,88.8,0.0,21.7,20.2,1998000,0,585900
2026,9,Centro,Pabellón,Técnicos,220.0,198.0,131.8,0.0,36.6,29.6,1482750,0,494100
2026,9,Centro,UCI,Profesionales,123.2,123.2,80.5,0.0,24.7,18.1,1811250,0,666900
2026,9,Centro,UCI,Técnicos,510.4,510.4,357.9,0.0,84.4,68.1,4026375,0,1139400
2026,9,Centro,Urgencia,Auxiliares,52.8,50.2,31.6,0.0,10.7,7.8,260700,0,105930
2026,9,Centro,Urgencia,Profesionales,176.0,167.2,112.5,0.0,32.9,21.8,2531250,0,888300
2026,9,Centro,Urgencia,Técnicos,404.8,384.6,227.3,0.0,87.3,69.9,2557125,0,1178550
2026,9,Norte,Ambulatorio,Administrativos,96.8,58.1,11.4,32.9,6.2,7.6,111150,235235,72540
2026,9,Norte,Ambulatorio,Profesionales,193.6,116.2,25.5,60.3,12.1,18.3,573750,994950,326700
2026,9,Norte,Ambulatorio,Técnicos,220.0,132.0,26.8,75.6,14.2,15.5,301500,623700,191700
2026,9,Norte,Apoyo,Administrativos,136.4,27.3,4.4,16.4,2.9,3.6,42900,117260,33930
2026,9,Norte,Apoyo,Auxiliares,17.6,3.5,0.8,1.9,0.3,0.5,6600,11495,2970
2026,9,Norte,Hospitalización,Auxiliares,308.0,292.6,59.5,165.0,30.5,37.6,490875,998250,301950
2026,9,Norte,Hospitalización,Profesionales,52.8,50.2,9.1,28.7,5.4,6.9,204750,473550,145800
2026,9,Norte,Hospitalización,Técnicos,352.0,334.4,65.7,182.0,32.8,53.9,739125,1501500,442800
2026,9,Norte,Pabellón,Profesionales,17.6,15.8,3.4,9.0,1.5,1.9,76500,148500,40500
2026,9,Norte,Pabellón,Técnicos,220.0,198.0,39.7,110.2,20.8,27.2,446625,909150,280800
2026,9,Norte,UCI,Profesionales,35.2,35.2,7.4,19.5,3.5,4.9,166500,321750,94500
2026,9,Norte,UCI,Técnicos,149.6,149.6,30.9,85.4,14.2,19.0,347625,704550,191700
2026,9,Norte,Urgencia,Auxiliares,167.2,158.8,35.6,79.9,18.6,24.8,293700,483395,184140
2026,9,Norte,Urgencia,Profesionales,180.4,171.4,34.3,98.2,16.9,22.0,771750,1620300,456300
2026,9,Norte,Urgencia,Técnicos,299.2,284.2,59.5,159.1,28.0,37.6,669375,1312575,378000
2026,9,Sur,Ambulatorio,Profesionales,39.6,23.8,15.9,0.0,4.7,3.1,357750,0,126900
2026,9,Sur,Ambulatorio,Técnicos,114.4,68.6,45.4,0.0,13.0,10.3,510750,0,175500
2026,9,Sur,Apoyo,Administrativos,88.0,17.6,11.6,0.0,3.5,2.5,113100,0,40950
2026,9,Sur,Apoyo,Directivos,52.8,10.6,6.9,0.0,2.2,1.4,310500,0,118800
2026,9,Sur,Hospitalización,Auxiliares,13.2,12.5,8.0,0.0,2.8,1.7,66000,0,27720
2026,9,Sur,Hospitalización,Profesionales,237.6,225.7,151.8,0.0,42.0,31.9,3415500,0,1134000
2026,9,Sur,Hospitalización,Técnicos,448.8,426.4,272.3,0.0,90.2,63.8,3063375,0,1217700
2026,9,Sur,Pabellón,Profesionales,8.8,7.9,5.2,0.0,1.5,1.2,117000,0,40500
2026,9,Sur,Pabellón,Técnicos,105.6,95.0,58.5,0.0,20.4,16.2,658125,0,275400
2026,9,Sur,UCI,Auxiliares,70.4,70.4,44.4,0.0,15.9,10.2,366300,0,157410
2026,9,Sur,UCI,Técnicos,387.2,387.2,251.0,0.0,75.7,60.5,2823750,0,1021950
2026,9,Sur,Urgencia,Auxiliares,8.8,8.4,5.4,0.0,1.8,1.1,44550,0,17820
2026,9,Sur,Urgencia,Técnicos,409.2,388.7,259.6,0.0,73.5,55.6,2920500,0,992250
2026,10,Centro,Ambulatorio,Administrativos,176.0,105.6,67.5,0.0,22.7,15.4,658125,0,265590
2026,10,Centro,Ambulatorio,Profesionales,96.8,58.1,38.3,0.0,11.4,8.3,861750,0,307800
2026,10,Centro,Ambulatorio,Técnicos,633.6,380.2,237.5,0.0,82.5,60.1,2671875,0,1113750
2026,10,Centro,Apoyo,Administrativos,132.0,26.4,18.1,0.0,5.2,3.1,176475,0,60840
2026,10,Centro,Hospitalización,Auxiliares,167.2,158.8,100.6,0.0,31.5,26.7,829950,0,311850
2026,10,Centro,Hospitalización,Profesionales,514.8,489.1,327.2,0.0,94.0,67.9,7362000,0,2538000
2026,10,Centro,Hospitalización,Técnicos,198.0,188.1,125.7,0.0,36.3,26.2,1414125,0,490050
2026,10,Centro,Pabellón,Auxiliares,193.6,174.2,112.1,0.0,36.8,25.3,924825,0,364320
2026,10,Centro,Pabellón,Profesionales,184.8,166.3,110.9,0.0,30.1,25.3,2495250,0,812700
2026,10,Centro,Pabellón,Técnicos,123.2,110.9,74.4,0.0,20.4,16.0,837000,0,275400
2026,10,Centro,UCI,Profesionales,290.4,290.4,194.1,0.0,52.9,43.5,4367250,0,1428300
2026,10,Centro,UCI,Técnicos,79.2,79.2,50.6,0.0,15.0,13.6,569250,0,202500
2026,10,Centro,Urgencia,Auxiliares,44.0,41.8,26.1,0.0,8.5,7.2,215325,0,84150
2026,10,Centro,Urgencia,Profesionales,48.4,46.0,30.0,0.0,8.9,7.1,675000,0,240300
2026,10,Centro,Urgencia,Técnicos,228.8,217.4,142.0,0.0,44.1,31.2,1597500,0,595350
2026,10,Norte,Ambulatorio,Administrativos,70.4,42.2,8.2,23.7,4.2,6.1,79950,169455,49140
2026,10,Norte,Ambulatorio,Profesionales,132.0,79.2,15.9,47.7,6.2,9.5,357750,787050,167400
2026,10,Norte,Ambulatorio,Técnicos,132.0,79.2,13.4,46.6,8.6,10.6,150750,384450,116100
2026,10,Norte,Apoyo,Administrativos,246.4,49.3,9.4,27.3,5.4,7.2,91650,195195,63180
2026,10,Norte,Apoyo,Auxiliares,70.4,14.1,3.3,7.3,1.6,1.9,27225,44165,15840
2026,10,Norte,Hospitalización,Auxiliares,378.4,359.5,63.4,215.7,33.5,46.9,523050,1304985,331650
2026,10,Norte,Hospitalización,Profesionales,211.2,200.6,37.2,115.7,20.9,26.8,837000,1909050,564300
2026,10,Norte,Hospitalización,Técnicos,457.6,434.7,96.9,247.4,34.1,56.4,1090125,2041050,460350
2026,10,Norte,Pabellón,Profesionales,105.6,95.0,18.5,55.2,8.9,12.4,416250,910800,240300
2026,10,Norte,Pabellón,Técnicos,8.8,7.9,1.6,4.6,0.8,1.0,18000,37950,10800
2026,10,Norte,UCI,Profesionales,193.6,193.6,35.9,115.8,18.3,23.6,807750,1910700,494100
2026,10,Norte,UCI,Técnicos,224.4,224.4,45.1,128.5,22.1,28.7,507375,1060125,298350
2026,10,Norte,Urgencia,Auxiliares,193.6,183.9,37.9,103.8,19.6,22.6,312675,627990,194040
2026,10,Norte,Urgencia,Profesionales,246.4,234.1,51.3,129.6,23.8,29.3,1154250,2138400,642600
2026,10,Norte,Urgencia,Técnicos,193.6,183.9,33.2,108.8,19.8,22.2,373500,897600,267300
2026,10,Sur,Ambulatorio,Administrativos,8.8,5.3,3.6,0.0,1.0,0.7,35100,0,11700
2026,10,Sur,Apoyo,Administrativos,387.2,77.4,50.2,0.0,16.3,10.9,489450,0,190710
2026,10,Sur,Hospitalización,Auxiliares,88.0,83.6,54.2,0.0,17.4,12.0,447150,0,172260
2026,10,Sur,Hospitalización,Técnicos,796.4,756.6,487.5,0.0,151.0,118.1,5484375,0,2038500
2026,10,Sur,Pabellón,Profesionales,26.4,23.8,14.7,0.0,5.4,3.7,330750,0,145800
2026,10,Sur,Pabellón,Técnicos,79.2,71.3,49.4,0.0,11.9,10.0,555750,0,160650
2026,10,Sur,UCI,Auxiliares,290.4,290.4,189.3,0.0,60.8,40.3,1561725,0,601920
2026,10,Sur,UCI,Profesionales,30.8,30.8,19.6,0.0,6.8,4.4,441000,0,183600
2026,10,Sur,UCI,Técnicos,440.0,440.0,283.9,0.0,92.7,63.4,3193875,0,1251450
2026,10,Sur,Urgencia,Técnicos,448.8,426.4,274.9,0.0,88.9,62.6,3092625,0,1200150
2026,11,Centro,Ambulatorio,Administrativos,70.4,42.2,27.2,0.0,8.3,6.8,265200,0,97110
2026,11,Centro,Ambulatorio,Profesionales,334.4,200.6,126.0,0.0,41.3,33.4,2835000,0,1115100
2026,11,Centro,Ambulatorio,Técnicos,536.8,322.1,197.9,0.0,77.9,46.3,2226375,0,1051650
2026,11,Centro,Apoyo,Administrativos,211.2,42.2,26.9,0.0,8.7,6.6,262275,0,101790
2026,11,Centro,Hospitalización,Auxiliares,352.0,334.4,209.1,0.0,74.0,51.2,1725075,0,732600
2026,11,Centro,Hospitalización,Profesionales,272.8,259.2,169.7,0.0,49.0,40.5,3818250,0,1323000
2026,11,Centro,Hospitalización,Técnicos,352.0,334.4,223.5,0.0,60.5,50.4,2514375,0,816750
2026,11,Centro,Pabellón,Auxiliares,184.8,166.3,91.9,0.0,41.9,32.6,758175,0,414810
2026,11,Centro,Pabellón,Profesionales,96.8,87.1,57.4,0.0,16.2,13.5,1291500,0,437400
2026,11,Centro,Pabellón,Técnicos,105.6,95.0,61.7,0.0,20.0,13.4,694125,0,270000
2026,11,Centro,UCI,Profesionales,123.2,123.2,76.4,0.0,27.0,19.8,1719000,0,729000
2026,11,Centro,UCI,Técnicos,484.0,484.0,317.8,0.0,86.9,79.2,3575250,0,1173150
2026,11,Centro,Urgencia,Auxiliares,52.8,50.2,34.9,0.0,8.4,6.9,287925,0,83160
2026,11,Centro,Urgencia,Técnicos,202.4,192.3,121.3,0.0,39.7,31.3,1364625,0,535950
2026,11,Norte,Ambulatorio,Administrativos,35.2,21.1,4.6,11.7,2.1,2.6,44850,83655,24570
2026,11,Norte,Ambulatorio,Profesionales,167.2,100.3,20.5,57.9,10.2,11.7,461250,955350,275400
2026,11,Norte,Apoyo,Administrativos,154.0,30.8,5.8,17.5,3.3,4.2,56550,125125,38610
2026,11,Norte,Apoyo,Auxiliares,26.4,5.3,1.0,3.1,0.5,0.7,8250,18755,4950
2026,11,Norte,Hospitalización,Auxiliares,334.4,317.7,64.4,185.0,32.5,35.8,531300,1119250,321750
2026,11,Norte,Hospitalización,Profesionales,136.4,129.6,23.0,74.9,14.2,17.5,517500,1235850,383400
2026,11,Norte,Hospitalización,Técnicos,246.4,234.1,40.0,138.9,23.5,31.6,450000,1145925,317250
2026,11,Norte,Pabellón,Profesionales,220.0,198.0,43.3,103.9,20.2,30.6,974250,1714350,545400
2026,11,Norte,Pabellón,Técnicos,149.6,134.6,33.3,70.4,12.9,18.0,374625,580800,174150
2026,11,Norte,UCI,Profesionales,158.4,158.4,34.4,87.3,17.0,19.6,774000,1440450,459000
2026,11,Norte,UCI,Técnicos,308.0,308.0,65.5,170.4,31.9,40.2,736875,1405800,430650
2026,11,Norte,Urgencia,Auxiliares,17.6,16.7,3.0,9.7,1.7,2.2,24750,58685,16830
2026,11,Norte,Urgencia,Profesionales,26.4,25.1,5.2,14.3,2.6,3.0,117000,235950,70200
2026,11,Norte,Urgencia,Técnicos,79.2,75.2,15.4,41.1,7.8,11.0,173250,339075,105300
2026,11,Sur,Ambulatorio,Técnicos,96.8,58.1,35.9,0.0,13.5,8.7,403875,0,182250
2026,11,Sur,Apoyo,Administrativos,228.8,45.8,30.3,0.0,8.6,6.8,295425,0,100620
2026,11,Sur,Apoyo,Auxiliares,8.8,1.8,1.2,0.0,0.3,0.3,9900,0,2970
2026,11,Sur,Hospitalización,Auxiliares,171.6,163.0,111.2,0.0,29.7,22.1,917400,0,294030
2026,11,Sur,Hospitalización,Técnicos,734.8,698.1,424.7,0.0,142.8,130.6,4777875,0,1927800
2026,11,Sur,Pabellón,Auxiliares,105.6,95.0,64.0,0.0,18.1,12.9,528000,0,179190
2026,11,Sur,Pabellón,Profesionales,52.8,47.5,31.2,0.0,9.5,6.8,702000,0,256500
2026,11,Sur,Pabellón,Técnicos,92.4,83.2,57.4,0.0,14.1,11.6,645750,0,190350
2026,11,Sur,UCI,Auxiliares,114.4,114.4,76.1,0.0,22.1,16.2,627825,0,218790
2026,11,Sur,UCI,Profesionales,176.0,176.0,113.6,0.0,37.6,24.8,2556000,0,1015200
2026,11,Sur,UCI,Técnicos,70.4,70.4,45.5,0.0,13.6,11.3,511875,0,183600
2026,11,Sur,Urgencia,Profesionales,17.6,16.7,10.5,0.0,3.8,2.5,236250,0,102600
2026,11,Sur,Urgencia,Técnicos,457.6,434.7,282.9,0.0,95.5,56.4,3182625,0,1289250
2026,12,Centro,Ambulatorio,Administrativos,52.8,31.7,20.1,0.0,6.6,5.0,195975,0,77220
2026,12,Centro,Ambulatorio,Profesionales,237.6,142.6,91.7,0.0,25.8,25.1,2063250,0,696600
2026,12,Centro,Ambulatorio,Técnicos,237.6,142.6,89.3,0.0,32.6,20.6,1004625,0,440100
2026,12,Centro,Apoyo,Administrativos,316.8,63.4,39.4,0.0,13.2,10.8,384150,0,154440
2026,12,Centro,Apoyo,Auxiliares,61.6,12.3,8.5,0.0,2.1,1.7,70125,0,20790
2026,12,Centro,Hospitalización,Auxiliares,352.0,334.4,217.6,0.0,70.1,46.7,1795200,0,693990
2026,12,Centro,Hospitalización,Profesionales,286.0,271.7,176.9,0.0,55.5,39.3,3980250,0,1498500
2026,12,Centro,Hospitalización,Técnicos,479.6,455.6,315.1,0.0,77.8,62.7,3544875,0,1050300
2026,12,Centro,Pabellón,Auxiliares,149.6,134.6,89.1,0.0,27.0,18.6,735075,0,267300
2026,12,Centro,Pabellón,Profesionales,44.0,39.6,26.1,0.0,7.8,5.7,587250,0,210600
2026,12,Centro,Pabellón,Técnicos,17.6,15.8,10.0,0.0,3.3,2.6,112500,0,44550
2026,12,Centro,UCI,Profesionales,132.0,132.0,85.3,0.0,27.3,19.3,1919250,0,737100
2026,12,Centro,UCI,Técnicos,624.8,624.8,394.9,0.0,128.6,101.4,4442625,0,1736100
2026,12,Centro,Urgencia,Auxiliares,96.8,92.0,57.9,0.0,19.1,14.9,477675,0,189090
2026,12,Centro,Urgencia,Profesionales,8.8,8.4,5.1,0.0,1.8,1.4,114750,0,48600
2026,12,Centro,Urgencia,Técnicos,567.6,539.2,359.3,0.0,107.2,72.8,4042125,0,1447200
2026,12,Norte,Ambulatorio,Administrativos,149.6,89.8,17.6,49.5,10.6,12.1,171600,353925,124020
2026,12,Norte,Ambulatorio,Profesionales,132.0,79.2,16.0,45.4,7.0,10.7,360000,749100,189000
2026,12,Norte,Ambulatorio,Técnicos,79.2,47.5,9.6,27.3,4.7,5.8,108000,225225,63450
2026,12,Norte,Apoyo,Administrativos,330.0,66.0,13.2,39.2,5.6,8.0,128700,280280,65520
2026,12,Norte,Apoyo,Auxiliares,158.4,31.7,6.5,18.8,2.8,3.6,53625,113740,27720
2026,12,Norte,Hospitalización,Auxiliares,105.6,100.3,18.4,57.9,10.7,13.4,151800,350295,105930
2026,12,Norte,Hospitalización,Profesionales,101.2,96.1,19.9,53.0,8.2,15.1,447750,874500,221400
2026,12,Norte,Hospitalización,Técnicos,387.2,367.8,75.3,199.5,39.4,53.6,847125,1645875,531900
2026,12,Norte,Pabellón,Auxiliares,44.0,39.6,8.5,22.1,3.9,5.1,70125,133705,38610
2026,12,Norte,Pabellón,Profesionales,88.0,79.2,16.3,44.7,8.3,9.9,366750,737550,224100
2026,12,Norte,Pabellón,Técnicos,255.2,229.7,40.9,133.7,24.2,30.9,460125,1103025,326700
2026,12,Norte,UCI,Profesionales,79.2,79.2,14.3,47.5,8.0,9.4,321750,783750,216000
2026,12,Norte,UCI,Técnicos,237.6,237.6,48.4,132.3,26.3,30.6,544500,1091475,355050
2026,12,Norte,Urgencia,Auxiliares,79.2,75.2,13.7,41.7,8.7,11.1,113025,252285,86130
2026,12,Norte,Urgencia,Profesionales,44.0,41.8,8.0,23.8,4.4,5.7,180000,392700,118800
2026,12,Norte,Urgencia,Técnicos,52.8,50.2,10.0,29.3,4.7,6.1,112500,241725,63450
2026,12,Sur,Ambulatorio,Profesionales,4.4,2.6,1.8,0.0,0.4,0.4,40500,0,10800
2026,12,Sur,Apoyo,Administrativos,228.8,45.8,29.4,0.0,9.5,6.9,286650,0,111150
2026,12,Sur,Hospitalización,Auxiliares,22.0,20.9,12.9,0.0,4.7,3.4,106425,0,46530
2026,12,Sur,Hospitalización,Profesionales,79.2,75.2,46.9,0.0,17.2,11.1,1055250,0,464400
2026,12,Sur,Hospitalización,Técnicos,387.2,367.8,242.1,0.0,70.2,55.6,2723625,0,947700
2026,12,Sur,Pabellón,Auxiliares,8.8,7.9,5.0,0.0,1.6,1.2,41250,0,15840
2026,12,Sur,Pabellón,Profesionales,8.8,7.9,5.2,0.0,1.6,1.1,117000,0,43200
2026,12,Sur,UCI,Auxiliares,44.0,44.0,29.9,0.0,7.7,6.4,246675,0,76230
2026,12,Sur,UCI,Técnicos,57.2,57.2,37.8,0.0,11.3,8.0,425250,0,152550
2026,12,Sur,Urgencia,Técnicos,105.6,100.3,64.1,0.0,20.8,15.4,721125,0,280800
