id_persona,clinica,unidad,estamento,sexo,fecha_nacimiento,fecha_ingreso,fecha_egreso,motivo_egreso,jornada_horas
P0001,Norte,Urgencia,Técnicos,F,1976-08-17,2015-01-30,2025-12-24,Voluntario,44
P0002,Norte,Apoyo,Auxiliares,F,1981-05-14,2015-09-21,2025-03-26,Involuntario,44
P0003,Norte,Ambulatorio,Directivos,M,1968-11-17,2015-11-22,,,44
P0004,Norte,Ambulatorio,Técnicos,F,1977-01-20,2015-06-16,,,44
P0005,Norte,Apoyo,Auxiliares,F,1976-02-24,2022-04-18,,,44
P0006,Norte,Ambulatorio,Profesionales,F,1999-05-17,2020-08-18,2026-05-06,Involuntario,44
P0007,Norte,Pabellón,Técnicos,F,1979-08-17,2023-02-25,,,44
P0008,Norte,Urgencia,Técnicos,F,1989-12-21,2019-03-05,,,22
P0009,Norte,Hospitalización,Técnicos,F,2001-10-19,2022-07-17,2025-04-15,Voluntario,44
P0011,Norte,Hospitalización,Auxiliares,F,2000-05-15,2022-10-13,,,44
P0012,Norte,Apoyo,Administrativos,M,1991-01-03,2024-03-09,,,44
P0013,Norte,Pabellón,Profesionales,F,2000-05-26,2021-06-04,,,44
P0014,Norte,Ambulatorio,Administrativos,F,1968-04-10,2017-12-30,,,44
P0015,Norte,Urgencia,Profesionales,F,1984-01-17,2024-03-10,,,44
P0016,Norte,UCI,Profesionales,M,1998-04-19,2023-09-25,,,44
P0018,Norte,Ambulatorio,Profesionales,M,1996-02-03,2020-10-27,,,44
P0019,Norte,Hospitalización,Profesionales,F,2001-05-20,2022-10-26,,,44
P0020,Norte,UCI,Técnicos,F,1973-03-09,2008-05-26,,,44
P0021,Norte,Hospitalización,Técnicos,F,1990-08-09,2016-11-30,,,44
P0022,Norte,Hospitalización,Profesionales,M,1999-11-09,2024-06-23,,,44
P0023,Norte,Apoyo,Administrativos,F,2000-07-05,2023-07-13,,,22
P0024,Norte,Hospitalización,Técnicos,F,1978-09-28,2017-11-27,2026-12-01,Voluntario,44
P0025,Norte,Apoyo,Auxiliares,M,1970-12-11,2002-01-31,,,44
P0026,Norte,Urgencia,Técnicos,F,1992-08-08,2021-08-10,,,44
P0027,Norte,Ambulatorio,Administrativos,F,1997-02-25,2022-12-26,,,44
P0028,Norte,Apoyo,Administrativos,F,1972-05-06,2007-09-15,,,44
P0029,Norte,UCI,Profesionales,F,1980-10-07,2015-03-30,,,44
P0030,Norte,Apoyo,Administrativos,M,1986-11-07,2016-11-16,,,44
P0032,Norte,Hospitalización,Auxiliares,M,1979-10-19,2017-09-18,2025-01-02,Voluntario,44
P0033,Norte,Hospitalización,Técnicos,F,1998-04-17,2019-04-19,2025-02-26,Voluntario,44
P0034,Norte,Urgencia,Profesionales,F,1987-06-03,2020-02-26,,,44
P0035,Norte,Urgencia,Profesionales,M,1981-11-19,2020-08-19,,,44
P0036,Norte,Urgencia,Técnicos,F,1980-07-08,2015-09-07,,,44
P0037,Norte,Urgencia,Profesionales,F,1978-09-20,2013-03-10,,,44
P0038,Norte,Hospitalización,Auxiliares,F,1999-08-15,2020-12-15,,,44
P0039,Norte,Ambulatorio,Técnicos,F,1981-05-11,2018-08-03,,,44
P0040,Norte,Hospitalización,Técnicos,F,1983-07-11,2017-02-23,,,44
P0041,Norte,Hospitalización,Auxiliares,M,1979-07-16,2019-03-28,,,22
P0042,Norte,Hospitalización,Profesionales,F,2001-07-24,2022-01-15,,,44
P0043,Norte,UCI,Profesionales,F,1978-03-28,2021-06-30,,,44
P0044,Norte,Hospitalización,Técnicos,F,1982-07-09,2015-11-29,,,44
P0045,Norte,Hospitalización,Profesionales,F,1968-01-20,2005-08-04,,,44
P0046,Norte,Pabellón,Profesionales,M,1985-03-20,2017-04-16,,,44
P0047,Norte,Ambulatorio,Administrativos,F,1998-07-13,2023-10-24,,,44
P0048,Norte,Ambulatorio,Profesionales,F,1974-11-20,2017-05-02,,,44
P0049,Norte,Urgencia,Técnicos,F,1988-07-27,2018-01-01,2026-09-08,Voluntario,44
P0050,Norte,Apoyo,Administrativos,F,1994-09-21,2023-07-03,,,44
P0051,Norte,Pabellón,Técnicos,F,1975-02-09,2016-08-16,,,44
P0052,Norte,UCI,Profesionales,M,2003-03-16,2024-04-28,2025-09-01,Voluntario,44
P0053,Norte,Apoyo,Auxiliares,F,1988-12-14,2022-07-23,,,44
P0054,Norte,Hospitalización,Técnicos,F,1993-08-18,2022-04-22,,,44
P0056,Norte,UCI,Técnicos,M,1981-04-10,2019-01-19,,,44
P0059,Norte,UCI,Profesionales,F,2002-02-18,2023-07-13,2026-02-13,Voluntario,44
P0060,Norte,Pabellón,Técnicos,M,1954-05-19,2012-09-13,,,44
P0061,Norte,Hospitalización,Técnicos,F,1992-08-23,2023-06-22,2026-05-19,Voluntario,44
P0062,Norte,Ambulatorio,Administrativos,F,1989-05-26,2020-11-13,2025-09-04,Involuntario,44
P0063,Norte,Hospitalización,Profesionales,F,1977-10-24,2022-08-24,2026-03-06,Voluntario,44
P0064,Norte,Pabellón,Profesionales,F,1985-09-16,2021-05-30,2026-01-16,Involuntario,44
P0065,Norte,UCI,Auxiliares,F,1987-10-02,2019-03-12,,,44
P0066,Norte,Pabellón,Profesionales,F,1973-08-03,1994-07-08,,,44
P0067,Norte,Urgencia,Profesionales,F,1995-09-02,2021-04-26,2026-09-15,Voluntario,44
P0068,Norte,Apoyo,Administrativos,M,1997-11-28,2020-03-01,,,44
P0069,Norte,Hospitalización,Auxiliares,M,1984-05-15,2018-08-11,,,44
P0070,Norte,UCI,Técnicos,F,1976-01-18,2017-01-29,2025-03-21,Voluntario,44
P0071,Norte,Apoyo,Administrativos,F,1996-08-18,2017-03-03,,,44
P0072,Norte,Ambulatorio,Profesionales,M,1992-07-11,2024-01-24,,,44
P0073,Norte,UCI,Directivos,F,1991-09-25,2020-06-18,,,44
P0074,Norte,Hospitalización,Profesionales,F,1988-04-28,2017-04-30,,,44
P0075,Norte,Ambulatorio,Administrativos,F,1980-08-02,2021-07-28,,,44
P0076,Norte,Urgencia,Auxiliares,M,2002-01-24,2023-11-13,,,44
P0077,Norte,Hospitalización,Técnicos,F,1997-09-13,2021-06-17,,,44
P0078,Norte,UCI,Profesionales,F,1975-04-24,2017-08-01,2025-03-26,Voluntario,44
P0079,Norte,Ambulatorio,Profesionales,F,1985-01-10,2023-05-29,,,44
P0080,Norte,Hospitalización,Técnicos,F,1991-10-28,2023-04-23,,,44
P0081,Norte,UCI,Técnicos,M,1994-09-06,2017-11-27,,,22
P0082,Norte,Hospitalización,Técnicos,F,1990-01-27,2022-05-24,,,44
P0083,Norte,UCI,Técnicos,F,2003-05-25,2024-03-12,2025-06-10,Involuntario,44
P0084,Norte,UCI,Técnicos,F,1986-11-22,2017-09-15,2025-07-18,Voluntario,44
P0085,Norte,Pabellón,Técnicos,F,1990-03-07,2016-08-05,,,44
P0086,Norte,Ambulatorio,Técnicos,F,1969-06-26,2014-08-26,,,44
P0087,Norte,Apoyo,Auxiliares,M,1970-06-03,2016-10-09,,,44
P0088,Norte,Pabellón,Técnicos,F,1990-11-12,2017-10-22,2025-12-08,Involuntario,44
P0089,Norte,Apoyo,Administrativos,F,1963-12-10,2009-09-12,,,44
P0090,Norte,Urgencia,Directivos,F,1979-09-05,2023-10-04,2026-12-17,Voluntario,44
P0091,Norte,Apoyo,Administrativos,F,1991-11-04,2019-11-03,,,44
P0092,Norte,Hospitalización,Técnicos,F,2001-11-12,2022-11-19,,,44
P0093,Norte,Hospitalización,Profesionales,M,2002-11-21,2023-09-19,,,44
P0094,Norte,Hospitalización,Profesionales,F,1985-09-07,2019-07-07,,,44
P0095,Norte,Ambulatorio,Administrativos,F,1962-09-09,2019-01-24,,,44
P0096,Norte,Urgencia,Técnicos,F,1987-01-06,2015-03-09,,,44
P0097,Norte,Urgencia,Profesionales,F,1998-04-20,2020-12-06,,,22
P0098,Norte,Pabellón,Técnicos,F,1979-08-28,2004-07-24,,,44
P0099,Norte,Urgencia,Técnicos,F,2001-06-13,2024-02-03,2026-09-09,Voluntario,44
P0100,Norte,UCI,Profesionales,M,1995-11-25,2017-03-30,,,44
P0101,Norte,Apoyo,Administrativos,F,1983-06-22,2013-12-18,,,44
P0102,Norte,Pabellón,Profesionales,F,2000-12-24,2023-12-18,,,44
P0103,Norte,Apoyo,Administrativos,F,1971-07-28,2017-11-06,,,44
P0104,Norte,Hospitalización,Profesionales,F,1999-08-08,2020-04-02,,,44
P0105,Norte,Urgencia,Profesionales,F,2001-10-20,2022-12-17,,,44
P0106,Norte,Ambulatorio,Administrativos,F,1996-03-19,2021-11-27,,,44
P0107,Norte,Apoyo,Administrativos,F,1994-05-24,2019-12-19,2026-02-02,Involuntario,44
P0108,Norte,Apoyo,Administrativos,F,1984-02-09,2016-01-29,,,44
P0109,Norte,Hospitalización,Profesionales,F,1979-10-16,2020-03-11,,,44
P0110,Norte,Apoyo,Administrativos,M,1984-03-25,2023-02-16,,,44
P0111,Norte,Ambulatorio,Profesionales,M,2000-06-03,2021-08-18,,,44
P0112,Norte,Hospitalización,Técnicos,F,1991-05-04,2021-05-23,2025-10-10,Voluntario,44
P0113,Norte,Apoyo,Administrativos,F,1990-07-19,2017-06-25,,,44
P0114,Norte,Ambulatorio,Profesionales,F,1983-11-04,2015-06-11,2026-01-05,Involuntario,44
P0116,Norte,Apoyo,Administrativos,F,1985-10-15,2020-10-04,,,44
P0117,Norte,Apoyo,Administrativos,F,1982-11-10,2003-04-11,,,44
P0118,Norte,Urgencia,Técnicos,F,1990-05-03,2024-04-08,,,44
P0119,Norte,UCI,Profesionales,M,1989-10-21,2019-04-17,,,44
P0120,Norte,Ambulatorio,Administrativos,F,1972-11-06,2000-04-12,,,22
P0121,Norte,UCI,Profesionales,F,1997-11-20,2022-02-05,2025-07-30,Involuntario,44
P0122,Norte,Urgencia,Profesionales,F,1968-07-05,2003-12-01,,,44
P0123,Norte,Hospitalización,Auxiliares,M,1976-11-17,2014-06-09,,,44
P0124,Norte,Apoyo,Administrativos,F,1994-03-05,2015-10-14,2025-12-31,Voluntario,22
P0125,Norte,Ambulatorio,Administrativos,F,1988-03-20,2011-08-07,,,44
P0126,Norte,Ambulatorio,Administrativos,F,1979-07-12,2023-05-31,2025-10-29,Involuntario,44
P0127,Norte,Hospitalización,Técnicos,F,1995-08-27,2020-12-04,,,44
P0128,Norte,Hospitalización,Profesionales,F,1977-05-02,2023-03-01,,,44
P0129,Norte,Urgencia,Auxiliares,F,1982-09-05,2013-01-28,,,44
P0130,Norte,Ambulatorio,Administrativos,F,1985-07-17,2008-07-06,,,44
P0131,Norte,Hospitalización,Técnicos,F,1995-01-10,2023-11-15,,,44
P0132,Norte,Urgencia,Auxiliares,F,1983-05-08,2018-11-14,,,44
P0133,Norte,Ambulatorio,Técnicos,M,1994-09-19,2023-10-17,,,44
P0134,Norte,UCI,Profesionales,F,1991-02-17,2021-04-07,2025-05-09,Voluntario,44
P0136,Norte,Urgencia,Profesionales,F,1985-10-24,2018-01-29,,,44
P0137,Norte,Hospitalización,Técnicos,F,1972-03-26,2013-11-10,,,44
P0138,Norte,Ambulatorio,Administrativos,F,1993-07-27,2022-03-23,,,44
P0139,Norte,Hospitalización,Técnicos,M,1987-06-14,2015-05-25,,,44
P0140,Norte,Apoyo,Administrativos,M,1979-02-14,2014-10-24,,,44
P0141,Norte,Hospitalización,Profesionales,F,1995-12-15,2018-01-05,,,44
P0142,Norte,Hospitalización,Directivos,M,1990-01-03,2022-07-29,2025-04-15,Voluntario,44
P0143,Norte,Pabellón,Técnicos,F,1985-08-02,2023-06-15,2026-07-22,Voluntario,44
P0144,Norte,Hospitalización,Auxiliares,F,2003-08-12,2024-04-19,2025-12-02,Voluntario,44
P0145,Norte,UCI,Profesionales,M,2001-09-04,2023-10-11,2026-01-29,Voluntario,44
P0146,Norte,Apoyo,Administrativos,F,1978-02-05,2009-08-11,2026-04-10,Voluntario,44
P0147,Norte,UCI,Técnicos,F,1981-05-28,2022-03-10,,,44
P0148,Norte,Hospitalización,Directivos,F,1973-08-01,2015-01-30,,,44
P0149,Norte,Pabellón,Directivos,M,1977-12-24,2023-08-31,,,44
P0151,Norte,Ambulatorio,Técnicos,F,1981-01-27,2019-03-09,,,44
P0152,Norte,Hospitalización,Técnicos,M,1983-05-28,2021-12-13,,,22
P0153,Norte,UCI,Profesionales,F,1992-10-24,2018-05-10,2025-03-25,Voluntario,44
P0154,Norte,Urgencia,Auxiliares,F,1987-04-25,2015-08-29,,,44
P0155,Norte,Apoyo,Administrativos,F,1987-07-10,2018-05-04,,,44
P0156,Norte,Hospitalización,Técnicos,F,1975-12-11,2022-01-02,,,44
P0157,Norte,Pabellón,Profesionales,F,1989-05-13,2020-09-24,,,44
P0158,Norte,Apoyo,Auxiliares,F,1988-09-15,2023-03-27,,,44
P0159,Norte,Apoyo,Administrativos,F,1975-08-20,2004-02-07,,,44
P0160,Norte,Pabellón,Profesionales,F,1986-09-15,2019-09-01,,,44
P0161,Norte,Apoyo,Administrativos,F,1970-04-20,2014-12-31,,,44
P0162,Norte,Urgencia,Profesionales,F,1995-10-17,2020-08-25,,,44
P0164,Norte,Hospitalización,Profesionales,F,1991-12-28,2021-04-08,2025-01-23,Voluntario,44
P0165,Norte,Apoyo,Auxiliares,F,1987-03-17,2015-07-10,,,44
P0166,Norte,Urgencia,Auxiliares,F,2002-06-14,2023-10-20,,,44
P0167,Norte,Ambulatorio,Administrativos,M,1977-04-18,2012-02-18,,,44
P0168,Norte,Apoyo,Administrativos,M,1989-12-22,2021-11-16,,,44
P0169,Norte,Pabellón,Profesionales,F,1973-12-16,2002-11-11,,,44
P0170,Norte,Urgencia,Técnicos,M,1985-06-25,2021-08-20,,,44
P0171,Norte,Ambulatorio,Profesionales,F,1995-09-09,2020-12-29,,,44
P0172,Norte,UCI,Técnicos,F,1991-09-08,2022-10-31,2026-08-03,Voluntario,44
P0173,Norte,Ambulatorio,Profesionales,F,1994-07-21,2015-09-01,,,44
P0174,Norte,Hospitalización,Auxiliares,F,1998-02-21,2022-03-05,,,44
P0175,Norte,Pabellón,Auxiliares,M,1973-10-20,2004-11-13,2026-07-28,Voluntario,44
P0176,Norte,Apoyo,Administrativos,M,1990-09-15,2020-05-31,,,44
P0177,Norte,Ambulatorio,Técnicos,F,1989-11-25,2016-11-23,,,44
P0178,Norte,Hospitalización,Técnicos,M,1986-08-11,2023-11-24,,,44
P0179,Norte,Pabellón,Profesionales,F,1998-06-23,2022-02-06,,,44
P0180,Norte,Apoyo,Auxiliares,M,1988-11-10,2015-09-09,,,44
P0181,Norte,Apoyo,Administrativos,M,1986-04-25,2017-03-29,,,44
P0182,Norte,Ambulatorio,Profesionales,F,1998-09-17,2019-07-09,,,44
P0183,Norte,Apoyo,Administrativos,M,1996-08-26,2017-08-29,,,22
P0184,Norte,Pabellón,Técnicos,F,1985-01-13,2017-10-19,,,44
P0185,Norte,Urgencia,Técnicos,F,1969-08-02,2017-04-09,,,44
P0186,Norte,UCI,Técnicos,F,1966-07-15,2004-08-08,,,44
P0187,Norte,UCI,Técnicos,F,1992-09-13,2019-11-07,2025-05-23,Voluntario,44
P0188,Norte,Urgencia,Profesionales,F,1987-09-14,2022-05-16,2025-12-16,Involuntario,44
P0189,Norte,Hospitalización,Profesionales,M,1964-07-20,2007-11-19,,,44
P0190,Norte,Hospitalización,Profesionales,F,1983-12-28,2024-04-17,,,22
P0191,Norte,Apoyo,Administrativos,F,1984-06-19,2020-04-17,2025-03-17,Voluntario,44
P0192,Norte,Hospitalización,Profesionales,F,1997-05-09,2018-01-10,,,22
P0193,Norte,Hospitalización,Técnicos,M,1979-06-23,2002-12-30,,,44
P0194,Norte,Ambulatorio,Técnicos,F,1992-12-05,2013-02-23,,,44
P0195,Norte,Apoyo,Administrativos,F,1989-08-28,2023-08-20,,,44
P0196,Norte,UCI,Profesionales,M,1981-10-24,2024-01-17,,,44
P0197,Norte,Apoyo,Administrativos,F,1974-12-25,2010-02-15,2025-04-15,Voluntario,44
P0198,Norte,Hospitalización,Auxiliares,M,1975-07-15,2019-09-07,,,44
P0199,Norte,Pabellón,Técnicos,M,2002-04-12,2023-11-16,2026-07-15,Involuntario,44
P0201,Norte,Pabellón,Profesionales,M,1996-08-24,2019-09-14,,,44
P0202,Norte,Ambulatorio,Profesionales,F,1972-09-21,2016-11-09,,,44
P0203,Norte,Urgencia,Profesionales,F,1988-04-17,2023-08-12,,,44
P0204,Norte,Apoyo,Directivos,F,1978-09-18,2018-01-16,,,44
P0205,Norte,Ambulatorio,Técnicos,F,1995-03-04,2022-06-22,,,44
P0206,Norte,UCI,Profesionales,M,2000-02-12,2021-11-15,,,44
P0207,Norte,UCI,Profesionales,F,1969-01-03,2013-12-10,2025-11-07,Involuntario,44
P0208,Norte,UCI,Técnicos,M,1993-11-26,2023-12-24,,,44
P0209,Norte,Pabellón,Técnicos,M,1986-03-25,2023-04-25,,,44
P0210,Norte,Hospitalización,Técnicos,M,1988-11-18,2019-06-26,,,44
P0211,Centro,Apoyo,Auxiliares,M,1980-02-11,2020-05-01,,,44
P0212,Centro,UCI,Técnicos,F,1986-09-13,2020-11-27,,,44
P0213,Centro,Ambulatorio,Administrativos,F,1996-12-13,2023-12-26,,,44
P0214,Centro,Hospitalización,Técnicos,F,2001-03-14,2022-08-12,2026-07-30,Voluntario,44
P0215,Centro,Urgencia,Técnicos,F,1997-05-14,2023-11-30,2025-05-28,Involuntario,44
P0216,Centro,Apoyo,Directivos,F,1974-07-06,2019-05-30,,,44
P0217,Centro,Pabellón,Profesionales,F,1994-05-08,2021-01-28,,,44
P0218,Centro,Urgencia,Técnicos,F,1982-06-15,2013-06-13,,,44
P0219,Centro,Apoyo,Administrativos,M,1989-07-11,2022-03-07,2025-12-25,Voluntario,44
P0220,Centro,Hospitalización,Auxiliares,F,1983-10-07,2021-07-03,2025-03-07,Voluntario,44
P0221,Centro,UCI,Técnicos,F,1993-04-09,2014-12-23,,,44
P0222,Centro,Pabellón,Auxiliares,F,1986-06-23,2017-06-11,,,44
P0223,Centro,UCI,Profesionales,F,1974-07-25,2018-04-03,,,44
P0224,Centro,Urgencia,Profesionales,F,1987-12-19,2016-04-05,,,44
P0225,Centro,UCI,Técnicos,M,2000-02-04,2023-07-09,2025-07-28,Voluntario,44
P0226,Centro,Hospitalización,Auxiliares,F,1989-02-15,2020-01-31,,,44
P0227,Centro,Urgencia,Técnicos,F,1981-12-08,2024-05-11,,,44
P0228,Centro,Hospitalización,Técnicos,F,1973-03-21,2014-11-30,2025-11-03,Involuntario,44
P0229,Centro,Hospitalización,Profesionales,F,1997-10-04,2023-01-18,,,44
P0230,Centro,Hospitalización,Profesionales,F,1996-11-11,2017-11-02,,,44
P0231,Centro,UCI,Profesionales,F,1994-12-05,2023-08-21,2025-02-26,Voluntario,44
P0232,Centro,Hospitalización,Profesionales,F,1982-11-06,2018-06-12,2025-08-04,Voluntario,44
P0234,Centro,Urgencia,Técnicos,F,1991-09-10,2022-06-05,2025-06-18,Voluntario,44
P0235,Centro,Ambulatorio,Administrativos,M,1977-09-07,2021-10-04,,,44
P0236,Centro,Ambulatorio,Profesionales,F,1960-06-28,1994-07-08,2025-06-16,Jubilación,44
P0237,Centro,Ambulatorio,Técnicos,F,1994-03-26,2021-11-28,,,44
P0238,Centro,Hospitalización,Profesionales,F,1993-12-10,2019-11-10,2026-07-31,Voluntario,44
P0239,Centro,Urgencia,Auxiliares,M,1966-03-23,2015-04-06,,,44
P0240,Centro,Ambulatorio,Administrativos,F,1987-10-21,2017-09-26,2026-01-30,Voluntario,44
P0241,Centro,UCI,Auxiliares,F,1996-06-15,2023-11-29,,,44
P0242,Centro,Ambulatorio,Administrativos,F,1965-11-23,2016-08-16,,,44
P0245,Centro,Urgencia,Auxiliares,M,1984-03-28,2023-02-21,,,44
P0246,Centro,Hospitalización,Técnicos,F,1970-07-21,2010-06-17,,,44
P0248,Centro,Urgencia,Profesionales,M,1986-02-04,2021-08-08,,,44
P0251,Centro,Apoyo,Administrativos,F,1983-10-24,2023-08-06,,,44
P0252,Centro,Ambulatorio,Técnicos,F,1986-09-07,2022-05-06,,,44
P0253,Centro,Apoyo,Directivos,F,1995-09-01,2020-05-27,,,44
P0254,Centro,Pabellón,Profesionales,M,1986-02-01,2017-08-11,,,44
P0255,Centro,Apoyo,Directivos,F,1987-07-23,2021-06-15,2026-04-01,Voluntario,44
P0256,Centro,Pabellón,Profesionales,F,2002-04-26,2023-12-22,,,44
P0257,Centro,Ambulatorio,Técnicos,F,1997-04-02,2018-04-27,,,44
P0258,Centro,UCI,Profesionales,F,1978-03-04,2017-12-02,,,22
P0259,Centro,Pabellón,Profesionales,M,1990-12-25,2020-02-18,2025-11-24,Involuntario,44
P0260,Centro,Apoyo,Administrativos,F,1982-05-23,2021-02-18,,,44
P0261,Centro,Apoyo,Administrativos,M,1982-02-08,2023-06-22,,,44
P0262,Centro,Urgencia,Profesionales,M,1999-03-28,2021-10-13,,,22
P0263,Centro,UCI,Profesionales,M,1999-10-12,2022-10-15,,,44
P0264,Centro,Hospitalización,Técnicos,F,1978-08-28,2024-03-20,2026-04-24,Voluntario,44
P0265,Centro,Pabellón,Profesionales,F,1997-08-12,2023-02-26,,,44
P0266,Centro,Urgencia,Técnicos,F,1980-12-01,2022-11-28,,,44
P0267,Centro,Ambulatorio,Administrativos,F,1992-01-05,2023-11-03,,,44
P0268,Centro,Apoyo,Administrativos,F,1976-12-03,2017-04-06,2026-11-20,Voluntario,44
P0269,Centro,Urgencia,Técnicos,F,1980-07-23,2023-08-29,,,44
P0270,Centro,Hospitalización,Auxiliares,M,2002-02-05,2023-08-15,2026-02-03,Voluntario,44
P0271,Centro,Urgencia,Técnicos,F,1994-02-06,2015-09-05,,,44
P0272,Centro,UCI,Profesionales,F,1977-12-08,2012-11-08,,,44
P0273,Centro,Hospitalización,Auxiliares,M,1985-09-08,2023-05-09,2026-05-20,Voluntario,44
P0274,Centro,Urgencia,Profesionales,F,1994-04-27,2015-05-24,2025-06-06,Involuntario,44
P0275,Centro,Apoyo,Administrativos,F,1973-02-28,1994-07-08,,,44
P0276,Centro,Pabellón,Profesionales,M,1998-07-16,2019-05-20,,,22
P0277,Centro,Hospitalización,Profesionales,M,1979-04-21,2022-07-13,,,44
P0278,Centro,Urgencia,Profesionales,F,1990-09-08,2023-08-12,,,44
P0279,Centro,Apoyo,Auxiliares,F,2000-09-11,2021-10-30,,,44
P0281,Centro,Urgencia,Profesionales,F,1988-04-19,2022-11-04,,,44
P0282,Centro,Ambulatorio,Administrativos,F,2002-12-23,2023-05-03,,,44
P0283,Centro,Urgencia,Auxiliares,M,1971-03-16,2013-08-19,,,22
P0285,Centro,Hospitalización,Profesionales,M,1986-06-03,2019-03-15,,,44
P0287,Centro,Ambulatorio,Técnicos,F,1989-03-13,2011-04-15,,,44
P0288,Centro,Ambulatorio,Administrativos,F,1965-10-02,2006-09-09,,,44
P0289,Centro,Hospitalización,Profesionales,F,2000-12-22,2021-12-11,,,44
P0290,Centro,Hospitalización,Profesionales,F,2003-02-24,2024-01-29,2025-08-08,Voluntario,22
P0291,Centro,Pabellón,Profesionales,M,1997-03-15,2020-08-01,,,22
P0292,Centro,Hospitalización,Auxiliares,F,2003-07-06,2024-01-14,2025-10-14,Voluntario,44
P0293,Centro,UCI,Técnicos,M,1984-03-02,2024-04-23,2025-11-11,Voluntario,44
P0294,Centro,UCI,Técnicos,F,1969-05-10,2016-08-24,,,44
P0295,Centro,Ambulatorio,Profesionales,F,1994-10-16,2021-10-24,,,44
P0296,Centro,Hospitalización,Profesionales,F,1970-07-16,2013-05-14,,,44
P0297,Centro,Pabellón,Profesionales,F,1987-08-09,2011-07-04,2026-07-02,Involuntario,44
P0298,Centro,Ambulatorio,Técnicos,F,1990-09-14,2023-12-17,,,44
P0299,Centro,Hospitalización,Técnicos,F,1974-02-13,2012-05-28,,,44
P0300,Centro,UCI,Técnicos,F,1999-03-06,2023-09-24,,,44
P0301,Centro,Hospitalización,Directivos,M,1995-05-11,2021-01-26,,,44
P0302,Centro,Hospitalización,Técnicos,F,2001-01-26,2022-07-24,,,44
P0303,Centro,Pabellón,Técnicos,F,1961-05-28,2004-06-04,,,44
P0304,Centro,Hospitalización,Técnicos,F,1978-05-13,2018-11-13,,,44
P0305,Centro,Hospitalización,Profesionales,M,1984-05-10,2016-04-14,,,44
P0306,Centro,Urgencia,Directivos,M,1984-05-24,2020-12-26,,,44
P0307,Centro,Ambulatorio,Administrativos,M,1980-03-03,2015-12-15,2025-07-02,Involuntario,44
P0308,Centro,Apoyo,Auxiliares,F,2003-04-27,2024-04-27,,,22
P0309,Centro,Hospitalización,Profesionales,F,2000-11-01,2021-09-28,2026-12-31,Voluntario,44
P0311,Centro,Urgencia,Auxiliares,F,1983-04-09,2015-06-04,,,44
P0313,Centro,Ambulatorio,Profesionales,M,1986-05-22,2010-12-16,,,44
P0314,Centro,Pabellón,Profesionales,F,1990-05-09,2022-07-23,,,44
P0315,Centro,Hospitalización,Técnicos,F,1981-07-22,2022-11-07,,,44
P0316,Centro,Pabellón,Profesionales,F,1989-12-02,2010-04-06,,,44
P0317,Centro,Urgencia,Técnicos,F,1998-12-26,2019-08-07,,,44
P0318,Centro,Hospitalización,Profesionales,F,1979-06-12,2012-03-13,,,44
P0319,Centro,Pabellón,Auxiliares,F,1974-03-07,2021-08-13,,,44
P0320,Centro,Apoyo,Administrativos,F,1987-03-11,2023-12-29,,,44
P0321,Centro,Ambulatorio,Profesionales,F,1984-10-14,2015-10-30,,,44
P0322,Centro,Hospitalización,Técnicos,F,1997-09-07,2024-05-30,2026-02-04,Voluntario,22
P0323,Centro,Hospitalización,Auxiliares,F,1999-02-27,2022-04-03,2026-06-26,Voluntario,22
P0324,Centro,Pabellón,Técnicos,F,1991-03-11,2021-02-01,,,44
P0325,Centro,Hospitalización,Directivos,F,1990-12-21,2023-01-28,,,44
P0326,Centro,UCI,Técnicos,F,1988-01-22,2018-08-24,,,44
P0327,Centro,Urgencia,Técnicos,F,1994-11-21,2023-09-16,,,22
P0328,Centro,Pabellón,Técnicos,F,1992-02-17,2017-04-06,2025-11-10,Involuntario,44
P0329,Centro,Urgencia,Profesionales,F,1998-12-14,2023-03-01,2026-01-12,Involuntario,44
P0330,Centro,Hospitalización,Auxiliares,F,1992-11-03,2022-02-02,,,44
P0331,Centro,Urgencia,Profesionales,M,1984-04-15,2020-03-14,,,44
P0333,Centro,Apoyo,Administrativos,F,2002-10-09,2023-08-09,,,44
P0334,Centro,Hospitalización,Técnicos,F,1957-07-23,2004-11-03,2025-04-14,Involuntario,44
P0335,Centro,Ambulatorio,Profesionales,F,1982-07-19,2017-05-10,,,44
P0336,Centro,UCI,Técnicos,M,1989-12-05,2018-10-31,2025-07-04,Voluntario,44
P0337,Centro,UCI,Profesionales,F,1982-04-22,2012-05-04,,,44
P0338,Centro,Ambulatorio,Técnicos,F,1996-03-27,2017-12-18,2025-08-04,Voluntario,44
P0339,Centro,Urgencia,Auxiliares,F,1995-08-11,2020-04-10,,,44
P0340,Centro,Hospitalización,Técnicos,F,1990-08-15,2021-05-27,,,44
P0342,Centro,Pabellón,Profesionales,M,1987-06-27,2017-10-28,,,22
P0343,Centro,Pabellón,Técnicos,F,1990-11-08,2020-08-27,,,22
P0344,Centro,Ambulatorio,Técnicos,F,1995-03-16,2021-09-09,,,44
P0345,Centro,Hospitalización,Auxiliares,F,1988-02-25,2021-07-04,,,44
P0346,Centro,UCI,Técnicos,F,1999-09-05,2020-11-27,2025-09-16,Voluntario,44
P0347,Centro,Pabellón,Técnicos,M,1985-12-19,2019-03-23,,,44
P0348,Centro,UCI,Técnicos,M,2001-07-20,2022-03-03,,,44
P0349,Centro,Apoyo,Directivos,F,1994-12-17,2020-11-18,,,44
P0350,Centro,Apoyo,Auxiliares,F,1970-04-07,2008-01-23,2025-06-23,Involuntario,44
P0352,Centro,Pabellón,Técnicos,F,1987-12-27,2017-11-25,,,44
P0353,Centro,Urgencia,Profesionales,F,1984-03-10,2021-08-16,,,44
P0354,Centro,Ambulatorio,Profesionales,F,1986-08-04,2019-10-29,,,44
P0355,Centro,Hospitalización,Técnicos,F,1984-07-13,2014-12-10,2025-04-21,Voluntario,44
P0356,Centro,Apoyo,Administrativos,F,1988-08-27,2016-05-02,2026-06-22,Voluntario,44
P0357,Centro,Ambulatorio,Profesionales,F,1995-02-06,2016-10-04,,,44
P0358,Centro,Urgencia,Profesionales,F,1983-05-01,2022-08-28,2026-04-22,Involuntario,44
P0359,Centro,Urgencia,Profesionales,M,2003-08-26,2024-03-08,,,44
P0360,Centro,Hospitalización,Profesionales,F,1998-09-13,2020-04-12,,,44
P0361,Centro,Hospitalización,Técnicos,F,2002-11-01,2023-01-08,,,44
P0362,Centro,UCI,Auxiliares,F,1997-06-13,2022-10-27,2025-05-05,Voluntario,44
P0363,Centro,Pabellón,Profesionales,M,1988-08-16,2009-12-20,,,22
P0364,Centro,Pabellón,Auxiliares,M,1981-09-18,2023-05-26,,,22
P0365,Centro,Ambulatorio,Administrativos,F,2000-12-25,2021-03-10,,,44
P0366,Centro,UCI,Profesionales,F,1989-02-02,2016-12-06,,,44
P0367,Centro,Ambulatorio,Administrativos,F,1997-07-22,2021-05-11,,,44
P0368,Centro,Urgencia,Técnicos,M,1989-06-17,2024-03-20,,,44
P0369,Centro,Urgencia,Técnicos,F,1996-09-08,2021-01-17,,,44
P0370,Centro,Apoyo,Auxiliares,F,1994-01-18,2016-08-30,,,44
P0371,Centro,Pabellón,Profesionales,F,1985-12-12,2019-09-29,,,44
P0372,Centro,Urgencia,Profesionales,F,1973-02-06,2018-09-29,,,44
P0373,Centro,Ambulatorio,Directivos,M,1969-05-04,2019-09-22,,,44
P0374,Centro,Apoyo,Administrativos,F,1981-05-20,2017-10-29,,,22
P0375,Centro,Hospitalización,Técnicos,F,1996-07-06,2017-05-29,,,22
P0376,Centro,Ambulatorio,Técnicos,F,1989-12-11,2013-07-04,,,44
P0377,Centro,Hospitalización,Técnicos,F,1983-03-18,2023-05-04,,,44
P0378,Centro,Ambulatorio,Técnicos,F,1994-01-18,2015-09-16,,,44
P0379,Centro,UCI,Profesionales,M,2000-03-15,2021-07-05,,,44
P0380,Centro,Urgencia,Profesionales,M,1983-11-06,2004-07-25,,,44
P0382,Centro,Hospitalización,Técnicos,F,1999-07-16,2020-02-15,,,44
P0383,Centro,UCI,Profesionales,F,1975-10-18,2003-10-11,,,44
P0384,Centro,UCI,Auxiliares,F,1979-04-17,2024-01-05,,,44
P0385,Centro,Ambulatorio,Administrativos,M,2000-09-21,2024-06-16,2025-04-28,Voluntario,44
P0386,Centro,UCI,Técnicos,F,1985-06-24,2018-01-04,2026-11-30,Voluntario,44
P0388,Centro,Apoyo,Administrativos,M,1984-05-03,2011-11-10,2026-07-13,Involuntario,44
P0389,Centro,Pabellón,Profesionales,F,2000-10-22,2021-04-29,,,44
P0390,Centro,Apoyo,Administrativos,F,2001-03-04,2024-01-26,,,22
P0391,Centro,Apoyo,Administrativos,F,1980-11-05,2011-11-24,,,44
P0392,Centro,Apoyo,Administrativos,F,1994-01-23,2021-02-10,,,44
P0393,Centro,Ambulatorio,Profesionales,M,1987-02-14,2019-03-02,,,44
P0394,Centro,Apoyo,Administrativos,F,1990-04-01,2011-12-11,,,44
P0395,Centro,Urgencia,Profesionales,F,1991-03-14,2018-02-15,,,44
P0396,Centro,Hospitalización,Técnicos,F,1978-09-16,2016-01-25,,,44
P0398,Centro,Urgencia,Técnicos,M,1971-10-23,2015-04-02,,,44
P0399,Centro,UCI,Técnicos,F,1987-05-08,2014-02-08,,,44
P0400,Centro,UCI,Profesionales,F,1976-03-21,2004-08-23,2026-10-09,Involuntario,44
P0401,Centro,Apoyo,Administrativos,M,2002-10-06,2023-03-14,,,44
P0402,Centro,Apoyo,Administrativos,F,1992-11-13,2022-07-24,,,44
P0403,Centro,Ambulatorio,Administrativos,M,1998-06-27,2019-09-19,,,44
P0404,Centro,Apoyo,Administrativos,F,1996-02-18,2022-09-07,,,22
P0405,Centro,Apoyo,Auxiliares,M,1977-04-25,2019-05-15,,,44
P0406,Centro,Apoyo,Auxiliares,F,1992-07-21,2020-07-21,,,44
P0407,Centro,Ambulatorio,Técnicos,F,1993-05-03,2021-11-20,,,44
P0409,Centro,Hospitalización,Profesionales,F,1983-06-05,2022-08-25,,,44
P0410,Centro,Apoyo,Administrativos,M,2003-01-28,2024-06-16,,,44
P0411,Centro,Apoyo,Directivos,F,1987-07-16,2022-07-11,,,44
P0412,Centro,Hospitalización,Auxiliares,F,1986-02-23,2015-07-13,,,44
P0413,Centro,UCI,Profesionales,F,1989-05-08,2023-11-11,,,44
P0414,Centro,Hospitalización,Técnicos,F,1995-06-28,2021-03-29,,,44
P0415,Centro,Apoyo,Administrativos,M,1980-07-07,2014-05-29,,,44
P0416,Centro,Ambulatorio,Profesionales,M,1999-11-17,2020-05-06,,,44
P0417,Centro,Hospitalización,Auxiliares,F,1990-05-16,2024-03-15,,,44
P0418,Centro,Hospitalización,Técnicos,M,1983-06-01,2019-08-11,,,44
P0419,Centro,UCI,Técnicos,F,1980-06-22,2018-03-16,,,44
P0420,Centro,Urgencia,Técnicos,M,1990-03-21,2020-10-05,,,44
P0421,Centro,Pabellón,Auxiliares,F,1992-05-23,2024-01-20,,,44
P0422,Centro,Pabellón,Auxiliares,F,1983-08-14,2021-10-16,,,44
P0423,Centro,Hospitalización,Profesionales,M,1983-02-03,2016-05-01,,,44
P0424,Centro,Ambulatorio,Técnicos,F,1955-10-05,1994-07-08,2025-07-08,Jubilación,44
P0425,Centro,Hospitalización,Técnicos,F,1995-01-22,2020-12-26,,,44
P0426,Centro,Pabellón,Auxiliares,F,1978-03-23,2008-02-14,,,44
P0427,Centro,Ambulatorio,Administrativos,F,2000-08-18,2021-01-27,,,44
P0428,Centro,Hospitalización,Profesionales,F,1998-03-12,2024-06-07,,,44
P0429,Centro,Ambulatorio,Técnicos,M,1999-12-24,2023-03-31,,,44
P0430,Centro,Urgencia,Técnicos,F,1987-10-26,2020-02-21,2026-02-23,Voluntario,44
P0431,Centro,Pabellón,Profesionales,F,1990-08-20,2023-04-01,,,44
P0432,Centro,Apoyo,Administrativos,F,1968-03-23,2002-12-27,,,44
P0433,Centro,Urgencia,Profesionales,M,1999-12-26,2021-03-25,2026-01-16,Voluntario,22
P0434,Centro,Urgencia,Profesionales,F,1990-03-07,2021-07-05,2026-02-16,Involuntario,44
P0435,Centro,Urgencia,Directivos,F,1972-01-07,2016-12-23,,,44
P0436,Centro,UCI,Profesionales,F,1978-05-16,2007-11-18,2026-07-22,Involuntario,44
P0437,Centro,Urgencia,Técnicos,F,1992-04-01,2022-02-22,,,44
P0439,Centro,Ambulatorio,Administrativos,F,1977-06-26,2023-09-10,,,44
P0440,Centro,Hospitalización,Técnicos,F,1993-12-15,2022-10-07,,,44
P0441,Centro,Pabellón,Técnicos,F,1983-09-06,2022-02-25,,,22
P0442,Centro,Hospitalización,Técnicos,F,2002-07-24,2024-06-29,,,44
P0443,Centro,Ambulatorio,Profesionales,F,1994-09-22,2016-11-04,,,44
P0444,Centro,Urgencia,Técnicos,M,1996-03-06,2024-01-31,2026-12-01,Involuntario,44
P0445,Centro,Urgencia,Técnicos,F,1992-05-02,2013-08-24,,,44
P0446,Centro,Apoyo,Administrativos,M,1992-02-15,2020-06-11,2025-02-24,Involuntario,44
P0448,Centro,Ambulatorio,Técnicos,F,1999-04-19,2023-03-28,,,44
P0449,Centro,Hospitalización,Profesionales,F,1997-02-06,2018-05-24,2025-05-06,Involuntario,44
P0450,Centro,UCI,Técnicos,M,1985-06-18,2019-01-02,2025-03-11,Voluntario,44
P0451,Sur,Ambulatorio,Técnicos,F,1991-09-24,2016-09-26,,,44
P0454,Sur,Urgencia,Técnicos,F,1999-10-08,2023-08-09,,,44
P0455,Sur,Hospitalización,Auxiliares,M,1984-12-23,2016-07-20,2026-07-01,Voluntario,44
P0456,Sur,Hospitalización,Técnicos,F,1994-01-25,2019-05-08,,,44
P0457,Sur,Apoyo,Administrativos,M,1972-11-25,2015-09-04,2025-10-30,Involuntario,44
P0458,Sur,Hospitalización,Técnicos,F,2001-03-02,2022-02-15,2025-10-24,Voluntario,44
P0459,Sur,Ambulatorio,Profesionales,F,1992-05-03,2022-01-15,,,44
P0460,Sur,Pabellón,Técnicos,F,1973-04-03,1994-07-08,,,44
P0461,Sur,Hospitalización,Técnicos,F,2001-03-12,2023-03-26,,,44
P0463,Sur,Urgencia,Auxiliares,M,1977-12-26,2008-10-29,,,44
P0464,Sur,Hospitalización,Técnicos,F,1994-05-18,2023-02-17,,,44
P0465,Sur,UCI,Profesionales,F,1983-05-07,2019-04-03,,,44
P0466,Sur,UCI,Profesionales,F,1989-11-12,2021-07-19,,,44
P0467,Sur,UCI,Profesionales,M,1984-10-18,2021-08-16,,,44
P0468,Sur,Hospitalización,Técnicos,F,1981-11-12,2016-04-26,,,44
P0469,Sur,Urgencia,Profesionales,M,1969-05-08,2021-07-24,2025-10-31,Voluntario,44
P0470,Sur,Urgencia,Técnicos,F,1976-11-22,2005-02-08,,,44
P0471,Sur,Apoyo,Directivos,M,1983-09-22,2022-02-07,,,44
P0473,Sur,Pabellón,Auxiliares,F,1982-06-14,2023-09-29,,,44
P0474,Sur,Ambulatorio,Profesionales,F,2002-01-25,2023-04-02,,,44
P0475,Sur,Urgencia,Técnicos,M,2002-03-28,2023-08-20,,,44
P0476,Sur,Hospitalización,Técnicos,M,1970-07-08,2003-09-15,,,44
P0478,Sur,Ambulatorio,Administrativos,M,1990-10-20,2021-06-29,,,44
P0479,Sur,Pabellón,Auxiliares,F,1990-01-18,2011-11-23,,,44
P0480,Sur,Apoyo,Auxiliares,F,1998-05-20,2022-06-24,,,44
P0481,Sur,Urgencia,Técnicos,F,1987-01-06,2011-01-09,2026-01-12,Involuntario,44
P0482,Sur,Hospitalización,Técnicos,F,1982-12-04,2017-01-16,,,44
P0483,Sur,Ambulatorio,Directivos,F,1983-03-11,2018-10-27,,,44
P0484,Sur,Urgencia,Técnicos,F,1991-08-10,2021-03-27,,,44
P0485,Sur,Hospitalización,Técnicos,F,1985-01-20,2022-09-30,,,44
P0486,Sur,Pabellón,Técnicos,F,2002-04-18,2024-01-01,,,44
P0487,Sur,Urgencia,Profesionales,F,2002-06-03,2023-07-22,,,22
P0488,Sur,UCI,Técnicos,F,1992-09-06,2017-06-12,,,44
P0489,Sur,Urgencia,Técnicos,M,1985-09-03,2022-02-28,2026-10-23,Voluntario,44
P0490,Sur,Hospitalización,Técnicos,F,1999-10-02,2020-01-15,,,44
P0491,Sur,UCI,Auxiliares,F,1974-09-19,1998-10-13,,,44
P0492,Sur,Pabellón,Técnicos,F,1992-03-20,2018-07-04,,,44
P0493,Sur,Urgencia,Técnicos,F,1980-07-14,2014-12-11,,,22
P0495,Sur,Hospitalización,Técnicos,M,1969-11-16,2005-03-07,,,44
P0496,Sur,Pabellón,Técnicos,F,1964-06-15,2011-02-24,,,44
P0497,Sur,Ambulatorio,Profesionales,F,1995-06-03,2019-11-23,,,44
P0499,Sur,Ambulatorio,Profesionales,F,2000-08-27,2024-04-21,,,44
P0500,Sur,Urgencia,Técnicos,M,1984-08-17,2015-06-24,,,22
P0501,Sur,Hospitalización,Auxiliares,F,1985-02-27,2016-08-04,,,44
P0502,Sur,Hospitalización,Auxiliares,F,1997-01-22,2023-10-05,,,44
P0503,Sur,Apoyo,Administrativos,M,1969-11-07,2015-10-14,,,44
P0504,Sur,Hospitalización,Técnicos,F,1990-05-04,2023-09-30,,,22
P0505,Sur,Hospitalización,Profesionales,F,1986-10-11,2017-03-11,,,44
P0506,Sur,Apoyo,Administrativos,F,1987-07-06,2021-08-06,,,44
P0507,Sur,UCI,Técnicos,F,1986-09-03,2021-11-11,,,44
P0509,Sur,Apoyo,Administrativos,F,1983-06-15,2009-11-12,2026-05-06,Involuntario,44
P0510,Sur,Pabellón,Auxiliares,F,2001-10-05,2022-07-05,,,44
P0511,Sur,Urgencia,Profesionales,F,1989-03-16,2020-10-16,,,44
P0512,Sur,UCI,Profesionales,F,1971-08-04,2008-06-24,2025-06-24,Voluntario,44
P0513,Sur,Ambulatorio,Profesionales,F,1962-07-11,2005-10-14,,,44
P0514,Sur,Ambulatorio,Administrativos,F,1969-01-25,2010-06-29,,,44
P0515,Sur,Hospitalización,Técnicos,F,1997-11-10,2023-03-12,2026-11-19,Voluntario,44
P0516,Sur,Apoyo,Directivos,M,1971-09-13,2019-04-04,,,44
P0517,Sur,Urgencia,Auxiliares,F,1982-02-28,2003-11-17,,,44
P0518,Sur,UCI,Técnicos,F,1996-07-18,2017-01-14,,,44
P0519,Sur,Pabellón,Auxiliares,F,1995-03-05,2021-10-26,,,22
P0520,Sur,Apoyo,Administrativos,F,1954-03-21,2002-05-21,,,44
P0521,Sur,UCI,Auxiliares,F,1997-07-12,2018-08-24,2025-08-26,Voluntario,44
P0522,Sur,Pabellón,Técnicos,F,1979-09-19,2017-01-11,,,44
P0523,Sur,Ambulatorio,Profesionales,F,1980-05-15,2020-07-23,2026-06-15,Voluntario,44
P0524,Sur,UCI,Técnicos,F,1975-10-10,2017-08-03,2026-12-14,Voluntario,44
P0525,Sur,Urgencia,Técnicos,F,1984-05-10,2010-04-26,2025-11-14,Voluntario,44
P0526,Sur,Pabellón,Técnicos,F,1980-12-20,2018-02-03,,,22
P0527,Sur,Urgencia,Técnicos,F,1993-12-04,2022-10-03,,,44
P0528,Sur,UCI,Profesionales,M,1986-04-16,2023-05-05,2025-03-10,Voluntario,44
P0529,Sur,Apoyo,Directivos,M,1974-07-25,2019-01-26,,,44
P0530,Sur,Pabellón,Auxiliares,F,2003-02-02,2024-02-29,,,44
P0532,Sur,Pabellón,Técnicos,F,1983-01-04,2004-12-04,,,44
P0534,Sur,UCI,Profesionales,F,1998-02-01,2019-09-28,,,44
P0535,Sur,UCI,Profesionales,M,1986-02-23,2019-02-03,,,44
P0536,Sur,Hospitalización,Auxiliares,M,1976-03-04,2018-03-28,2025-11-27,Involuntario,44
P0537,Sur,Apoyo,Administrativos,F,1988-06-09,2009-02-23,,,44
P0538,Sur,Hospitalización,Técnicos,M,1985-05-06,2024-02-16,2025-03-12,Voluntario,44
P0539,Sur,Pabellón,Profesionales,F,1994-12-09,2015-09-20,,,44
P0540,Sur,Hospitalización,Técnicos,F,1989-11-01,2010-11-24,,,44
P0541,Sur,Ambulatorio,Administrativos,F,1979-07-13,2019-05-16,,,44
P0542,Sur,Pabellón,Profesionales,M,1979-08-04,2006-01-06,,,44
P0543,Sur,UCI,Profesionales,M,1978-06-03,2018-07-02,,,44
P0544,Sur,Hospitalización,Técnicos,F,1966-05-23,2003-12-14,2026-02-19,Voluntario,44
P0545,Sur,Pabellón,Auxiliares,F,1989-10-08,2021-01-16,,,44
P0546,Sur,Hospitalización,Técnicos,F,1982-01-02,2013-09-20,,,44
P0547,Sur,UCI,Técnicos,M,1986-04-03,2007-08-15,,,22
P0548,Sur,Pabellón,Auxiliares,M,1997-03-01,2024-03-20,2025-08-21,Involuntario,44
P0549,Sur,Ambulatorio,Técnicos,F,1991-08-20,2023-05-18,,,44
P0550,Sur,Hospitalización,Auxiliares,M,1973-06-04,2000-05-06,2026-06-23,Voluntario,44
P0551,Sur,Ambulatorio,Administrativos,F,1987-03-25,2015-11-01,,,44
P0552,Sur,Ambulatorio,Técnicos,F,1981-08-03,2015-06-26,2026-01-29,Involuntario,22
P0553,Sur,UCI,Auxiliares,M,1989-04-05,2021-04-09,,,44
P0555,Sur,Hospitalización,Profesionales,F,1998-09-17,2019-12-20,2026-09-01,Voluntario,44
P0556,Sur,Ambulatorio,Técnicos,F,1961-03-06,2003-10-02,2026-09-16,Jubilación,44
P0557,Sur,Hospitalización,Técnicos,M,1991-12-02,2022-01-21,,,44
P0558,Sur,Pabellón,Profesionales,M,1982-10-19,2010-12-24,,,44
P0559,Sur,Hospitalización,Auxiliares,F,1993-07-08,2022-02-17,,,22
P0560,Sur,Hospitalización,Profesionales,F,1997-06-05,2018-11-11,,,44
P0561,Sur,Hospitalización,Técnicos,F,1994-08-15,2024-04-20,,,44
P0562,Sur,Hospitalización,Profesionales,M,1980-03-19,2015-01-04,2026-01-05,Voluntario,44
P0563,Sur,Apoyo,Administrativos,F,1960-12-14,1994-07-08,,,44
P0564,Sur,Pabellón,Auxiliares,F,1995-10-01,2019-02-15,2026-07-27,Involuntario,44
P0565,Sur,Ambulatorio,Técnicos,F,1979-12-24,2023-11-18,2025-01-06,Voluntario,44
P0566,Sur,Hospitalización,Directivos,M,1979-03-23,2024-05-26,2026-02-16,Voluntario,44
P0567,Sur,UCI,Directivos,F,1984-06-21,2020-10-05,,,44
P0568,Sur,Apoyo,Administrativos,F,1999-05-23,2024-04-19,,,44
P0569,Sur,Apoyo,Auxiliares,M,2002-02-13,2024-02-28,,,44
P0570,Sur,Urgencia,Técnicos,F,2003-04-05,2024-01-31,2026-01-20,Involuntario,44
P0571,Sur,Pabellón,Auxiliares,M,1985-04-11,2019-04-18,,,44
P0572,Sur,Hospitalización,Profesionales,F,1976-09-27,2021-12-16,2025-03-07,Involuntario,44
P0573,Sur,UCI,Técnicos,M,1973-08-03,2007-01-25,2025-10-30,Involuntario,44
P0574,Sur,Apoyo,Administrativos,F,1993-08-05,2022-07-24,,,44
P0575,Sur,Hospitalización,Técnicos,F,1971-04-27,2018-04-17,,,44
P0576,Sur,Hospitalización,Técnicos,F,1984-12-17,2022-02-16,,,44
P0577,Sur,Urgencia,Técnicos,F,2002-01-05,2023-05-15,2025-11-07,Voluntario,44
P0579,Sur,Urgencia,Directivos,F,1986-12-02,2019-05-17,,,44
P0580,Sur,Apoyo,Administrativos,F,1988-08-25,2023-09-21,,,44
P0581,Sur,Urgencia,Técnicos,F,1974-05-25,2002-03-27,,,44
P0582,Sur,Pabellón,Auxiliares,M,1999-12-16,2020-12-30,,,44
P0583,Sur,Hospitalización,Técnicos,F,1980-11-07,2013-06-23,,,44
P0584,Sur,Pabellón,Técnicos,F,1985-09-13,2017-10-27,,,44
P0585,Sur,Apoyo,Directivos,F,1978-06-01,2021-10-23,,,44
P0586,Sur,Apoyo,Auxiliares,M,1999-08-24,2023-12-13,2025-09-23,Voluntario,44
P0587,Sur,Ambulatorio,Directivos,M,1976-02-05,2021-03-11,,,44
P0588,Sur,Apoyo,Directivos,M,1977-07-03,2024-02-02,,,44
P0589,Sur,Hospitalización,Profesionales,F,1984-07-10,2020-10-11,,,44
P0590,Sur,Ambulatorio,Profesionales,F,1992-01-26,2019-08-02,,,22
P0591,Sur,UCI,Auxiliares,F,1993-02-25,2021-04-05,,,44
P0592,Sur,Ambulatorio,Técnicos,M,1995-11-22,2019-07-02,2025-02-14,Voluntario,44
P0593,Sur,Pabellón,Técnicos,F,1975-12-05,2013-04-23,,,44
P0595,Sur,Urgencia,Técnicos,M,1982-05-09,2019-10-17,,,44
P0596,Sur,UCI,Técnicos,F,2003-06-25,2024-06-02,,,44
P0597,Sur,Hospitalización,Profesionales,F,1974-09-23,2010-11-12,,,44
P0598,Sur,Pabellón,Profesionales,M,1993-08-12,2014-04-03,,,44
P0599,Sur,Ambulatorio,Profesionales,F,1984-12-05,2017-01-28,,,44
P0600,Sur,Apoyo,Administrativos,F,1990-01-25,2015-11-12,,,44
P0601,Sur,Urgencia,Técnicos,F,1986-05-22,2019-02-08,,,22
P0602,Sur,UCI,Técnicos,F,1994-01-03,2023-02-28,,,44
P0603,Sur,Pabellón,Profesionales,M,1990-02-04,2012-11-29,,,44
P0604,Sur,Urgencia,Técnicos,M,1985-12-16,2009-01-10,,,44
P0605,Sur,Apoyo,Administrativos,F,1989-02-25,2021-11-14,2025-09-09,Involuntario,44
P0606,Sur,Urgencia,Técnicos,F,1980-01-03,2017-03-08,,,44
P0607,Sur,UCI,Profesionales,F,1979-07-07,2002-02-02,,,44
P0608,Sur,Apoyo,Administrativos,F,1996-11-04,2024-06-02,2026-07-07,Involuntario,44
P0609,Sur,UCI,Directivos,M,1974-04-11,2016-05-21,,,44
P0610,Sur,Hospitalización,Técnicos,F,1977-10-09,2015-10-27,,,44
P0612,Centro,Hospitalización,Auxiliares,F,1994-11-14,2024-08-26,,,44
P0613,Centro,Hospitalización,Técnicos,F,2002-01-16,2024-09-02,,,22
P0615,Centro,Urgencia,Profesionales,F,1999-09-10,2024-09-09,,,44
P0616,Norte,Hospitalización,Auxiliares,F,1996-08-02,2024-09-10,,,44
P0617,Centro,Ambulatorio,Profesionales,F,1978-07-21,2024-09-10,,,44
P0618,Centro,Urgencia,Profesionales,M,1980-02-03,2024-09-16,2025-08-05,Voluntario,44
P0619,Centro,Apoyo,Administrativos,M,1986-03-13,2024-09-20,,,44
P0620,Norte,Hospitalización,Profesionales,F,1989-04-19,2024-09-23,,,44
P0621,Sur,UCI,Auxiliares,F,1996-06-12,2024-09-23,2026-01-27,Voluntario,44
P0622,Centro,Urgencia,Técnicos,M,2003-12-11,2024-09-23,,,22
P0623,Centro,Pabellón,Profesionales,F,1994-03-10,2024-10-02,,,44
P0624,Norte,UCI,Técnicos,F,2000-03-27,2024-10-04,,,44
P0625,Norte,Ambulatorio,Profesionales,F,1995-05-06,2024-10-07,,,44
P0626,Sur,Apoyo,Administrativos,F,1991-07-09,2024-10-08,,,44
P0627,Centro,Hospitalización,Técnicos,F,2003-11-12,2024-10-15,,,22
P0628,Centro,Apoyo,Administrativos,F,1992-01-14,2024-10-21,,,44
P0629,Norte,Hospitalización,Técnicos,F,1996-03-28,2024-10-21,2025-01-15,Involuntario,44
P0630,Norte,Hospitalización,Técnicos,F,2003-08-03,2024-10-21,,,44
P0631,Centro,UCI,Directivos,M,1989-12-26,2024-10-24,,,44
P0632,Centro,Pabellón,Profesionales,F,2003-08-14,2024-10-28,,,44
P0634,Centro,Apoyo,Administrativos,F,1983-06-11,2024-10-30,,,44
P0635,Sur,Urgencia,Profesionales,M,2002-07-11,2024-11-04,,,44
P0636,Norte,Hospitalización,Profesionales,F,1995-06-01,2024-11-25,,,22
P0637,Sur,Hospitalización,Técnicos,F,1991-01-13,2024-11-27,,,44
P0638,Sur,Ambulatorio,Administrativos,M,1983-03-01,2024-12-02,,,44
P0639,Sur,Urgencia,Auxiliares,F,1995-07-02,2024-12-06,,,44
P0640,Sur,Apoyo,Administrativos,F,1996-05-09,2024-12-10,,,22
P0641,Norte,Pabellón,Profesionales,F,1991-04-22,2024-12-12,,,44
P0642,Centro,UCI,Profesionales,M,2003-01-22,2024-12-16,,,44
P0643,Centro,Ambulatorio,Administrativos,F,1992-03-12,2024-12-30,,,44
P0644,Centro,Pabellón,Técnicos,F,1996-06-09,2025-01-06,,,44
P0645,Centro,UCI,Técnicos,F,1981-11-03,2025-01-13,2025-01-21,Involuntario,44
P0646,Sur,Hospitalización,Profesionales,F,1992-08-04,2025-01-14,,,44
P0647,Sur,Apoyo,Auxiliares,F,1996-01-21,2025-01-15,,,44
P0648,Centro,Urgencia,Técnicos,F,1998-11-12,2025-01-15,,,44
P0649,Sur,Hospitalización,Técnicos,F,2000-08-19,2025-01-15,2026-03-11,Voluntario,44
P0650,Sur,UCI,Profesionales,F,1996-07-16,2025-01-15,,,22
P0651,Sur,Hospitalización,Auxiliares,M,1998-04-21,2025-01-27,,,44
P0652,Norte,Pabellón,Profesionales,M,2002-07-10,2025-01-30,,,44
P0653,Centro,Pabellón,Técnicos,F,1992-04-17,2025-02-03,,,44
P0654,Norte,Pabellón,Directivos,F,1997-05-17,2025-02-10,2025-02-10,Voluntario,44
P0655,Centro,Hospitalización,Técnicos,F,1977-11-01,2025-02-10,,,44
P0656,Sur,Apoyo,Administrativos,M,1979-09-23,2025-02-10,,,44
P0657,Norte,Hospitalización,Técnicos,F,2004-02-01,2025-02-12,,,44
P0658,Norte,Hospitalización,Profesionales,F,1992-07-07,2025-02-24,,,44
P0659,Norte,Hospitalización,Técnicos,F,1994-11-08,2025-03-03,,,44
P0660,Norte,Hospitalización,Auxiliares,F,1999-02-12,2025-03-10,2025-06-13,Involuntario,44
P0661,Centro,UCI,Técnicos,M,1995-06-22,2025-03-20,,,44
P0662,Sur,Ambulatorio,Técnicos,F,2004-05-06,2025-03-21,,,44
P0663,Sur,Ambulatorio,Técnicos,F,1992-12-01,2025-03-24,2025-04-14,Voluntario,22
P0664,Norte,Pabellón,Directivos,M,1999-10-18,2025-03-31,,,44
P0665,Sur,Hospitalización,Profesionales,F,1986-03-21,2025-04-09,,,44
P0666,Centro,Hospitalización,Auxiliares,M,2003-01-14,2025-04-14,,,44
P0667,Sur,UCI,Profesionales,F,2004-08-27,2025-04-24,,,44
P0668,Sur,Hospitalización,Técnicos,F,1986-06-03,2025-04-25,2025-04-30,Voluntario,44
P0669,Norte,Hospitalización,Técnicos,F,1992-10-09,2025-04-28,,,44
P0670,Norte,Apoyo,Administrativos,F,2000-06-06,2025-04-28,2025-06-02,Involuntario,44
P0671,Norte,UCI,Técnicos,M,1995-11-24,2025-04-28,,,44
P0672,Centro,Apoyo,Administrativos,F,1974-12-16,2025-05-05,2025-08-13,Voluntario,44
P0673,Centro,UCI,Profesionales,F,1994-09-04,2025-05-06,,,44
P0674,Norte,Apoyo,Auxiliares,F,1991-05-25,2025-05-06,2025-12-19,Involuntario,44
P0675,Norte,UCI,Profesionales,F,1994-11-05,2025-05-06,,,44
P0676,Centro,UCI,Técnicos,M,1990-08-12,2025-05-19,,,44
P0677,Norte,UCI,Profesionales,F,1999-12-12,2025-05-20,2025-08-19,Involuntario,44
P0678,Centro,Hospitalización,Técnicos,F,1989-06-09,2025-05-30,,,22
P0679,Norte,Apoyo,Administrativos,F,2000-12-27,2025-06-02,,,44
P0680,Norte,Hospitalización,Técnicos,F,1996-07-24,2025-06-13,,,44
P0681,Norte,Hospitalización,Directivos,M,1995-04-16,2025-06-13,2026-06-11,Involuntario,44
P0682,Sur,Ambulatorio,Técnicos,F,1996-01-06,2025-06-16,,,44
P0683,Centro,Hospitalización,Técnicos,M,1986-04-28,2025-06-23,2026-06-02,Involuntario,44
P0684,Centro,Ambulatorio,Administrativos,F,2001-01-01,2025-07-03,,,44
P0685,Sur,Hospitalización,Técnicos,F,1989-07-05,2025-07-14,,,22
P0686,Centro,UCI,Auxiliares,M,1980-01-05,2025-07-14,,,44
P0687,Centro,Hospitalización,Profesionales,F,1990-08-24,2025-07-14,,,44
P0688,Centro,Urgencia,Profesionales,M,1986-07-20,2025-07-14,,,44
P0689,Norte,Apoyo,Administrativos,M,1996-03-28,2025-07-17,,,44
P0690,Norte,UCI,Técnicos,F,1986-05-22,2025-07-18,,,44
P0691,Norte,UCI,Profesionales,M,1983-09-20,2025-07-21,2026-08-21,Voluntario,44
P0692,Centro,Urgencia,Técnicos,F,2004-05-06,2025-07-21,2026-06-22,Voluntario,44
P0693,Centro,Urgencia,Técnicos,F,1997-03-28,2025-07-24,,,44
P0694,Norte,UCI,Técnicos,M,1988-03-10,2025-08-04,,,44
P0695,Sur,UCI,Profesionales,M,1990-06-02,2025-08-05,2026-03-25,Involuntario,44
P0696,Centro,Ambulatorio,Profesionales,F,1993-02-21,2025-08-08,,,44
P0697,Norte,Hospitalización,Auxiliares,M,2004-06-01,2025-08-18,,,44
P0698,Centro,Ambulatorio,Administrativos,F,1985-06-01,2025-08-18,,,44
P0699,Centro,Ambulatorio,Técnicos,F,2004-12-02,2025-08-18,,,44
P0700,Norte,UCI,Técnicos,F,1998-12-16,2025-08-26,,,44
P0701,Centro,Apoyo,Auxiliares,M,1978-08-19,2025-09-03,2026-07-21,Voluntario,44
P0702,Centro,UCI,Técnicos,F,1997-01-07,2025-09-08,,,44
P0703,Centro,Urgencia,Profesionales,F,1991-11-04,2025-09-15,2026-03-12,Voluntario,44
P0704,Centro,Ambulatorio,Técnicos,F,1994-01-13,2025-09-22,,,44
P0705,Norte,UCI,Profesionales,F,1986-04-24,2025-09-25,2026-08-04,Voluntario,44
P0706,Centro,Hospitalización,Profesionales,F,2004-04-08,2025-09-26,2026-10-06,Involuntario,44
P0707,Sur,UCI,Auxiliares,F,1988-03-13,2025-10-03,,,44
P0708,Centro,UCI,Técnicos,M,1984-09-19,2025-10-06,,,44
P0709,Norte,UCI,Profesionales,F,1994-10-24,2025-10-09,,,44
P0710,Centro,Hospitalización,Profesionales,F,2002-04-06,2025-10-10,,,22
P0711,Sur,Apoyo,Administrativos,F,2004-02-14,2025-10-13,2025-11-11,Voluntario,44
P0712,Sur,Pabellón,Auxiliares,M,1993-03-15,2025-10-21,,,44
P0713,Centro,Apoyo,Administrativos,F,1998-09-21,2025-10-23,,,44
P0714,Norte,Ambulatorio,Administrativos,F,1996-04-02,2025-11-03,,,44
P0715,Norte,UCI,Profesionales,F,1981-12-16,2025-11-11,2026-05-04,Voluntario,44
P0716,Centro,UCI,Técnicos,F,2004-04-02,2025-11-12,,,44
P0717,Sur,Apoyo,Auxiliares,F,1978-08-26,2025-11-17,,,44
P0718,Sur,Hospitalización,Técnicos,F,1997-05-21,2025-11-24,,,44
P0719,Norte,Ambulatorio,Administrativos,F,1994-04-19,2025-11-28,,,44
P0720,Sur,Apoyo,Administrativos,M,1995-09-19,2025-12-02,2026-08-12,Involuntario,44
P0721,Sur,Urgencia,Profesionales,F,2004-02-19,2025-12-02,,,44
P0722,Norte,Hospitalización,Técnicos,F,1979-01-06,2025-12-03,,,44
P0723,Sur,UCI,Técnicos,F,1992-03-13,2025-12-15,2026-11-03,Voluntario,44
P0724,Norte,UCI,Profesionales,F,1997-04-09,2025-12-16,2026-10-28,Involuntario,44
P0725,Centro,Pabellón,Técnicos,F,1998-09-25,2025-12-18,2026-04-27,Voluntario,44
P0726,Centro,Hospitalización,Auxiliares,M,1992-12-03,2025-12-22,2026-03-09,Voluntario,44
P0727,Sur,Urgencia,Técnicos,F,1999-06-13,2025-12-24,2026-05-29,Voluntario,44
P0728,Sur,Urgencia,Técnicos,F,1996-05-11,2025-12-25,,,44
P0729,Centro,UCI,Técnicos,F,2004-10-26,2025-12-29,2026-11-13,Voluntario,44
P0730,Sur,Apoyo,Administrativos,M,2001-10-18,2026-01-05,2026-04-17,Voluntario,22
P0731,Centro,Hospitalización,Técnicos,F,1993-01-13,2026-01-07,,,44
P0732,Centro,Pabellón,Profesionales,F,1993-11-04,2026-01-09,,,44
P0733,Sur,Hospitalización,Auxiliares,F,1993-06-27,2026-01-19,,,44
P0734,Norte,Urgencia,Profesionales,F,2004-05-04,2026-01-20,,,44
P0735,Norte,Apoyo,Auxiliares,F,2001-08-09,2026-01-27,,,44
P0736,Norte,Hospitalización,Auxiliares,M,2005-07-13,2026-02-16,2026-10-08,Voluntario,44
P0737,Norte,Pabellón,Técnicos,F,1995-06-18,2026-02-16,,,44
P0738,Sur,Hospitalización,Profesionales,M,1999-10-24,2026-02-16,,,44
P0739,Norte,Ambulatorio,Profesionales,M,1992-02-17,2026-02-23,,,44
P0740,Centro,Urgencia,Profesionales,M,2000-03-13,2026-02-23,2026-04-14,Voluntario,44
P0741,Centro,Apoyo,Administrativos,F,1987-07-02,2026-02-26,,,44
P0742,Norte,Urgencia,Técnicos,M,1997-03-20,2026-02-27,,,44
P0743,Sur,Urgencia,Técnicos,F,2005-07-18,2026-03-02,,,44
P0744,Sur,Urgencia,Técnicos,M,1994-03-28,2026-03-05,,,44
P0745,Norte,Apoyo,Administrativos,M,2002-10-19,2026-03-06,,,44
P0746,Norte,Pabellón,Profesionales,F,2005-12-23,2026-03-09,,,44
P0747,Sur,UCI,Auxiliares,F,1985-02-08,2026-03-18,2026-12-15,Involuntario,44
P0748,Norte,UCI,Profesionales,F,1997-03-25,2026-03-19,,,44
P0749,Centro,Urgencia,Profesionales,F,2005-10-08,2026-03-25,,,22
P0750,Norte,Apoyo,Administrativos,M,1987-12-20,2026-03-30,,,44
P0751,Centro,Urgencia,Profesionales,F,1994-02-21,2026-04-02,2026-05-27,Voluntario,44
P0752,Centro,Ambulatorio,Administrativos,M,1985-12-03,2026-04-03,,,44
P0753,Centro,Hospitalización,Técnicos,F,1994-07-26,2026-04-09,,,44
P0754,Sur,Ambulatorio,Técnicos,F,1987-12-28,2026-04-13,,,44
P0755,Centro,Hospitalización,Auxiliares,M,2004-02-09,2026-04-13,,,44
P0756,Sur,Hospitalización,Técnicos,F,1998-12-11,2026-04-13,,,44
P0757,Sur,Hospitalización,Directivos,M,1983-09-10,2026-04-15,2026-11-10,Involuntario,44
P0758,Centro,Urgencia,Técnicos,F,1996-02-04,2026-04-15,,,44
P0759,Norte,UCI,Profesionales,F,1982-07-19,2026-04-16,,,44
P0760,Centro,Urgencia,Profesionales,F,2005-04-20,2026-04-20,,,44
P0761,Centro,Hospitalización,Auxiliares,F,1980-04-16,2026-04-22,,,44
P0762,Norte,Hospitalización,Profesionales,F,1993-07-05,2026-04-27,2026-12-21,Involuntario,44
P0763,Sur,Hospitalización,Técnicos,M,1999-11-26,2026-05-01,,,44
P0764,Centro,Apoyo,Directivos,M,1993-07-06,2026-05-11,,,44
P0765,Norte,Apoyo,Administrativos,F,2005-10-14,2026-05-21,,,44
P0766,Sur,UCI,Profesionales,M,2001-08-06,2026-05-26,,,22
P0767,Centro,Hospitalización,Técnicos,M,2001-09-05,2026-06-01,,,44
P0768,Centro,Urgencia,Profesionales,F,1989-05-14,2026-06-04,,,44
P0769,Centro,Pabellón,Técnicos,F,2005-06-13,2026-06-08,2026-07-10,Involuntario,44
P0770,Norte,UCI,Profesionales,M,2005-02-20,2026-06-15,,,44
P0771,Centro,Urgencia,Profesionales,F,2001-09-25,2026-06-22,,,44
P0772,Sur,Apoyo,Administrativos,F,1995-05-15,2026-06-25,,,44
P0773,Norte,Hospitalización,Técnicos,F,2005-12-23,2026-06-29,,,44
P0774,Centro,Urgencia,Profesionales,M,2005-02-23,2026-07-02,,,44
P0775,Centro,Hospitalización,Técnicos,F,1998-11-17,2026-07-08,,,22
P0776,Norte,Ambulatorio,Profesionales,M,2005-11-24,2026-07-13,,,44
P0777,Sur,Apoyo,Administrativos,F,1992-05-11,2026-07-13,,,44
P0778,Centro,Hospitalización,Auxiliares,M,2005-02-22,2026-07-13,,,44
P0779,Sur,Urgencia,Técnicos,F,1990-11-21,2026-07-15,,,44
P0780,Centro,Hospitalización,Auxiliares,F,2005-01-19,2026-07-27,,,44
P0781,Norte,Hospitalización,Directivos,M,1983-04-24,2026-07-28,,,44
P0782,Centro,Apoyo,Administrativos,M,2005-03-24,2026-08-14,,,44
P0783,Centro,Urgencia,Técnicos,F,1991-03-16,2026-08-19,,,44
P0784,Centro,UCI,Profesionales,F,2005-12-07,2026-08-24,,,44
P0785,Sur,Hospitalización,Auxiliares,M,2000-04-05,2026-08-25,,,44
P0786,Sur,Ambulatorio,Profesionales,F,2004-12-20,2026-08-26,2026-11-10,Voluntario,44
P0787,Centro,Apoyo,Administrativos,F,1984-10-15,2026-08-26,,,44
P0788,Centro,Pabellón,Profesionales,F,1976-05-07,2026-09-02,,,44
P0789,Sur,Hospitalización,Auxiliares,F,1981-09-08,2026-09-09,,,44
P0790,Centro,Apoyo,Auxiliares,M,1999-09-03,2026-09-09,,,44
P0791,Sur,Apoyo,Administrativos,M,2005-02-17,2026-09-14,,,44
P0792,Centro,Pabellón,Técnicos,F,2005-07-01,2026-09-15,,,44
P0793,Sur,Apoyo,Administrativos,M,1999-06-18,2026-09-18,,,44
P0794,Norte,Pabellón,Auxiliares,F,1999-03-01,2026-09-24,,,44
P0795,Norte,UCI,Profesionales,M,1993-07-17,2026-09-24,,,44
P0796,Norte,Pabellón,Técnicos,F,2001-04-06,2026-09-28,,,44
P0797,Centro,Hospitalización,Técnicos,F,1995-04-28,2026-09-28,,,22
P0798,Norte,UCI,Profesionales,F,2002-12-20,2026-09-28,,,22
P0799,Norte,Pabellón,Técnicos,F,1987-01-15,2026-10-02,,,44
P0800,Centro,Hospitalización,Profesionales,F,1998-03-07,2026-10-06,,,22
P0801,Sur,Pabellón,Auxiliares,M,2003-08-07,2026-10-07,,,44
P0802,Norte,UCI,Técnicos,F,1989-07-14,2026-10-13,,,44
P0803,Sur,Hospitalización,Profesionales,F,1984-12-17,2026-10-16,,,44
P0804,Norte,Urgencia,Profesionales,M,1989-12-26,2026-11-03,,,44
P0805,Norte,Urgencia,Técnicos,M,2005-02-17,2026-11-09,,,44
P0806,Norte,Urgencia,Técnicos,F,1990-10-17,2026-11-09,,,22
P0807,Centro,Hospitalización,Profesionales,F,1991-11-03,2026-11-09,,,22
P0808,Sur,Ambulatorio,Técnicos,F,1994-03-14,2026-11-30,,,44
P0809,Norte,UCI,Profesionales,F,2003-02-20,2026-12-08,,,44
P0810,Centro,UCI,Profesionales,M,1987-01-04,2026-12-14,,,44
P0811,Centro,UCI,Técnicos,F,2005-05-11,2026-12-14,,,44
P0812,Sur,Hospitalización,Directivos,M,1991-08-14,2026-12-18,,,44
P0813,Norte,Hospitalización,Auxiliares,F,1991-04-24,2026-12-21,,,44
P0814,Sur,Urgencia,Técnicos,F,1997-05-25,2026-12-21,,,44
P0815,Sur,UCI,Técnicos,F,2002-03-28,2026-12-28,,,44
