anio,mes,clinica,unidad,estamento,dotacion,dias_habiles,tasa_observada,anios_persona,z_credibilidad,tasa_credibilidad,dias_esperados,dias_p50,dias_p90,varianza_dias
2027,1,Centro,Ambulatorio,Administrativos,15,21,0.033,29.5,0.655,0.0383,10.1,3,32,370.2
2027,2,Centro,Ambulatorio,Administrativos,15,20,0.033,29.5,0.655,0.0383,7.4,1,20,239.1
2027,3,Centro,Ambulatorio,Administrativos,15,23,0.033,29.5,0.655,0.0383,12.4,5,39,373.6
2027,4,Centro,Ambulatorio,Administrativos,15,22,0.033,29.5,0.655,0.0383,12.5,4,34,315.1
2027,5,Centro,Ambulatorio,Administrativos,15,21,0.033,29.5,0.655,0.0383,14.9,7,35,318.4
2027,6,Centro,Ambulatorio,Administrativos,15,22,0.033,29.5,0.655,0.0383,15.6,8,41,427.2
2027,7,Centro,Ambulatorio,Administrativos,15,22,0.033,29.5,0.655,0.0383,15.0,8,39,378.8
2027,8,Centro,Ambulatorio,Administrativos,15,22,0.033,29.5,0.655,0.0383,13.7,6,39,401.6
2027,9,Centro,Ambulatorio,Administrativos,15,22,0.033,29.5,0.655,0.0383,12.5,6,41,416.5
2027,10,Centro,Ambulatorio,Administrativos,15,21,0.033,29.5,0.655,0.0383,11.9,5,36,314.6
2027,11,Centro,Ambulatorio,Administrativos,15,22,0.033,29.5,0.655,0.0383,12.5,5,37,352.0
2027,12,Centro,Ambulatorio,Administrativos,15,23,0.033,29.5,0.655,0.0383,11.7,5,30,291.7
2027,1,Centro,Ambulatorio,Directivos,1,21,0.0,2.0,0.085,0.0087,0.2,0,0,1.2
2027,2,Centro,Ambulatorio,Directivos,1,20,0.0,2.0,0.085,0.0087,0.1,0,0,1.3
2027,3,Centro,Ambulatorio,Directivos,1,23,0.0,2.0,0.085,0.0087,0.2,0,0,2.2
2027,4,Centro,Ambulatorio,Directivos,1,22,0.0,2.0,0.085,0.0087,0.2,0,0,0.9
2027,5,Centro,Ambulatorio,Directivos,1,21,0.0,2.0,0.085,0.0087,0.2,0,0,2.5
2027,6,Centro,Ambulatorio,Directivos,1,22,0.0,2.0,0.085,0.0087,0.2,0,0,1.6
2027,7,Centro,Ambulatorio,Directivos,1,22,0.0,2.0,0.085,0.0087,0.2,0,0,1.4
2027,8,Centro,Ambulatorio,Directivos,1,22,0.0,2.0,0.085,0.0087,0.2,0,0,2.8
2027,9,Centro,Ambulatorio,Directivos,1,22,0.0,2.0,0.085,0.0087,0.2,0,0,2.3
2027,10,Centro,Ambulatorio,Directivos,1,21,0.0,2.0,0.085,0.0087,0.2,0,0,2.4
2027,11,Centro,Ambulatorio,Directivos,1,22,0.0,2.0,0.085,0.0087,0.2,0,0,1.7
2027,12,Centro,Ambulatorio,Directivos,1,23,0.0,2.0,0.085,0.0087,0.2,0,0,2.0
2027,1,Centro,Ambulatorio,Profesionales,11,21,0.0423,21.9,0.478,0.0443,8.6,1,26,216.8
2027,2,Centro,Ambulatorio,Profesionales,11,20,0.0423,21.9,0.478,0.0443,6.3,0,21,209.4
2027,3,Centro,Ambulatorio,Profesionales,11,23,0.0423,21.9,0.478,0.0443,10.5,3,28,324.6
2027,4,Centro,Ambulatorio,Profesionales,11,22,0.0423,21.9,0.478,0.0443,10.6,4,31,310.1
2027,5,Centro,Ambulatorio,Profesionales,11,21,0.0423,21.9,0.478,0.0443,12.6,5,33,324.8
2027,6,Centro,Ambulatorio,Profesionales,11,22,0.0423,21.9,0.478,0.0443,13.2,5,34,328.5
2027,7,Centro,Ambulatorio,Profesionales,11,22,0.0423,21.9,0.478,0.0443,12.7,5,32,314.0
2027,8,Centro,Ambulatorio,Profesionales,11,22,0.0423,21.9,0.478,0.0443,11.7,3,32,290.1
2027,9,Centro,Ambulatorio,Profesionales,11,22,0.0423,21.9,0.478,0.0443,10.6,4,30,313.2
2027,10,Centro,Ambulatorio,Profesionales,11,21,0.0423,21.9,0.478,0.0443,10.1,3,28,249.9
2027,11,Centro,Ambulatorio,Profesionales,11,22,0.0423,21.9,0.478,0.0443,10.6,3,29,290.8
2027,12,Centro,Ambulatorio,Profesionales,11,23,0.0423,21.9,0.478,0.0443,10.0,2,27,255.0
2027,1,Centro,Ambulatorio,Técnicos,13,21,0.0845,25.8,0.328,0.0912,20.9,13,49,527.6
2027,2,Centro,Ambulatorio,Técnicos,13,20,0.0845,25.8,0.328,0.0912,15.2,8,38,420.3
2027,3,Centro,Ambulatorio,Técnicos,13,23,0.0845,25.8,0.328,0.0912,25.6,19,59,721.8
2027,4,Centro,Ambulatorio,Técnicos,13,22,0.0845,25.8,0.328,0.0912,25.8,17,56,601.0
2027,5,Centro,Ambulatorio,Técnicos,13,21,0.0845,25.8,0.328,0.0912,30.7,24,69,844.8
2027,6,Centro,Ambulatorio,Técnicos,13,22,0.0845,25.8,0.328,0.0912,32.2,23,66,772.9
2027,7,Centro,Ambulatorio,Técnicos,13,22,0.0845,25.8,0.328,0.0912,30.9,23,68,945.3
2027,8,Centro,Ambulatorio,Técnicos,13,22,0.0845,25.8,0.328,0.0912,28.3,20,65,691.8
2027,9,Centro,Ambulatorio,Técnicos,13,22,0.0845,25.8,0.328,0.0912,25.8,19,62,738.9
2027,10,Centro,Ambulatorio,Técnicos,13,21,0.0845,25.8,0.328,0.0912,24.6,17,59,700.9
2027,11,Centro,Ambulatorio,Técnicos,13,22,0.0845,25.8,0.328,0.0912,25.8,18,58,661.3
2027,12,Centro,Ambulatorio,Técnicos,13,23,0.0845,25.8,0.328,0.0912,24.2,15,55,608.0
2027,1,Centro,Apoyo,Administrativos,24,21,0.0681,49.1,0.759,0.0634,26.8,19,61,653.5
2027,2,Centro,Apoyo,Administrativos,24,20,0.0681,49.1,0.759,0.0634,19.5,13,54,565.8
2027,3,Centro,Apoyo,Administrativos,24,23,0.0681,49.1,0.759,0.0634,32.8,25,74,863.9
2027,4,Centro,Apoyo,Administrativos,24,22,0.0681,49.1,0.759,0.0634,33.0,24,73,916.2
2027,5,Centro,Apoyo,Administrativos,24,21,0.0681,49.1,0.759,0.0634,39.4,29,81,1035.1
2027,6,Centro,Apoyo,Administrativos,24,22,0.0681,49.1,0.759,0.0634,41.3,34,87,1101.4
2027,7,Centro,Apoyo,Administrativos,24,22,0.0681,49.1,0.759,0.0634,39.6,30,88,1153.8
2027,8,Centro,Apoyo,Administrativos,24,22,0.0681,49.1,0.759,0.0634,36.3,28,83,1038.4
2027,9,Centro,Apoyo,Administrativos,24,22,0.0681,49.1,0.759,0.0634,33.0,24,73,861.7
2027,10,Centro,Apoyo,Administrativos,24,21,0.0681,49.1,0.759,0.0634,31.5,25,76,889.4
2027,11,Centro,Apoyo,Administrativos,24,22,0.0681,49.1,0.759,0.0634,33.0,26,77,942.5
2027,12,Centro,Apoyo,Administrativos,24,23,0.0681,49.1,0.759,0.0634,31.1,22,71,756.2
2027,1,Centro,Apoyo,Auxiliares,7,21,0.0398,13.7,0.771,0.0479,5.9,1,23,192.4
2027,2,Centro,Apoyo,Auxiliares,7,20,0.0398,13.7,0.771,0.0479,4.3,0,14,131.7
2027,3,Centro,Apoyo,Auxiliares,7,23,0.0398,13.7,0.771,0.0479,7.2,1,23,221.5
2027,4,Centro,Apoyo,Auxiliares,7,22,0.0398,13.7,0.771,0.0479,7.3,1,23,211.5
2027,5,Centro,Apoyo,Auxiliares,7,21,0.0398,13.7,0.771,0.0479,8.7,2,28,238.6
2027,6,Centro,Apoyo,Auxiliares,7,22,0.0398,13.7,0.771,0.0479,9.1,2,27,222.6
2027,7,Centro,Apoyo,Auxiliares,7,22,0.0398,13.7,0.771,0.0479,8.7,2,28,265.9
2027,8,Centro,Apoyo,Auxiliares,7,22,0.0398,13.7,0.771,0.0479,8.0,2,23,203.2
2027,9,Centro,Apoyo,Auxiliares,7,22,0.0398,13.7,0.771,0.0479,7.3,1,23,173.5
2027,10,Centro,Apoyo,Auxiliares,7,21,0.0398,13.7,0.771,0.0479,7.0,1,24,208.4
2027,11,Centro,Apoyo,Auxiliares,7,22,0.0398,13.7,0.771,0.0479,7.3,1,23,196.6
2027,12,Centro,Apoyo,Auxiliares,7,23,0.0398,13.7,0.771,0.0479,6.9,1,19,169.3
2027,1,Centro,Apoyo,Directivos,5,21,0.0124,9.9,0.314,0.0104,0.9,0,2,7.7
2027,2,Centro,Apoyo,Directivos,5,20,0.0124,9.9,0.314,0.0104,0.7,0,1,6.3
2027,3,Centro,Apoyo,Directivos,5,23,0.0124,9.9,0.314,0.0104,1.1,0,3,11.6
2027,4,Centro,Apoyo,Directivos,5,22,0.0124,9.9,0.314,0.0104,1.1,0,4,12.9
2027,5,Centro,Apoyo,Directivos,5,21,0.0124,9.9,0.314,0.0104,1.3,0,5,15.2
2027,6,Centro,Apoyo,Directivos,5,22,0.0124,9.9,0.314,0.0104,1.4,0,6,12.7
2027,7,Centro,Apoyo,Directivos,5,22,0.0124,9.9,0.314,0.0104,1.4,0,5,13.4
2027,8,Centro,Apoyo,Directivos,5,22,0.0124,9.9,0.314,0.0104,1.2,0,5,15.6
2027,9,Centro,Apoyo,Directivos,5,22,0.0124,9.9,0.314,0.0104,1.1,0,2,12.2
2027,10,Centro,Apoyo,Directivos,5,21,0.0124,9.9,0.314,0.0104,1.1,0,2,8.3
2027,11,Centro,Apoyo,Directivos,5,22,0.0124,9.9,0.314,0.0104,1.1,0,4,11.5
2027,12,Centro,Apoyo,Directivos,5,23,0.0124,9.9,0.314,0.0104,1.1,0,3,11.3
2027,1,Centro,Hospitalización,Auxiliares,11,21,0.0929,21.2,0.839,0.09,17.5,10,49,510.8
2027,2,Centro,Hospitalización,Auxiliares,11,20,0.0929,21.2,0.839,0.09,12.7,7,39,345.9
2027,3,Centro,Hospitalización,Auxiliares,11,23,0.0929,21.2,0.839,0.09,21.4,13,54,594.0
2027,4,Centro,Hospitalización,Auxiliares,11,22,0.0929,21.2,0.839,0.09,21.5,13,54,617.1
2027,5,Centro,Hospitalización,Auxiliares,11,21,0.0929,21.2,0.839,0.09,25.7,18,64,760.6
2027,6,Centro,Hospitalización,Auxiliares,11,22,0.0929,21.2,0.839,0.09,26.9,19,65,697.2
2027,7,Centro,Hospitalización,Auxiliares,11,22,0.0929,21.2,0.839,0.09,25.8,16,60,693.9
2027,8,Centro,Hospitalización,Auxiliares,11,22,0.0929,21.2,0.839,0.09,23.7,16,60,716.7
2027,9,Centro,Hospitalización,Auxiliares,11,22,0.0929,21.2,0.839,0.09,21.5,13,54,565.7
2027,10,Centro,Hospitalización,Auxiliares,11,21,0.0929,21.2,0.839,0.09,20.5,14,51,480.1
2027,11,Centro,Hospitalización,Auxiliares,11,22,0.0929,21.2,0.839,0.09,21.5,13,54,522.7
2027,12,Centro,Hospitalización,Auxiliares,11,23,0.0929,21.2,0.839,0.09,20.2,11,53,561.6
2027,1,Centro,Hospitalización,Directivos,2,21,0.0307,4.0,0.156,0.0128,0.5,0,0,5.8
2027,2,Centro,Hospitalización,Directivos,2,20,0.0307,4.0,0.156,0.0128,0.3,0,0,4.5
2027,3,Centro,Hospitalización,Directivos,2,23,0.0307,4.0,0.156,0.0128,0.6,0,0,3.8
2027,4,Centro,Hospitalización,Directivos,2,22,0.0307,4.0,0.156,0.0128,0.6,0,1,5.8
2027,5,Centro,Hospitalización,Directivos,2,21,0.0307,4.0,0.156,0.0128,0.7,0,1,5.1
2027,6,Centro,Hospitalización,Directivos,2,22,0.0307,4.0,0.156,0.0128,0.7,0,2,7.8
2027,7,Centro,Hospitalización,Directivos,2,22,0.0307,4.0,0.156,0.0128,0.7,0,1,5.3
2027,8,Centro,Hospitalización,Directivos,2,22,0.0307,4.0,0.156,0.0128,0.6,0,0,5.7
2027,9,Centro,Hospitalización,Directivos,2,22,0.0307,4.0,0.156,0.0128,0.6,0,0,6.2
2027,10,Centro,Hospitalización,Directivos,2,21,0.0307,4.0,0.156,0.0128,0.5,0,0,6.0
2027,11,Centro,Hospitalización,Directivos,2,22,0.0307,4.0,0.156,0.0128,0.6,0,0,5.6
2027,12,Centro,Hospitalización,Directivos,2,23,0.0307,4.0,0.156,0.0128,0.5,0,0,4.6
2027,1,Centro,Hospitalización,Profesionales,16,21,0.0696,33.2,0.582,0.0598,16.9,9,40,432.0
2027,2,Centro,Hospitalización,Profesionales,16,20,0.0696,33.2,0.582,0.0598,12.3,5,34,348.7
2027,3,Centro,Hospitalización,Profesionales,16,23,0.0696,33.2,0.582,0.0598,20.7,13,48,507.2
2027,4,Centro,Hospitalización,Profesionales,16,22,0.0696,33.2,0.582,0.0598,20.8,14,50,591.2
2027,5,Centro,Hospitalización,Profesionales,16,21,0.0696,33.2,0.582,0.0598,24.8,16,60,782.8
2027,6,Centro,Hospitalización,Profesionales,16,22,0.0696,33.2,0.582,0.0598,26.0,18,57,709.1
2027,7,Centro,Hospitalización,Profesionales,16,22,0.0696,33.2,0.582,0.0598,25.0,15,59,719.7
2027,8,Centro,Hospitalización,Profesionales,16,22,0.0696,33.2,0.582,0.0598,22.9,15,56,614.2
2027,9,Centro,Hospitalización,Profesionales,16,22,0.0696,33.2,0.582,0.0598,20.8,14,53,580.1
2027,10,Centro,Hospitalización,Profesionales,16,21,0.0696,33.2,0.582,0.0598,19.9,12,54,658.8
2027,11,Centro,Hospitalización,Profesionales,16,22,0.0696,33.2,0.582,0.0598,20.8,13,55,621.1
2027,12,Centro,Hospitalización,Profesionales,16,23,0.0696,33.2,0.582,0.0598,19.6,12,50,567.3
2027,1,Centro,Hospitalización,Técnicos,25,21,0.0905,48.9,0.481,0.0926,40.8,32,83,1094.9
2027,2,Centro,Hospitalización,Técnicos,25,20,0.0905,48.9,0.481,0.0926,29.7,21,64,777.3
2027,3,Centro,Hospitalización,Técnicos,25,23,0.0905,48.9,0.481,0.0926,49.9,44,102,1429.8
2027,4,Centro,Hospitalización,Técnicos,25,22,0.0905,48.9,0.481,0.0926,50.3,41,95,1329.9
2027,5,Centro,Hospitalización,Técnicos,25,21,0.0905,48.9,0.481,0.0926,60.0,51,109,1542.7
2027,6,Centro,Hospitalización,Técnicos,25,22,0.0905,48.9,0.481,0.0926,62.8,52,116,1562.6
2027,7,Centro,Hospitalización,Técnicos,25,22,0.0905,48.9,0.481,0.0926,60.3,51,117,1941.1
2027,8,Centro,Hospitalización,Técnicos,25,22,0.0905,48.9,0.481,0.0926,55.3,46,108,1538.5
2027,9,Centro,Hospitalización,Técnicos,25,22,0.0905,48.9,0.481,0.0926,50.3,41,101,1381.8
2027,10,Centro,Hospitalización,Técnicos,25,21,0.0905,48.9,0.481,0.0926,48.0,40,91,1123.3
2027,11,Centro,Hospitalización,Técnicos,25,22,0.0905,48.9,0.481,0.0926,50.3,43,96,1345.7
2027,12,Centro,Hospitalización,Técnicos,25,23,0.0905,48.9,0.481,0.0926,47.3,39,97,1425.1
2027,1,Centro,Pabellón,Auxiliares,6,21,0.1095,12.0,0.747,0.1008,10.7,3,32,311.1
2027,2,Centro,Pabellón,Auxiliares,6,20,0.1095,12.0,0.747,0.1008,7.8,1,22,190.5
2027,3,Centro,Pabellón,Auxiliares,6,23,0.1095,12.0,0.747,0.1008,13.1,6,39,366.9
2027,4,Centro,Pabellón,Auxiliares,6,22,0.1095,12.0,0.747,0.1008,13.1,5,35,313.4
2027,5,Centro,Pabellón,Auxiliares,6,21,0.1095,12.0,0.747,0.1008,15.7,9,46,460.8
2027,6,Centro,Pabellón,Auxiliares,6,22,0.1095,12.0,0.747,0.1008,16.4,9,46,454.0
2027,7,Centro,Pabellón,Auxiliares,6,22,0.1095,12.0,0.747,0.1008,15.8,8,41,391.4
2027,8,Centro,Pabellón,Auxiliares,6,22,0.1095,12.0,0.747,0.1008,14.5,8,46,441.0
2027,9,Centro,Pabellón,Auxiliares,6,22,0.1095,12.0,0.747,0.1008,13.1,5,37,373.2
2027,10,Centro,Pabellón,Auxiliares,6,21,0.1095,12.0,0.747,0.1008,12.5,5,38,339.5
2027,11,Centro,Pabellón,Auxiliares,6,22,0.1095,12.0,0.747,0.1008,13.1,5,39,423.5
2027,12,Centro,Pabellón,Auxiliares,6,23,0.1095,12.0,0.747,0.1008,12.4,5,36,327.2
2027,1,Centro,Pabellón,Profesionales,17,21,0.0577,33.7,0.585,0.053,15.9,8,42,407.0
2027,2,Centro,Pabellón,Profesionales,17,20,0.0577,33.7,0.585,0.053,11.6,4,33,288.0
2027,3,Centro,Pabellón,Profesionales,17,23,0.0577,33.7,0.585,0.053,19.4,12,54,548.1
2027,4,Centro,Pabellón,Profesionales,17,22,0.0577,33.7,0.585,0.053,19.6,12,45,450.1
2027,5,Centro,Pabellón,Profesionales,17,21,0.0577,33.7,0.585,0.053,23.3,17,59,688.3
2027,6,Centro,Pabellón,Profesionales,17,22,0.0577,33.7,0.585,0.053,24.5,18,58,678.5
2027,7,Centro,Pabellón,Profesionales,17,22,0.0577,33.7,0.585,0.053,23.5,16,57,629.1
2027,8,Centro,Pabellón,Profesionales,17,22,0.0577,33.7,0.585,0.053,21.5,15,55,685.7
2027,9,Centro,Pabellón,Profesionales,17,22,0.0577,33.7,0.585,0.053,19.6,13,49,520.1
2027,10,Centro,Pabellón,Profesionales,17,21,0.0577,33.7,0.585,0.053,18.7,11,44,452.3
2027,11,Centro,Pabellón,Profesionales,17,22,0.0577,33.7,0.585,0.053,19.6,12,49,546.5
2027,12,Centro,Pabellón,Profesionales,17,23,0.0577,33.7,0.585,0.053,18.4,10,48,548.0
2027,1,Centro,Pabellón,Técnicos,9,21,0.0689,17.5,0.249,0.0881,14.0,8,36,384.9
2027,2,Centro,Pabellón,Técnicos,9,20,0.0689,17.5,0.249,0.0881,10.2,3,28,227.0
2027,3,Centro,Pabellón,Técnicos,9,23,0.0689,17.5,0.249,0.0881,17.1,10,47,460.0
2027,4,Centro,Pabellón,Técnicos,9,22,0.0689,17.5,0.249,0.0881,17.2,10,47,477.9
2027,5,Centro,Pabellón,Técnicos,9,21,0.0689,17.5,0.249,0.0881,20.6,13,50,533.1
2027,6,Centro,Pabellón,Técnicos,9,22,0.0689,17.5,0.249,0.0881,21.5,14,54,615.8
2027,7,Centro,Pabellón,Técnicos,9,22,0.0689,17.5,0.249,0.0881,20.7,13,52,493.9
2027,8,Centro,Pabellón,Técnicos,9,22,0.0689,17.5,0.249,0.0881,19.0,13,55,695.2
2027,9,Centro,Pabellón,Técnicos,9,22,0.0689,17.5,0.249,0.0881,17.2,11,43,482.0
2027,10,Centro,Pabellón,Técnicos,9,21,0.0689,17.5,0.249,0.0881,16.4,10,43,508.6
2027,11,Centro,Pabellón,Técnicos,9,22,0.0689,17.5,0.249,0.0881,17.2,11,46,468.8
2027,12,Centro,Pabellón,Técnicos,9,23,0.0689,17.5,0.249,0.0881,16.2,9,43,485.4
2027,1,Centro,UCI,Auxiliares,3,21,0.1107,5.8,0.588,0.0961,5.1,0,14,111.1
2027,2,Centro,UCI,Auxiliares,3,20,0.1107,5.8,0.588,0.0961,3.7,0,11,93.8
2027,3,Centro,UCI,Auxiliares,3,23,0.1107,5.8,0.588,0.0961,6.2,0,19,172.3
2027,4,Centro,UCI,Auxiliares,3,22,0.1107,5.8,0.588,0.0961,6.3,1,19,171.0
2027,5,Centro,UCI,Auxiliares,3,21,0.1107,5.8,0.588,0.0961,7.5,1,23,251.2
2027,6,Centro,UCI,Auxiliares,3,22,0.1107,5.8,0.588,0.0961,7.8,2,25,199.0
2027,7,Centro,UCI,Auxiliares,3,22,0.1107,5.8,0.588,0.0961,7.5,1,20,179.1
2027,8,Centro,UCI,Auxiliares,3,22,0.1107,5.8,0.588,0.0961,6.9,1,21,203.0
2027,9,Centro,UCI,Auxiliares,3,22,0.1107,5.8,0.588,0.0961,6.3,1,17,160.6
2027,10,Centro,UCI,Auxiliares,3,21,0.1107,5.8,0.588,0.0961,6.0,0,18,131.2
2027,11,Centro,UCI,Auxiliares,3,22,0.1107,5.8,0.588,0.0961,6.3,1,20,171.5
2027,12,Centro,UCI,Auxiliares,3,23,0.1107,5.8,0.588,0.0961,5.9,1,21,157.8
2027,1,Centro,UCI,Directivos,1,21,0.0192,2.0,0.085,0.0103,0.2,0,0,0.9
2027,2,Centro,UCI,Directivos,1,20,0.0192,2.0,0.085,0.0103,0.1,0,0,1.2
2027,3,Centro,UCI,Directivos,1,23,0.0192,2.0,0.085,0.0103,0.2,0,0,1.6
2027,4,Centro,UCI,Directivos,1,22,0.0192,2.0,0.085,0.0103,0.2,0,0,2.0
2027,5,Centro,UCI,Directivos,1,21,0.0192,2.0,0.085,0.0103,0.3,0,0,1.4
2027,6,Centro,UCI,Directivos,1,22,0.0192,2.0,0.085,0.0103,0.3,0,0,3.4
2027,7,Centro,UCI,Directivos,1,22,0.0192,2.0,0.085,0.0103,0.3,0,0,2.7
2027,8,Centro,UCI,Directivos,1,22,0.0192,2.0,0.085,0.0103,0.2,0,0,2.0
2027,9,Centro,UCI,Directivos,1,22,0.0192,2.0,0.085,0.0103,0.2,0,0,2.4
2027,10,Centro,UCI,Directivos,1,21,0.0192,2.0,0.085,0.0103,0.2,0,0,0.5
2027,11,Centro,UCI,Directivos,1,22,0.0192,2.0,0.085,0.0103,0.2,0,0,3.5
2027,12,Centro,UCI,Directivos,1,23,0.0192,2.0,0.085,0.0103,0.2,0,0,3.2
2027,1,Centro,UCI,Profesionales,13,21,0.0541,25.6,0.517,0.0503,11.5,4,35,323.4
2027,2,Centro,UCI,Profesionales,13,20,0.0541,25.6,0.517,0.0503,8.4,1,26,273.0
2027,3,Centro,UCI,Profesionales,13,23,0.0541,25.6,0.517,0.0503,14.1,6,40,382.7
2027,4,Centro,UCI,Profesionales,13,22,0.0541,25.6,0.517,0.0503,14.2,6,38,434.8
2027,5,Centro,UCI,Profesionales,13,21,0.0541,25.6,0.517,0.0503,17.0,8,44,549.9
2027,6,Centro,UCI,Profesionales,13,22,0.0541,25.6,0.517,0.0503,17.8,10,43,472.3
2027,7,Centro,UCI,Profesionales,13,22,0.0541,25.6,0.517,0.0503,17.1,10,45,473.1
2027,8,Centro,UCI,Profesionales,13,22,0.0541,25.6,0.517,0.0503,15.6,8,40,523.2
2027,9,Centro,UCI,Profesionales,13,22,0.0541,25.6,0.517,0.0503,14.2,7,37,396.9
2027,10,Centro,UCI,Profesionales,13,21,0.0541,25.6,0.517,0.0503,13.6,6,34,348.0
2027,11,Centro,UCI,Profesionales,13,22,0.0541,25.6,0.517,0.0503,14.2,7,38,432.5
2027,12,Centro,UCI,Profesionales,13,23,0.0541,25.6,0.517,0.0503,13.4,5,35,382.1
2027,1,Centro,UCI,Técnicos,14,21,0.1062,28.8,0.353,0.0986,24.3,18,58,676.5
2027,2,Centro,UCI,Técnicos,14,20,0.1062,28.8,0.353,0.0986,17.7,10,41,414.6
2027,3,Centro,UCI,Técnicos,14,23,0.1062,28.8,0.353,0.0986,29.8,22,68,743.0
2027,4,Centro,UCI,Técnicos,14,22,0.1062,28.8,0.353,0.0986,30.0,21,69,891.9
2027,5,Centro,UCI,Técnicos,14,21,0.1062,28.8,0.353,0.0986,35.8,26,76,1024.0
2027,6,Centro,UCI,Técnicos,14,22,0.1062,28.8,0.353,0.0986,37.5,29,81,1086.3
2027,7,Centro,UCI,Técnicos,14,22,0.1062,28.8,0.353,0.0986,36.0,29,80,1222.3
2027,8,Centro,UCI,Técnicos,14,22,0.1062,28.8,0.353,0.0986,33.0,24,71,811.4
2027,9,Centro,UCI,Técnicos,14,22,0.1062,28.8,0.353,0.0986,30.0,22,65,743.7
2027,10,Centro,UCI,Técnicos,14,21,0.1062,28.8,0.353,0.0986,28.6,20,62,691.1
2027,11,Centro,UCI,Técnicos,14,22,0.1062,28.8,0.353,0.0986,30.0,23,70,818.2
2027,12,Centro,UCI,Técnicos,14,23,0.1062,28.8,0.353,0.0986,28.2,20,65,768.3
2027,1,Centro,Urgencia,Auxiliares,5,21,0.1295,10.0,0.711,0.1138,10.0,3,30,242.8
2027,2,Centro,Urgencia,Auxiliares,5,20,0.1295,10.0,0.711,0.1138,7.3,1,21,170.9
2027,3,Centro,Urgencia,Auxiliares,5,23,0.1295,10.0,0.711,0.1138,12.3,6,35,344.5
2027,4,Centro,Urgencia,Auxiliares,5,22,0.1295,10.0,0.711,0.1138,12.4,6,34,358.4
2027,5,Centro,Urgencia,Auxiliares,5,21,0.1295,10.0,0.711,0.1138,14.7,7,40,403.0
2027,6,Centro,Urgencia,Auxiliares,5,22,0.1295,10.0,0.711,0.1138,15.5,8,41,385.2
2027,7,Centro,Urgencia,Auxiliares,5,22,0.1295,10.0,0.711,0.1138,14.8,7,44,384.5
2027,8,Centro,Urgencia,Auxiliares,5,22,0.1295,10.0,0.711,0.1138,13.6,6,37,344.1
2027,9,Centro,Urgencia,Auxiliares,5,22,0.1295,10.0,0.711,0.1138,12.4,6,39,423.4
2027,10,Centro,Urgencia,Auxiliares,5,21,0.1295,10.0,0.711,0.1138,11.8,6,37,412.7
2027,11,Centro,Urgencia,Auxiliares,5,22,0.1295,10.0,0.711,0.1138,12.4,6,38,316.4
2027,12,Centro,Urgencia,Auxiliares,5,23,0.1295,10.0,0.711,0.1138,11.6,5,34,314.9
2027,1,Centro,Urgencia,Directivos,2,21,0.0,4.0,0.156,0.008,0.3,0,0,2.5
2027,2,Centro,Urgencia,Directivos,2,20,0.0,4.0,0.156,0.008,0.2,0,0,1.0
2027,3,Centro,Urgencia,Directivos,2,23,0.0,4.0,0.156,0.008,0.3,0,0,3.0
2027,4,Centro,Urgencia,Directivos,2,22,0.0,4.0,0.156,0.008,0.3,0,0,3.7
2027,5,Centro,Urgencia,Directivos,2,21,0.0,4.0,0.156,0.008,0.4,0,0,5.6
2027,6,Centro,Urgencia,Directivos,2,22,0.0,4.0,0.156,0.008,0.4,0,0,4.0
2027,7,Centro,Urgencia,Directivos,2,22,0.0,4.0,0.156,0.008,0.4,0,0,4.3
2027,8,Centro,Urgencia,Directivos,2,22,0.0,4.0,0.156,0.008,0.4,0,0,3.9
2027,9,Centro,Urgencia,Directivos,2,22,0.0,4.0,0.156,0.008,0.3,0,0,3.1
2027,10,Centro,Urgencia,Directivos,2,21,0.0,4.0,0.156,0.008,0.3,0,0,2.8
2027,11,Centro,Urgencia,Directivos,2,22,0.0,4.0,0.156,0.008,0.3,0,0,3.1
2027,12,Centro,Urgencia,Directivos,2,23,0.0,4.0,0.156,0.008,0.3,0,0,3.0
2027,1,Centro,Urgencia,Profesionales,18,21,0.0248,34.9,0.593,0.0335,10.6,3,30,264.0
2027,2,Centro,Urgencia,Profesionales,18,20,0.0248,34.9,0.593,0.0335,7.7,1,22,235.4
2027,3,Centro,Urgencia,Profesionales,18,23,0.0248,34.9,0.593,0.0335,13.0,6,35,329.9
2027,4,Centro,Urgencia,Profesionales,18,22,0.0248,34.9,0.593,0.0335,13.1,6,34,329.5
2027,5,Centro,Urgencia,Profesionales,18,21,0.0248,34.9,0.593,0.0335,15.6,8,40,370.8
2027,6,Centro,Urgencia,Profesionales,18,22,0.0248,34.9,0.593,0.0335,16.4,8,39,425.2
2027,7,Centro,Urgencia,Profesionales,18,22,0.0248,34.9,0.593,0.0335,15.7,8,41,458.1
2027,8,Centro,Urgencia,Profesionales,18,22,0.0248,34.9,0.593,0.0335,14.4,7,36,390.7
2027,9,Centro,Urgencia,Profesionales,18,22,0.0248,34.9,0.593,0.0335,13.1,5,36,398.1
2027,10,Centro,Urgencia,Profesionales,18,21,0.0248,34.9,0.593,0.0335,12.5,5,33,330.2
2027,11,Centro,Urgencia,Profesionales,18,22,0.0248,34.9,0.593,0.0335,13.1,6,35,359.6
2027,12,Centro,Urgencia,Profesionales,18,23,0.0248,34.9,0.593,0.0335,12.3,5,34,356.6
2027,1,Centro,Urgencia,Técnicos,18,21,0.0682,37.3,0.414,0.0836,26.5,19,64,853.4
2027,2,Centro,Urgencia,Técnicos,18,20,0.0682,37.3,0.414,0.0836,19.3,11,46,460.4
2027,3,Centro,Urgencia,Técnicos,18,23,0.0682,37.3,0.414,0.0836,32.5,24,67,782.0
2027,4,Centro,Urgencia,Técnicos,18,22,0.0682,37.3,0.414,0.0836,32.7,24,71,837.4
2027,5,Centro,Urgencia,Técnicos,18,21,0.0682,37.3,0.414,0.0836,39.0,32,79,1183.0
2027,6,Centro,Urgencia,Técnicos,18,22,0.0682,37.3,0.414,0.0836,40.9,30,79,1012.6
2027,7,Centro,Urgencia,Técnicos,18,22,0.0682,37.3,0.414,0.0836,39.2,32,83,902.5
2027,8,Centro,Urgencia,Técnicos,18,22,0.0682,37.3,0.414,0.0836,36.0,27,81,1050.9
2027,9,Centro,Urgencia,Técnicos,18,22,0.0682,37.3,0.414,0.0836,32.7,22,65,816.1
2027,10,Centro,Urgencia,Técnicos,18,21,0.0682,37.3,0.414,0.0836,31.2,25,70,949.2
2027,11,Centro,Urgencia,Técnicos,18,22,0.0682,37.3,0.414,0.0836,32.7,23,69,949.1
2027,12,Centro,Urgencia,Técnicos,18,23,0.0682,37.3,0.414,0.0836,30.8,23,73,928.3
2027,1,Norte,Ambulatorio,Administrativos,13,21,0.028,25.8,0.623,0.0357,8.2,1,25,236.7
2027,2,Norte,Ambulatorio,Administrativos,13,20,0.028,25.8,0.623,0.0357,6.0,0,18,165.6
2027,3,Norte,Ambulatorio,Administrativos,13,23,0.028,25.8,0.623,0.0357,10.0,3,30,272.0
2027,4,Norte,Ambulatorio,Administrativos,13,22,0.028,25.8,0.623,0.0357,10.1,2,28,268.1
2027,5,Norte,Ambulatorio,Administrativos,13,21,0.028,25.8,0.623,0.0357,12.0,5,35,331.7
2027,6,Norte,Ambulatorio,Administrativos,13,22,0.028,25.8,0.623,0.0357,12.6,5,37,370.6
2027,7,Norte,Ambulatorio,Administrativos,13,22,0.028,25.8,0.623,0.0357,12.1,5,37,368.2
2027,8,Norte,Ambulatorio,Administrativos,13,22,0.028,25.8,0.623,0.0357,11.1,3,30,324.3
2027,9,Norte,Ambulatorio,Administrativos,13,22,0.028,25.8,0.623,0.0357,10.1,3,25,268.7
2027,10,Norte,Ambulatorio,Administrativos,13,21,0.028,25.8,0.623,0.0357,9.6,3,32,312.9
2027,11,Norte,Ambulatorio,Administrativos,13,22,0.028,25.8,0.623,0.0357,10.1,3,25,227.5
2027,12,Norte,Ambulatorio,Administrativos,13,23,0.028,25.8,0.623,0.0357,9.5,2,28,252.4
2027,1,Norte,Ambulatorio,Directivos,1,21,0.0,2.0,0.085,0.0087,0.2,0,0,2.3
2027,2,Norte,Ambulatorio,Directivos,1,20,0.0,2.0,0.085,0.0087,0.1,0,0,2.5
2027,3,Norte,Ambulatorio,Directivos,1,23,0.0,2.0,0.085,0.0087,0.2,0,0,2.3
2027,4,Norte,Ambulatorio,Directivos,1,22,0.0,2.0,0.085,0.0087,0.2,0,0,2.4
2027,5,Norte,Ambulatorio,Directivos,1,21,0.0,2.0,0.085,0.0087,0.2,0,0,1.4
2027,6,Norte,Ambulatorio,Directivos,1,22,0.0,2.0,0.085,0.0087,0.2,0,0,2.8
2027,7,Norte,Ambulatorio,Directivos,1,22,0.0,2.0,0.085,0.0087,0.2,0,0,3.2
2027,8,Norte,Ambulatorio,Directivos,1,22,0.0,2.0,0.085,0.0087,0.2,0,0,2.3
2027,9,Norte,Ambulatorio,Directivos,1,22,0.0,2.0,0.085,0.0087,0.2,0,0,1.1
2027,10,Norte,Ambulatorio,Directivos,1,21,0.0,2.0,0.085,0.0087,0.2,0,0,2.1
2027,11,Norte,Ambulatorio,Directivos,1,22,0.0,2.0,0.085,0.0087,0.2,0,0,1.2
2027,12,Norte,Ambulatorio,Directivos,1,23,0.0,2.0,0.085,0.0087,0.2,0,0,2.0
2027,1,Norte,Ambulatorio,Profesionales,12,21,0.0598,23.7,0.498,0.053,11.2,4,31,346.0
2027,2,Norte,Ambulatorio,Profesionales,12,20,0.0598,23.7,0.498,0.053,8.2,1,22,207.4
2027,3,Norte,Ambulatorio,Profesionales,12,23,0.0598,23.7,0.498,0.053,13.7,7,37,372.9
2027,4,Norte,Ambulatorio,Profesionales,12,22,0.0598,23.7,0.498,0.053,13.8,6,39,429.6
2027,5,Norte,Ambulatorio,Profesionales,12,21,0.0598,23.7,0.498,0.053,16.5,8,45,458.9
2027,6,Norte,Ambulatorio,Profesionales,12,22,0.0598,23.7,0.498,0.053,17.3,11,46,534.2
2027,7,Norte,Ambulatorio,Profesionales,12,22,0.0598,23.7,0.498,0.053,16.6,8,42,480.8
2027,8,Norte,Ambulatorio,Profesionales,12,22,0.0598,23.7,0.498,0.053,15.2,8,38,364.4
2027,9,Norte,Ambulatorio,Profesionales,12,22,0.0598,23.7,0.498,0.053,13.8,7,35,324.5
2027,10,Norte,Ambulatorio,Profesionales,12,21,0.0598,23.7,0.498,0.053,13.2,6,43,446.4
2027,11,Norte,Ambulatorio,Profesionales,12,22,0.0598,23.7,0.498,0.053,13.8,6,39,438.1
2027,12,Norte,Ambulatorio,Profesionales,12,23,0.0598,23.7,0.498,0.053,13.0,6,34,352.7
2027,1,Norte,Ambulatorio,Técnicos,8,21,0.0829,16.0,0.233,0.0918,12.9,6,36,351.3
2027,2,Norte,Ambulatorio,Técnicos,8,20,0.0829,16.0,0.233,0.0918,9.4,3,27,243.3
2027,3,Norte,Ambulatorio,Técnicos,8,23,0.0829,16.0,0.233,0.0918,15.8,9,42,344.1
2027,4,Norte,Ambulatorio,Técnicos,8,22,0.0829,16.0,0.233,0.0918,16.0,9,39,493.1
2027,5,Norte,Ambulatorio,Técnicos,8,21,0.0829,16.0,0.233,0.0918,19.0,12,47,460.9
2027,6,Norte,Ambulatorio,Técnicos,8,22,0.0829,16.0,0.233,0.0918,19.9,12,46,523.1
2027,7,Norte,Ambulatorio,Técnicos,8,22,0.0829,16.0,0.233,0.0918,19.1,12,48,428.4
2027,8,Norte,Ambulatorio,Técnicos,8,22,0.0829,16.0,0.233,0.0918,17.5,10,47,487.7
2027,9,Norte,Ambulatorio,Técnicos,8,22,0.0829,16.0,0.233,0.0918,16.0,9,40,371.7
2027,10,Norte,Ambulatorio,Técnicos,8,21,0.0829,16.0,0.233,0.0918,15.2,8,41,332.2
2027,11,Norte,Ambulatorio,Técnicos,8,22,0.0829,16.0,0.233,0.0918,16.0,8,33,292.7
2027,12,Norte,Ambulatorio,Técnicos,8,23,0.0829,16.0,0.233,0.0918,15.0,8,37,388.5
2027,1,Norte,Apoyo,Administrativos,30,21,0.0539,59.2,0.792,0.0528,27.9,20,64,759.6
2027,2,Norte,Apoyo,Administrativos,30,20,0.0539,59.2,0.792,0.0528,20.3,13,50,510.7
2027,3,Norte,Apoyo,Administrativos,30,23,0.0539,59.2,0.792,0.0528,34.2,25,76,815.6
2027,4,Norte,Apoyo,Administrativos,30,22,0.0539,59.2,0.792,0.0528,34.4,26,76,969.0
2027,5,Norte,Apoyo,Administrativos,30,21,0.0539,59.2,0.792,0.0528,41.0,31,89,1222.0
2027,6,Norte,Apoyo,Administrativos,30,22,0.0539,59.2,0.792,0.0528,43.0,33,85,1110.9
2027,7,Norte,Apoyo,Administrativos,30,22,0.0539,59.2,0.792,0.0528,41.3,32,85,1093.4
2027,8,Norte,Apoyo,Administrativos,30,22,0.0539,59.2,0.792,0.0528,37.8,29,82,1055.1
2027,9,Norte,Apoyo,Administrativos,30,22,0.0539,59.2,0.792,0.0528,34.4,27,76,895.8
2027,10,Norte,Apoyo,Administrativos,30,21,0.0539,59.2,0.792,0.0528,32.8,25,75,853.9
2027,11,Norte,Apoyo,Administrativos,30,22,0.0539,59.2,0.792,0.0528,34.4,27,76,912.6
2027,12,Norte,Apoyo,Administrativos,30,23,0.0539,59.2,0.792,0.0528,32.4,23,79,1019.6
2027,1,Norte,Apoyo,Auxiliares,8,21,0.0463,15.8,0.795,0.0522,7.4,1,23,184.3
2027,2,Norte,Apoyo,Auxiliares,8,20,0.0463,15.8,0.795,0.0522,5.4,0,17,142.1
2027,3,Norte,Apoyo,Auxiliares,8,23,0.0463,15.8,0.795,0.0522,9.0,2,26,238.6
2027,4,Norte,Apoyo,Auxiliares,8,22,0.0463,15.8,0.795,0.0522,9.1,2,28,254.9
2027,5,Norte,Apoyo,Auxiliares,8,21,0.0463,15.8,0.795,0.0522,10.8,4,35,311.4
2027,6,Norte,Apoyo,Auxiliares,8,22,0.0463,15.8,0.795,0.0522,11.3,4,36,313.4
2027,7,Norte,Apoyo,Auxiliares,8,22,0.0463,15.8,0.795,0.0522,10.9,4,28,281.7
2027,8,Norte,Apoyo,Auxiliares,8,22,0.0463,15.8,0.795,0.0522,10.0,3,27,204.3
2027,9,Norte,Apoyo,Auxiliares,8,22,0.0463,15.8,0.795,0.0522,9.1,2,23,227.8
2027,10,Norte,Apoyo,Auxiliares,8,21,0.0463,15.8,0.795,0.0522,8.7,2,25,201.0
2027,11,Norte,Apoyo,Auxiliares,8,22,0.0463,15.8,0.795,0.0522,9.1,2,26,227.3
2027,12,Norte,Apoyo,Auxiliares,8,23,0.0463,15.8,0.795,0.0522,8.5,3,27,234.4
2027,1,Norte,Apoyo,Directivos,1,21,0.0,2.0,0.085,0.0087,0.2,0,0,1.0
2027,2,Norte,Apoyo,Directivos,1,20,0.0,2.0,0.085,0.0087,0.1,0,0,0.9
2027,3,Norte,Apoyo,Directivos,1,23,0.0,2.0,0.085,0.0087,0.2,0,0,1.9
2027,4,Norte,Apoyo,Directivos,1,22,0.0,2.0,0.085,0.0087,0.2,0,0,1.5
2027,5,Norte,Apoyo,Directivos,1,21,0.0,2.0,0.085,0.0087,0.2,0,0,2.6
2027,6,Norte,Apoyo,Directivos,1,22,0.0,2.0,0.085,0.0087,0.2,0,0,2.1
2027,7,Norte,Apoyo,Directivos,1,22,0.0,2.0,0.085,0.0087,0.2,0,0,1.8
2027,8,Norte,Apoyo,Directivos,1,22,0.0,2.0,0.085,0.0087,0.2,0,0,1.8
2027,9,Norte,Apoyo,Directivos,1,22,0.0,2.0,0.085,0.0087,0.2,0,0,1.1
2027,10,Norte,Apoyo,Directivos,1,21,0.0,2.0,0.085,0.0087,0.2,0,0,1.2
2027,11,Norte,Apoyo,Directivos,1,22,0.0,2.0,0.085,0.0087,0.2,0,0,1.5
2027,12,Norte,Apoyo,Directivos,1,23,0.0,2.0,0.085,0.0087,0.2,0,0,1.3
2027,1,Norte,Hospitalización,Auxiliares,10,21,0.0886,19.3,0.826,0.0862,15.2,7,42,400.6
2027,2,Norte,Hospitalización,Auxiliares,10,20,0.0886,19.3,0.826,0.0862,11.1,5,34,274.5
2027,3,Norte,Hospitalización,Auxiliares,10,23,0.0886,19.3,0.826,0.0862,18.6,11,50,493.1
2027,4,Norte,Hospitalización,Auxiliares,10,22,0.0886,19.3,0.826,0.0862,18.7,10,50,520.3
2027,5,Norte,Hospitalización,Auxiliares,10,21,0.0886,19.3,0.826,0.0862,22.4,14,58,650.6
2027,6,Norte,Hospitalización,Auxiliares,10,22,0.0886,19.3,0.826,0.0862,23.4,14,57,682.5
2027,7,Norte,Hospitalización,Auxiliares,10,22,0.0886,19.3,0.826,0.0862,22.5,15,57,576.6
2027,8,Norte,Hospitalización,Auxiliares,10,22,0.0886,19.3,0.826,0.0862,20.6,12,49,495.9
2027,9,Norte,Hospitalización,Auxiliares,10,22,0.0886,19.3,0.826,0.0862,18.7,11,49,482.5
2027,10,Norte,Hospitalización,Auxiliares,10,21,0.0886,19.3,0.826,0.0862,17.9,9,46,426.5
2027,11,Norte,Hospitalización,Auxiliares,10,22,0.0886,19.3,0.826,0.0862,18.7,10,48,415.1
2027,12,Norte,Hospitalización,Auxiliares,10,23,0.0886,19.3,0.826,0.0862,17.6,10,51,477.7
2027,1,Norte,Hospitalización,Directivos,2,21,0.0041,3.7,0.146,0.0087,0.3,0,0,3.1
2027,2,Norte,Hospitalización,Directivos,2,20,0.0041,3.7,0.146,0.0087,0.2,0,0,1.4
2027,3,Norte,Hospitalización,Directivos,2,23,0.0041,3.7,0.146,0.0087,0.4,0,0,1.9
2027,4,Norte,Hospitalización,Directivos,2,22,0.0041,3.7,0.146,0.0087,0.4,0,0,5.2
2027,5,Norte,Hospitalización,Directivos,2,21,0.0041,3.7,0.146,0.0087,0.5,0,0,5.3
2027,6,Norte,Hospitalización,Directivos,2,22,0.0041,3.7,0.146,0.0087,0.5,0,0,3.2
2027,7,Norte,Hospitalización,Directivos,2,22,0.0041,3.7,0.146,0.0087,0.5,0,0,5.3
2027,8,Norte,Hospitalización,Directivos,2,22,0.0041,3.7,0.146,0.0087,0.4,0,0,2.9
2027,9,Norte,Hospitalización,Directivos,2,22,0.0041,3.7,0.146,0.0087,0.4,0,0,4.8
2027,10,Norte,Hospitalización,Directivos,2,21,0.0041,3.7,0.146,0.0087,0.4,0,0,3.2
2027,11,Norte,Hospitalización,Directivos,2,22,0.0041,3.7,0.146,0.0087,0.4,0,0,3.9
2027,12,Norte,Hospitalización,Directivos,2,23,0.0041,3.7,0.146,0.0087,0.4,0,0,2.8
2027,1,Norte,Hospitalización,Profesionales,17,21,0.0455,35.8,0.599,0.0458,13.7,5,38,434.7
2027,2,Norte,Hospitalización,Profesionales,17,20,0.0455,35.8,0.599,0.0458,10.0,2,27,241.6
2027,3,Norte,Hospitalización,Profesionales,17,23,0.0455,35.8,0.599,0.0458,16.8,10,42,446.0
2027,4,Norte,Hospitalización,Profesionales,17,22,0.0455,35.8,0.599,0.0458,16.9,9,40,353.0
2027,5,Norte,Hospitalización,Profesionales,17,21,0.0455,35.8,0.599,0.0458,20.2,12,53,549.2
2027,6,Norte,Hospitalización,Profesionales,17,22,0.0455,35.8,0.599,0.0458,21.2,14,56,596.8
2027,7,Norte,Hospitalización,Profesionales,17,22,0.0455,35.8,0.599,0.0458,20.3,13,50,578.6
2027,8,Norte,Hospitalización,Profesionales,17,22,0.0455,35.8,0.599,0.0458,18.6,10,46,526.7
2027,9,Norte,Hospitalización,Profesionales,17,22,0.0455,35.8,0.599,0.0458,16.9,10,40,383.9
2027,10,Norte,Hospitalización,Profesionales,17,21,0.0455,35.8,0.599,0.0458,16.2,8,48,565.1
2027,11,Norte,Hospitalización,Profesionales,17,22,0.0455,35.8,0.599,0.0458,16.9,11,47,550.6
2027,12,Norte,Hospitalización,Profesionales,17,23,0.0455,35.8,0.599,0.0458,15.9,8,42,478.4
2027,1,Norte,Hospitalización,Técnicos,24,21,0.0938,49.1,0.482,0.0941,39.8,32,85,1143.5
2027,2,Norte,Hospitalización,Técnicos,24,20,0.0938,49.1,0.482,0.0941,29.0,22,68,810.8
2027,3,Norte,Hospitalización,Técnicos,24,23,0.0938,49.1,0.482,0.0941,48.8,41,90,1217.5
2027,4,Norte,Hospitalización,Técnicos,24,22,0.0938,49.1,0.482,0.0941,49.1,41,96,1341.9
2027,5,Norte,Hospitalización,Técnicos,24,21,0.0938,49.1,0.482,0.0941,58.6,48,106,1520.4
2027,6,Norte,Hospitalización,Técnicos,24,22,0.0938,49.1,0.482,0.0941,61.4,53,117,1760.0
2027,7,Norte,Hospitalización,Técnicos,24,22,0.0938,49.1,0.482,0.0941,58.9,50,109,1616.4
2027,8,Norte,Hospitalización,Técnicos,24,22,0.0938,49.1,0.482,0.0941,54.0,46,105,1426.9
2027,9,Norte,Hospitalización,Técnicos,24,22,0.0938,49.1,0.482,0.0941,49.1,39,96,1390.3
2027,10,Norte,Hospitalización,Técnicos,24,21,0.0938,49.1,0.482,0.0941,46.9,38,98,1598.4
2027,11,Norte,Hospitalización,Técnicos,24,22,0.0938,49.1,0.482,0.0941,49.1,41,99,1428.8
2027,12,Norte,Hospitalización,Técnicos,24,23,0.0938,49.1,0.482,0.0941,46.2,37,92,1274.6
2027,1,Norte,Pabellón,Auxiliares,1,21,0.3222,1.8,0.312,0.1522,2.7,0,8,76.4
2027,2,Norte,Pabellón,Auxiliares,1,20,0.3222,1.8,0.312,0.1522,2.0,0,5,58.8
2027,3,Norte,Pabellón,Auxiliares,1,23,0.3222,1.8,0.312,0.1522,3.3,0,8,95.0
2027,4,Norte,Pabellón,Auxiliares,1,22,0.3222,1.8,0.312,0.1522,3.3,0,9,79.7
2027,5,Norte,Pabellón,Auxiliares,1,21,0.3222,1.8,0.312,0.1522,3.9,0,11,108.4
2027,6,Norte,Pabellón,Auxiliares,1,22,0.3222,1.8,0.312,0.1522,4.1,0,12,94.0
2027,7,Norte,Pabellón,Auxiliares,1,22,0.3222,1.8,0.312,0.1522,4.0,0,11,122.0
2027,8,Norte,Pabellón,Auxiliares,1,22,0.3222,1.8,0.312,0.1522,3.6,0,12,108.6
2027,9,Norte,Pabellón,Auxiliares,1,22,0.3222,1.8,0.312,0.1522,3.3,0,10,122.1
2027,10,Norte,Pabellón,Auxiliares,1,21,0.3222,1.8,0.312,0.1522,3.2,0,11,81.1
2027,11,Norte,Pabellón,Auxiliares,1,22,0.3222,1.8,0.312,0.1522,3.3,0,10,88.9
2027,12,Norte,Pabellón,Auxiliares,1,23,0.3222,1.8,0.312,0.1522,3.1,0,9,78.3
2027,1,Norte,Pabellón,Directivos,2,21,0.0183,3.8,0.148,0.0108,0.4,0,0,4.4
2027,2,Norte,Pabellón,Directivos,2,20,0.0183,3.8,0.148,0.0108,0.3,0,0,3.3
2027,3,Norte,Pabellón,Directivos,2,23,0.0183,3.8,0.148,0.0108,0.5,0,0,4.1
2027,4,Norte,Pabellón,Directivos,2,22,0.0183,3.8,0.148,0.0108,0.5,0,0,4.0
2027,5,Norte,Pabellón,Directivos,2,21,0.0183,3.8,0.148,0.0108,0.6,0,1,7.3
2027,6,Norte,Pabellón,Directivos,2,22,0.0183,3.8,0.148,0.0108,0.6,0,1,9.1
2027,7,Norte,Pabellón,Directivos,2,22,0.0183,3.8,0.148,0.0108,0.6,0,0,4.9
2027,8,Norte,Pabellón,Directivos,2,22,0.0183,3.8,0.148,0.0108,0.5,0,1,5.2
2027,9,Norte,Pabellón,Directivos,2,22,0.0183,3.8,0.148,0.0108,0.5,0,0,3.8
2027,10,Norte,Pabellón,Directivos,2,21,0.0183,3.8,0.148,0.0108,0.4,0,0,4.1
2027,11,Norte,Pabellón,Directivos,2,22,0.0183,3.8,0.148,0.0108,0.5,0,0,6.6
2027,12,Norte,Pabellón,Directivos,2,23,0.0183,3.8,0.148,0.0108,0.4,0,0,5.0
2027,1,Norte,Pabellón,Profesionales,12,21,0.0554,23.8,0.499,0.0508,10.7,2,28,261.2
2027,2,Norte,Pabellón,Profesionales,12,20,0.0554,23.8,0.499,0.0508,7.8,1,23,221.7
2027,3,Norte,Pabellón,Profesionales,12,23,0.0554,23.8,0.499,0.0508,13.2,5,36,377.1
2027,4,Norte,Pabellón,Profesionales,12,22,0.0554,23.8,0.499,0.0508,13.2,6,36,327.1
2027,5,Norte,Pabellón,Profesionales,12,21,0.0554,23.8,0.499,0.0508,15.8,8,39,415.7
2027,6,Norte,Pabellón,Profesionales,12,22,0.0554,23.8,0.499,0.0508,16.6,10,41,434.2
2027,7,Norte,Pabellón,Profesionales,12,22,0.0554,23.8,0.499,0.0508,15.9,8,42,472.3
2027,8,Norte,Pabellón,Profesionales,12,22,0.0554,23.8,0.499,0.0508,14.6,7,42,405.7
2027,9,Norte,Pabellón,Profesionales,12,22,0.0554,23.8,0.499,0.0508,13.2,6,39,421.1
2027,10,Norte,Pabellón,Profesionales,12,21,0.0554,23.8,0.499,0.0508,12.6,5,35,350.2
2027,11,Norte,Pabellón,Profesionales,12,22,0.0554,23.8,0.499,0.0508,13.2,5,33,338.1
2027,12,Norte,Pabellón,Profesionales,12,23,0.0554,23.8,0.499,0.0508,12.5,6,39,433.4
2027,1,Norte,Pabellón,Técnicos,10,21,0.0872,19.4,0.269,0.0925,16.3,9,39,380.2
2027,2,Norte,Pabellón,Técnicos,10,20,0.0872,19.4,0.269,0.0925,11.9,6,31,287.8
2027,3,Norte,Pabellón,Técnicos,10,23,0.0872,19.4,0.269,0.0925,20.0,13,50,602.7
2027,4,Norte,Pabellón,Técnicos,10,22,0.0872,19.4,0.269,0.0925,20.1,13,46,435.8
2027,5,Norte,Pabellón,Técnicos,10,21,0.0872,19.4,0.269,0.0925,24.0,17,56,546.0
2027,6,Norte,Pabellón,Técnicos,10,22,0.0872,19.4,0.269,0.0925,25.1,17,58,703.7
2027,7,Norte,Pabellón,Técnicos,10,22,0.0872,19.4,0.269,0.0925,24.1,16,61,791.1
2027,8,Norte,Pabellón,Técnicos,10,22,0.0872,19.4,0.269,0.0925,22.1,16,61,835.2
2027,9,Norte,Pabellón,Técnicos,10,22,0.0872,19.4,0.269,0.0925,20.1,13,53,655.1
2027,10,Norte,Pabellón,Técnicos,10,21,0.0872,19.4,0.269,0.0925,19.2,11,49,612.7
2027,11,Norte,Pabellón,Técnicos,10,22,0.0872,19.4,0.269,0.0925,20.1,13,44,500.9
2027,12,Norte,Pabellón,Técnicos,10,23,0.0872,19.4,0.269,0.0925,18.9,12,52,601.6
2027,1,Norte,UCI,Auxiliares,1,21,0.0153,2.0,0.33,0.0554,1.0,0,0,30.9
2027,2,Norte,UCI,Auxiliares,1,20,0.0153,2.0,0.33,0.0554,0.7,0,0,22.4
2027,3,Norte,UCI,Auxiliares,1,23,0.0153,2.0,0.33,0.0554,1.2,0,1,24.3
2027,4,Norte,UCI,Auxiliares,1,22,0.0153,2.0,0.33,0.0554,1.2,0,2,48.9
2027,5,Norte,UCI,Auxiliares,1,21,0.0153,2.0,0.33,0.0554,1.4,0,5,41.8
2027,6,Norte,UCI,Auxiliares,1,22,0.0153,2.0,0.33,0.0554,1.5,0,2,33.3
2027,7,Norte,UCI,Auxiliares,1,22,0.0153,2.0,0.33,0.0554,1.4,0,3,38.8
2027,8,Norte,UCI,Auxiliares,1,22,0.0153,2.0,0.33,0.0554,1.3,0,2,25.2
2027,9,Norte,UCI,Auxiliares,1,22,0.0153,2.0,0.33,0.0554,1.2,0,1,23.3
2027,10,Norte,UCI,Auxiliares,1,21,0.0153,2.0,0.33,0.0554,1.1,0,2,35.5
2027,11,Norte,UCI,Auxiliares,1,22,0.0153,2.0,0.33,0.0554,1.2,0,2,29.0
2027,12,Norte,UCI,Auxiliares,1,23,0.0153,2.0,0.33,0.0554,1.1,0,1,21.7
2027,1,Norte,UCI,Directivos,1,21,0.0287,2.0,0.085,0.0111,0.2,0,0,1.6
2027,2,Norte,UCI,Directivos,1,20,0.0287,2.0,0.085,0.0111,0.1,0,0,0.5
2027,3,Norte,UCI,Directivos,1,23,0.0287,2.0,0.085,0.0111,0.2,0,0,2.0
2027,4,Norte,UCI,Directivos,1,22,0.0287,2.0,0.085,0.0111,0.2,0,0,2.2
2027,5,Norte,UCI,Directivos,1,21,0.0287,2.0,0.085,0.0111,0.3,0,0,3.3
2027,6,Norte,UCI,Directivos,1,22,0.0287,2.0,0.085,0.0111,0.3,0,0,3.0
2027,7,Norte,UCI,Directivos,1,22,0.0287,2.0,0.085,0.0111,0.3,0,0,2.5
2027,8,Norte,UCI,Directivos,1,22,0.0287,2.0,0.085,0.0111,0.3,0,0,3.9
2027,9,Norte,UCI,Directivos,1,22,0.0287,2.0,0.085,0.0111,0.2,0,0,2.8
2027,10,Norte,UCI,Directivos,1,21,0.0287,2.0,0.085,0.0111,0.2,0,0,3.2
2027,11,Norte,UCI,Directivos,1,22,0.0287,2.0,0.085,0.0111,0.2,0,0,3.1
2027,12,Norte,UCI,Directivos,1,23,0.0287,2.0,0.085,0.0111,0.2,0,0,3.2
2027,1,Norte,UCI,Profesionales,15,21,0.0433,28.2,0.541,0.0446,11.8,5,34,321.1
2027,2,Norte,UCI,Profesionales,15,20,0.0433,28.2,0.541,0.0446,8.6,2,26,238.0
2027,3,Norte,UCI,Profesionales,15,23,0.0433,28.2,0.541,0.0446,14.5,8,37,367.9
2027,4,Norte,UCI,Profesionales,15,22,0.0433,28.2,0.541,0.0446,14.6,5,40,398.4
2027,5,Norte,UCI,Profesionales,15,21,0.0433,28.2,0.541,0.0446,17.4,10,51,613.7
2027,6,Norte,UCI,Profesionales,15,22,0.0433,28.2,0.541,0.0446,18.2,11,47,508.0
2027,7,Norte,UCI,Profesionales,15,22,0.0433,28.2,0.541,0.0446,17.5,9,46,518.8
2027,8,Norte,UCI,Profesionales,15,22,0.0433,28.2,0.541,0.0446,16.0,9,44,469.0
2027,9,Norte,UCI,Profesionales,15,22,0.0433,28.2,0.541,0.0446,14.6,8,38,394.2
2027,10,Norte,UCI,Profesionales,15,21,0.0433,28.2,0.541,0.0446,13.9,7,39,470.0
2027,11,Norte,UCI,Profesionales,15,22,0.0433,28.2,0.541,0.0446,14.6,8,36,373.7
2027,12,Norte,UCI,Profesionales,15,23,0.0433,28.2,0.541,0.0446,13.7,7,36,384.6
2027,1,Norte,UCI,Técnicos,12,21,0.0787,23.3,0.306,0.0896,19.0,11,47,540.0
2027,2,Norte,UCI,Técnicos,12,20,0.0787,23.3,0.306,0.0896,13.8,8,41,418.3
2027,3,Norte,UCI,Técnicos,12,23,0.0787,23.3,0.306,0.0896,23.2,16,61,732.5
2027,4,Norte,UCI,Técnicos,12,22,0.0787,23.3,0.306,0.0896,23.4,15,62,834.1
2027,5,Norte,UCI,Técnicos,12,21,0.0787,23.3,0.306,0.0896,27.9,20,62,734.8
2027,6,Norte,UCI,Técnicos,12,22,0.0787,23.3,0.306,0.0896,29.2,21,63,840.2
2027,7,Norte,UCI,Técnicos,12,22,0.0787,23.3,0.306,0.0896,28.0,20,61,701.3
2027,8,Norte,UCI,Técnicos,12,22,0.0787,23.3,0.306,0.0896,25.7,17,56,631.6
2027,9,Norte,UCI,Técnicos,12,22,0.0787,23.3,0.306,0.0896,23.4,15,51,551.2
2027,10,Norte,UCI,Técnicos,12,21,0.0787,23.3,0.306,0.0896,22.3,15,51,532.9
2027,11,Norte,UCI,Técnicos,12,22,0.0787,23.3,0.306,0.0896,23.4,15,57,601.9
2027,12,Norte,UCI,Técnicos,12,23,0.0787,23.3,0.306,0.0896,22.0,14,51,565.3
2027,1,Norte,Urgencia,Auxiliares,5,21,0.0364,10.0,0.711,0.0476,4.2,0,14,129.3
2027,2,Norte,Urgencia,Auxiliares,5,20,0.0364,10.0,0.711,0.0476,3.1,0,9,109.9
2027,3,Norte,Urgencia,Auxiliares,5,23,0.0364,10.0,0.711,0.0476,5.1,0,15,99.9
2027,4,Norte,Urgencia,Auxiliares,5,22,0.0364,10.0,0.711,0.0476,5.2,0,18,150.9
2027,5,Norte,Urgencia,Auxiliares,5,21,0.0364,10.0,0.711,0.0476,6.2,1,17,151.6
2027,6,Norte,Urgencia,Auxiliares,5,22,0.0364,10.0,0.711,0.0476,6.5,0,21,153.4
2027,7,Norte,Urgencia,Auxiliares,5,22,0.0364,10.0,0.711,0.0476,6.2,0,20,165.1
2027,8,Norte,Urgencia,Auxiliares,5,22,0.0364,10.0,0.711,0.0476,5.7,0,16,120.2
2027,9,Norte,Urgencia,Auxiliares,5,22,0.0364,10.0,0.711,0.0476,5.2,0,16,144.2
2027,10,Norte,Urgencia,Auxiliares,5,21,0.0364,10.0,0.711,0.0476,4.9,0,15,122.0
2027,11,Norte,Urgencia,Auxiliares,5,22,0.0364,10.0,0.711,0.0476,5.2,0,15,129.6
2027,12,Norte,Urgencia,Auxiliares,5,23,0.0364,10.0,0.711,0.0476,4.9,0,14,103.7
2027,1,Norte,Urgencia,Directivos,0,21,0.0,2.0,0.083,0.0087,0.0,0,0,0.0
2027,2,Norte,Urgencia,Directivos,0,20,0.0,2.0,0.083,0.0087,0.0,0,0,0.0
2027,3,Norte,Urgencia,Directivos,0,23,0.0,2.0,0.083,0.0087,0.0,0,0,0.0
2027,4,Norte,Urgencia,Directivos,0,22,0.0,2.0,0.083,0.0087,0.0,0,0,0.0
2027,5,Norte,Urgencia,Directivos,0,21,0.0,2.0,0.083,0.0087,0.0,0,0,0.0
2027,6,Norte,Urgencia,Directivos,0,22,0.0,2.0,0.083,0.0087,0.0,0,0,0.0
2027,7,Norte,Urgencia,Directivos,0,22,0.0,2.0,0.083,0.0087,0.0,0,0,0.0
2027,8,Norte,Urgencia,Directivos,0,22,0.0,2.0,0.083,0.0087,0.0,0,0,0.0
2027,9,Norte,Urgencia,Directivos,0,22,0.0,2.0,0.083,0.0087,0.0,0,0,0.0
2027,10,Norte,Urgencia,Directivos,0,21,0.0,2.0,0.083,0.0087,0.0,0,0,0.0
2027,11,Norte,Urgencia,Directivos,0,22,0.0,2.0,0.083,0.0087,0.0,0,0,0.0
2027,12,Norte,Urgencia,Directivos,0,23,0.0,2.0,0.083,0.0087,0.0,0,0,0.0
2027,1,Norte,Urgencia,Profesionales,12,21,0.0501,23.8,0.499,0.0482,10.2,3,28,299.1
2027,2,Norte,Urgencia,Profesionales,12,20,0.0501,23.8,0.499,0.0482,7.4,1,22,237.7
2027,3,Norte,Urgencia,Profesionales,12,23,0.0501,23.8,0.499,0.0482,12.5,5,34,380.4
2027,4,Norte,Urgencia,Profesionales,12,22,0.0501,23.8,0.499,0.0482,12.6,5,33,359.2
2027,5,Norte,Urgencia,Profesionales,12,21,0.0501,23.8,0.499,0.0482,15.0,8,38,422.2
2027,6,Norte,Urgencia,Profesionales,12,22,0.0501,23.8,0.499,0.0482,15.7,8,42,471.4
2027,7,Norte,Urgencia,Profesionales,12,22,0.0501,23.8,0.499,0.0482,15.1,8,41,366.5
2027,8,Norte,Urgencia,Profesionales,12,22,0.0501,23.8,0.499,0.0482,13.8,6,37,367.0
2027,9,Norte,Urgencia,Profesionales,12,22,0.0501,23.8,0.499,0.0482,12.6,4,34,379.7
2027,10,Norte,Urgencia,Profesionales,12,21,0.0501,23.8,0.499,0.0482,12.0,4,32,295.1
2027,11,Norte,Urgencia,Profesionales,12,22,0.0501,23.8,0.499,0.0482,12.6,5,38,373.2
2027,12,Norte,Urgencia,Profesionales,12,23,0.0501,23.8,0.499,0.0482,11.8,4,33,341.6
2027,1,Norte,Urgencia,Técnicos,10,21,0.1205,19.5,0.27,0.1015,17.9,11,44,453.9
2027,2,Norte,Urgencia,Técnicos,10,20,0.1205,19.5,0.27,0.1015,13.0,6,34,341.4
2027,3,Norte,Urgencia,Técnicos,10,23,0.1205,19.5,0.27,0.1015,21.9,15,51,474.1
2027,4,Norte,Urgencia,Técnicos,10,22,0.1205,19.5,0.27,0.1015,22.0,16,54,555.5
2027,5,Norte,Urgencia,Técnicos,10,21,0.1205,19.5,0.27,0.1015,26.3,17,56,634.4
2027,6,Norte,Urgencia,Técnicos,10,22,0.1205,19.5,0.27,0.1015,27.6,20,61,726.6
2027,7,Norte,Urgencia,Técnicos,10,22,0.1205,19.5,0.27,0.1015,26.5,18,65,820.9
2027,8,Norte,Urgencia,Técnicos,10,22,0.1205,19.5,0.27,0.1015,24.3,17,60,684.7
2027,9,Norte,Urgencia,Técnicos,10,22,0.1205,19.5,0.27,0.1015,22.0,15,54,612.5
2027,10,Norte,Urgencia,Técnicos,10,21,0.1205,19.5,0.27,0.1015,21.0,13,49,502.7
2027,11,Norte,Urgencia,Técnicos,10,22,0.1205,19.5,0.27,0.1015,22.0,14,53,803.3
2027,12,Norte,Urgencia,Técnicos,10,23,0.1205,19.5,0.27,0.1015,20.7,14,53,594.9
2027,1,Sur,Ambulatorio,Administrativos,5,21,0.0161,10.0,0.391,0.0358,3.2,0,10,83.9
2027,2,Sur,Ambulatorio,Administrativos,5,20,0.0161,10.0,0.391,0.0358,2.3,0,4,57.5
2027,3,Sur,Ambulatorio,Administrativos,5,23,0.0161,10.0,0.391,0.0358,3.9,0,13,97.2
2027,4,Sur,Ambulatorio,Administrativos,5,22,0.0161,10.0,0.391,0.0358,3.9,0,15,112.8
2027,5,Sur,Ambulatorio,Administrativos,5,21,0.0161,10.0,0.391,0.0358,4.6,0,15,104.2
2027,6,Sur,Ambulatorio,Administrativos,5,22,0.0161,10.0,0.391,0.0358,4.9,0,14,129.1
2027,7,Sur,Ambulatorio,Administrativos,5,22,0.0161,10.0,0.391,0.0358,4.7,0,15,119.4
2027,8,Sur,Ambulatorio,Administrativos,5,22,0.0161,10.0,0.391,0.0358,4.3,0,14,131.5
2027,9,Sur,Ambulatorio,Administrativos,5,22,0.0161,10.0,0.391,0.0358,3.9,0,13,99.7
2027,10,Sur,Ambulatorio,Administrativos,5,21,0.0161,10.0,0.391,0.0358,3.7,0,14,124.8
2027,11,Sur,Ambulatorio,Administrativos,5,22,0.0161,10.0,0.391,0.0358,3.9,0,11,85.5
2027,12,Sur,Ambulatorio,Administrativos,5,23,0.0161,10.0,0.391,0.0358,3.7,0,13,122.8
2027,1,Sur,Ambulatorio,Directivos,2,21,0.0,4.0,0.156,0.008,0.3,0,0,2.6
2027,2,Sur,Ambulatorio,Directivos,2,20,0.0,4.0,0.156,0.008,0.2,0,0,2.4
2027,3,Sur,Ambulatorio,Directivos,2,23,0.0,4.0,0.156,0.008,0.3,0,0,4.0
2027,4,Sur,Ambulatorio,Directivos,2,22,0.0,4.0,0.156,0.008,0.3,0,0,4.6
2027,5,Sur,Ambulatorio,Directivos,2,21,0.0,4.0,0.156,0.008,0.4,0,0,3.2
2027,6,Sur,Ambulatorio,Directivos,2,22,0.0,4.0,0.156,0.008,0.4,0,0,4.8
2027,7,Sur,Ambulatorio,Directivos,2,22,0.0,4.0,0.156,0.008,0.4,0,0,4.9
2027,8,Sur,Ambulatorio,Directivos,2,22,0.0,4.0,0.156,0.008,0.4,0,0,3.5
2027,9,Sur,Ambulatorio,Directivos,2,22,0.0,4.0,0.156,0.008,0.3,0,0,4.6
2027,10,Sur,Ambulatorio,Directivos,2,21,0.0,4.0,0.156,0.008,0.3,0,0,2.7
2027,11,Sur,Ambulatorio,Directivos,2,22,0.0,4.0,0.156,0.008,0.3,0,0,3.2
2027,12,Sur,Ambulatorio,Directivos,2,23,0.0,4.0,0.156,0.008,0.3,0,0,3.5
2027,1,Sur,Ambulatorio,Profesionales,7,21,0.0064,15.7,0.396,0.0304,3.8,0,13,87.8
2027,2,Sur,Ambulatorio,Profesionales,7,20,0.0064,15.7,0.396,0.0304,2.7,0,11,120.2
2027,3,Sur,Ambulatorio,Profesionales,7,23,0.0064,15.7,0.396,0.0304,4.6,0,14,147.4
2027,4,Sur,Ambulatorio,Profesionales,7,22,0.0064,15.7,0.396,0.0304,4.6,0,16,172.5
2027,5,Sur,Ambulatorio,Profesionales,7,21,0.0064,15.7,0.396,0.0304,5.5,0,18,149.4
2027,6,Sur,Ambulatorio,Profesionales,7,22,0.0064,15.7,0.396,0.0304,5.8,0,17,160.2
2027,7,Sur,Ambulatorio,Profesionales,7,22,0.0064,15.7,0.396,0.0304,5.6,0,19,147.0
2027,8,Sur,Ambulatorio,Profesionales,7,22,0.0064,15.7,0.396,0.0304,5.1,0,15,81.6
2027,9,Sur,Ambulatorio,Profesionales,7,22,0.0064,15.7,0.396,0.0304,4.6,0,17,146.4
2027,10,Sur,Ambulatorio,Profesionales,7,21,0.0064,15.7,0.396,0.0304,4.4,0,15,128.3
2027,11,Sur,Ambulatorio,Profesionales,7,22,0.0064,15.7,0.396,0.0304,4.6,0,14,112.4
2027,12,Sur,Ambulatorio,Profesionales,7,23,0.0064,15.7,0.396,0.0304,4.4,0,16,141.2
2027,1,Sur,Ambulatorio,Técnicos,6,21,0.0774,11.1,0.174,0.0915,9.7,3,30,313.7
2027,2,Sur,Ambulatorio,Técnicos,6,20,0.0774,11.1,0.174,0.0915,7.0,1,22,260.3
2027,3,Sur,Ambulatorio,Técnicos,6,23,0.0774,11.1,0.174,0.0915,11.8,5,34,318.0
2027,4,Sur,Ambulatorio,Técnicos,6,22,0.0774,11.1,0.174,0.0915,11.9,5,31,302.2
2027,5,Sur,Ambulatorio,Técnicos,6,21,0.0774,11.1,0.174,0.0915,14.2,7,36,424.7
2027,6,Sur,Ambulatorio,Técnicos,6,22,0.0774,11.1,0.174,0.0915,14.9,8,42,478.1
2027,7,Sur,Ambulatorio,Técnicos,6,22,0.0774,11.1,0.174,0.0915,14.3,8,36,448.1
2027,8,Sur,Ambulatorio,Técnicos,6,22,0.0774,11.1,0.174,0.0915,13.1,6,36,350.6
2027,9,Sur,Ambulatorio,Técnicos,6,22,0.0774,11.1,0.174,0.0915,11.9,6,34,318.4
2027,10,Sur,Ambulatorio,Técnicos,6,21,0.0774,11.1,0.174,0.0915,11.4,4,32,381.5
2027,11,Sur,Ambulatorio,Técnicos,6,22,0.0774,11.1,0.174,0.0915,11.9,5,32,331.0
2027,12,Sur,Ambulatorio,Técnicos,6,23,0.0774,11.1,0.174,0.0915,11.2,5,31,280.4
2027,1,Sur,Apoyo,Administrativos,16,21,0.0493,30.9,0.665,0.049,13.8,8,49,504.1
2027,2,Sur,Apoyo,Administrativos,16,20,0.0493,30.9,0.665,0.049,10.1,3,30,300.0
2027,3,Sur,Apoyo,Administrativos,16,23,0.0493,30.9,0.665,0.049,16.9,10,42,391.8
2027,4,Sur,Apoyo,Administrativos,16,22,0.0493,30.9,0.665,0.049,17.0,10,43,381.8
2027,5,Sur,Apoyo,Administrativos,16,21,0.0493,30.9,0.665,0.049,20.3,13,55,593.3
2027,6,Sur,Apoyo,Administrativos,16,22,0.0493,30.9,0.665,0.049,21.3,13,60,612.2
2027,7,Sur,Apoyo,Administrativos,16,22,0.0493,30.9,0.665,0.049,20.5,13,50,493.6
2027,8,Sur,Apoyo,Administrativos,16,22,0.0493,30.9,0.665,0.049,18.7,11,50,580.7
2027,9,Sur,Apoyo,Administrativos,16,22,0.0493,30.9,0.665,0.049,17.0,9,47,531.2
2027,10,Sur,Apoyo,Administrativos,16,21,0.0493,30.9,0.665,0.049,16.3,9,41,413.8
2027,11,Sur,Apoyo,Administrativos,16,22,0.0493,30.9,0.665,0.049,17.0,11,48,447.8
2027,12,Sur,Apoyo,Administrativos,16,23,0.0493,30.9,0.665,0.049,16.0,8,47,434.2
2027,1,Sur,Apoyo,Auxiliares,4,21,0.0574,7.8,0.658,0.0634,4.5,0,13,103.0
2027,2,Sur,Apoyo,Auxiliares,4,20,0.0574,7.8,0.658,0.0634,3.3,0,11,86.6
2027,3,Sur,Apoyo,Auxiliares,4,23,0.0574,7.8,0.658,0.0634,5.5,0,13,102.2
2027,4,Sur,Apoyo,Auxiliares,4,22,0.0574,7.8,0.658,0.0634,5.5,0,16,146.8
2027,5,Sur,Apoyo,Auxiliares,4,21,0.0574,7.8,0.658,0.0634,6.6,1,22,180.3
2027,6,Sur,Apoyo,Auxiliares,4,22,0.0574,7.8,0.658,0.0634,6.9,1,22,199.5
2027,7,Sur,Apoyo,Auxiliares,4,22,0.0574,7.8,0.658,0.0634,6.6,1,22,206.2
2027,8,Sur,Apoyo,Auxiliares,4,22,0.0574,7.8,0.658,0.0634,6.1,0,16,141.3
2027,9,Sur,Apoyo,Auxiliares,4,22,0.0574,7.8,0.658,0.0634,5.5,0,16,135.3
2027,10,Sur,Apoyo,Auxiliares,4,21,0.0574,7.8,0.658,0.0634,5.3,0,17,127.4
2027,11,Sur,Apoyo,Auxiliares,4,22,0.0574,7.8,0.658,0.0634,5.5,0,17,142.9
2027,12,Sur,Apoyo,Auxiliares,4,23,0.0574,7.8,0.658,0.0634,5.2,0,16,125.6
2027,1,Sur,Apoyo,Directivos,5,21,0.0126,10.0,0.316,0.0105,0.9,0,2,9.6
2027,2,Sur,Apoyo,Directivos,5,20,0.0126,10.0,0.316,0.0105,0.7,0,1,6.5
2027,3,Sur,Apoyo,Directivos,5,23,0.0126,10.0,0.316,0.0105,1.1,0,2,11.0
2027,4,Sur,Apoyo,Directivos,5,22,0.0126,10.0,0.316,0.0105,1.1,0,2,10.9
2027,5,Sur,Apoyo,Directivos,5,21,0.0126,10.0,0.316,0.0105,1.4,0,4,14.7
2027,6,Sur,Apoyo,Directivos,5,22,0.0126,10.0,0.316,0.0105,1.4,0,4,15.3
2027,7,Sur,Apoyo,Directivos,5,22,0.0126,10.0,0.316,0.0105,1.4,0,3,12.0
2027,8,Sur,Apoyo,Directivos,5,22,0.0126,10.0,0.316,0.0105,1.3,0,4,13.6
2027,9,Sur,Apoyo,Directivos,5,22,0.0126,10.0,0.316,0.0105,1.1,0,4,11.8
2027,10,Sur,Apoyo,Directivos,5,21,0.0126,10.0,0.316,0.0105,1.1,0,3,9.9
2027,11,Sur,Apoyo,Directivos,5,22,0.0126,10.0,0.316,0.0105,1.1,0,4,12.4
2027,12,Sur,Apoyo,Directivos,5,23,0.0126,10.0,0.316,0.0105,1.1,0,2,10.8
2027,1,Sur,Hospitalización,Auxiliares,7,21,0.0747,13.4,0.768,0.0748,9.2,2,27,259.1
2027,2,Sur,Hospitalización,Auxiliares,7,20,0.0747,13.4,0.768,0.0748,6.7,1,16,172.3
2027,3,Sur,Hospitalización,Auxiliares,7,23,0.0747,13.4,0.768,0.0748,11.3,4,27,232.7
2027,4,Sur,Hospitalización,Auxiliares,7,22,0.0747,13.4,0.768,0.0748,11.4,4,31,294.7
2027,5,Sur,Hospitalización,Auxiliares,7,21,0.0747,13.4,0.768,0.0748,13.6,6,43,420.7
2027,6,Sur,Hospitalización,Auxiliares,7,22,0.0747,13.4,0.768,0.0748,14.2,7,37,345.0
2027,7,Sur,Hospitalización,Auxiliares,7,22,0.0747,13.4,0.768,0.0748,13.7,6,40,368.3
2027,8,Sur,Hospitalización,Auxiliares,7,22,0.0747,13.4,0.768,0.0748,12.5,6,36,354.7
2027,9,Sur,Hospitalización,Auxiliares,7,22,0.0747,13.4,0.768,0.0748,11.4,4,32,249.4
2027,10,Sur,Hospitalización,Auxiliares,7,21,0.0747,13.4,0.768,0.0748,10.9,5,34,316.3
2027,11,Sur,Hospitalización,Auxiliares,7,22,0.0747,13.4,0.768,0.0748,11.4,5,35,310.1
2027,12,Sur,Hospitalización,Auxiliares,7,23,0.0747,13.4,0.768,0.0748,10.7,5,34,323.3
2027,1,Sur,Hospitalización,Directivos,1,21,0.0,1.7,0.074,0.0088,0.2,0,0,1.3
2027,2,Sur,Hospitalización,Directivos,1,20,0.0,1.7,0.074,0.0088,0.1,0,0,0.2
2027,3,Sur,Hospitalización,Directivos,1,23,0.0,1.7,0.074,0.0088,0.2,0,0,2.0
2027,4,Sur,Hospitalización,Directivos,1,22,0.0,1.7,0.074,0.0088,0.2,0,0,1.9
2027,5,Sur,Hospitalización,Directivos,1,21,0.0,1.7,0.074,0.0088,0.2,0,0,2.3
2027,6,Sur,Hospitalización,Directivos,1,22,0.0,1.7,0.074,0.0088,0.2,0,0,1.9
2027,7,Sur,Hospitalización,Directivos,1,22,0.0,1.7,0.074,0.0088,0.2,0,0,3.7
2027,8,Sur,Hospitalización,Directivos,1,22,0.0,1.7,0.074,0.0088,0.2,0,0,2.3
2027,9,Sur,Hospitalización,Directivos,1,22,0.0,1.7,0.074,0.0088,0.2,0,0,0.9
2027,10,Sur,Hospitalización,Directivos,1,21,0.0,1.7,0.074,0.0088,0.2,0,0,1.4
2027,11,Sur,Hospitalización,Directivos,1,22,0.0,1.7,0.074,0.0088,0.2,0,0,1.4
2027,12,Sur,Hospitalización,Directivos,1,23,0.0,1.7,0.074,0.0088,0.2,0,0,1.8
2027,1,Sur,Hospitalización,Profesionales,8,21,0.0492,15.6,0.396,0.0474,6.7,1,21,176.6
2027,2,Sur,Hospitalización,Profesionales,8,20,0.0492,15.6,0.396,0.0474,4.9,0,16,131.4
2027,3,Sur,Hospitalización,Profesionales,8,23,0.0492,15.6,0.396,0.0474,8.2,2,23,207.2
2027,4,Sur,Hospitalización,Profesionales,8,22,0.0492,15.6,0.396,0.0474,8.2,1,23,210.0
2027,5,Sur,Hospitalización,Profesionales,8,21,0.0492,15.6,0.396,0.0474,9.8,2,27,273.6
2027,6,Sur,Hospitalización,Profesionales,8,22,0.0492,15.6,0.396,0.0474,10.3,3,30,282.6
2027,7,Sur,Hospitalización,Profesionales,8,22,0.0492,15.6,0.396,0.0474,9.9,3,27,306.8
2027,8,Sur,Hospitalización,Profesionales,8,22,0.0492,15.6,0.396,0.0474,9.1,2,23,202.7
2027,9,Sur,Hospitalización,Profesionales,8,22,0.0492,15.6,0.396,0.0474,8.2,2,23,256.4
2027,10,Sur,Hospitalización,Profesionales,8,21,0.0492,15.6,0.396,0.0474,7.9,1,25,230.1
2027,11,Sur,Hospitalización,Profesionales,8,22,0.0492,15.6,0.396,0.0474,8.2,2,23,213.0
2027,12,Sur,Hospitalización,Profesionales,8,23,0.0492,15.6,0.396,0.0474,7.8,1,24,264.4
2027,1,Sur,Hospitalización,Técnicos,23,21,0.1215,47.2,0.472,0.1072,43.5,34,88,1068.5
2027,2,Sur,Hospitalización,Técnicos,23,20,0.1215,47.2,0.472,0.1072,31.7,24,69,915.0
2027,3,Sur,Hospitalización,Técnicos,23,23,0.1215,47.2,0.472,0.1072,53.2,45,104,1432.7
2027,4,Sur,Hospitalización,Técnicos,23,22,0.1215,47.2,0.472,0.1072,53.6,44,106,1496.0
2027,5,Sur,Hospitalización,Técnicos,23,21,0.1215,47.2,0.472,0.1072,63.9,56,120,1912.5
2027,6,Sur,Hospitalización,Técnicos,23,22,0.1215,47.2,0.472,0.1072,67.0,61,125,1945.6
2027,7,Sur,Hospitalización,Técnicos,23,22,0.1215,47.2,0.472,0.1072,64.3,57,120,1863.3
2027,8,Sur,Hospitalización,Técnicos,23,22,0.1215,47.2,0.472,0.1072,58.9,51,109,1565.4
2027,9,Sur,Hospitalización,Técnicos,23,22,0.1215,47.2,0.472,0.1072,53.6,44,99,1401.9
2027,10,Sur,Hospitalización,Técnicos,23,21,0.1215,47.2,0.472,0.1072,51.1,44,102,1510.6
2027,11,Sur,Hospitalización,Técnicos,23,22,0.1215,47.2,0.472,0.1072,53.6,46,109,1656.6
2027,12,Sur,Hospitalización,Técnicos,23,23,0.1215,47.2,0.472,0.1072,50.4,43,102,1457.9
2027,1,Sur,Pabellón,Auxiliares,10,21,0.0217,19.6,0.828,0.0308,5.4,0,15,151.5
2027,2,Sur,Pabellón,Auxiliares,10,20,0.0217,19.6,0.828,0.0308,4.0,0,12,100.9
2027,3,Sur,Pabellón,Auxiliares,10,23,0.0217,19.6,0.828,0.0308,6.7,1,22,192.5
2027,4,Sur,Pabellón,Auxiliares,10,22,0.0217,19.6,0.828,0.0308,6.7,1,22,187.9
2027,5,Sur,Pabellón,Auxiliares,10,21,0.0217,19.6,0.828,0.0308,8.0,2,23,181.7
2027,6,Sur,Pabellón,Auxiliares,10,22,0.0217,19.6,0.828,0.0308,8.4,2,26,218.9
2027,7,Sur,Pabellón,Auxiliares,10,22,0.0217,19.6,0.828,0.0308,8.0,1,26,195.9
2027,8,Sur,Pabellón,Auxiliares,10,22,0.0217,19.6,0.828,0.0308,7.4,1,22,231.8
2027,9,Sur,Pabellón,Auxiliares,10,22,0.0217,19.6,0.828,0.0308,6.7,0,19,160.4
2027,10,Sur,Pabellón,Auxiliares,10,21,0.0217,19.6,0.828,0.0308,6.4,0,20,170.1
2027,11,Sur,Pabellón,Auxiliares,10,22,0.0217,19.6,0.828,0.0308,6.7,1,21,171.7
2027,12,Sur,Pabellón,Auxiliares,10,23,0.0217,19.6,0.828,0.0308,6.3,1,17,164.9
2027,1,Sur,Pabellón,Profesionales,5,21,0.0345,10.0,0.295,0.0428,3.8,0,13,141.8
2027,2,Sur,Pabellón,Profesionales,5,20,0.0345,10.0,0.295,0.0428,2.7,0,8,74.2
2027,3,Sur,Pabellón,Profesionales,5,23,0.0345,10.0,0.295,0.0428,4.6,0,15,100.2
2027,4,Sur,Pabellón,Profesionales,5,22,0.0345,10.0,0.295,0.0428,4.6,0,17,121.8
2027,5,Sur,Pabellón,Profesionales,5,21,0.0345,10.0,0.295,0.0428,5.5,0,17,168.7
2027,6,Sur,Pabellón,Profesionales,5,22,0.0345,10.0,0.295,0.0428,5.8,0,18,155.3
2027,7,Sur,Pabellón,Profesionales,5,22,0.0345,10.0,0.295,0.0428,5.6,0,18,159.2
2027,8,Sur,Pabellón,Profesionales,5,22,0.0345,10.0,0.295,0.0428,5.1,0,19,164.3
2027,9,Sur,Pabellón,Profesionales,5,22,0.0345,10.0,0.295,0.0428,4.6,0,15,110.9
2027,10,Sur,Pabellón,Profesionales,5,21,0.0345,10.0,0.295,0.0428,4.4,0,14,125.5
2027,11,Sur,Pabellón,Profesionales,5,22,0.0345,10.0,0.295,0.0428,4.6,0,15,130.4
2027,12,Sur,Pabellón,Profesionales,5,23,0.0345,10.0,0.295,0.0428,4.4,0,13,102.0
2027,1,Sur,Pabellón,Técnicos,9,21,0.1096,18.0,0.254,0.0983,15.6,8,39,401.4
2027,2,Sur,Pabellón,Técnicos,9,20,0.1096,18.0,0.254,0.0983,11.4,5,34,376.2
2027,3,Sur,Pabellón,Técnicos,9,23,0.1096,18.0,0.254,0.0983,19.1,12,45,496.9
2027,4,Sur,Pabellón,Técnicos,9,22,0.1096,18.0,0.254,0.0983,19.2,12,47,553.5
2027,5,Sur,Pabellón,Técnicos,9,21,0.1096,18.0,0.254,0.0983,22.9,17,57,619.6
2027,6,Sur,Pabellón,Técnicos,9,22,0.1096,18.0,0.254,0.0983,24.0,16,58,665.4
2027,7,Sur,Pabellón,Técnicos,9,22,0.1096,18.0,0.254,0.0983,23.1,16,54,679.3
2027,8,Sur,Pabellón,Técnicos,9,22,0.1096,18.0,0.254,0.0983,21.1,13,52,637.5
2027,9,Sur,Pabellón,Técnicos,9,22,0.1096,18.0,0.254,0.0983,19.2,12,49,529.3
2027,10,Sur,Pabellón,Técnicos,9,21,0.1096,18.0,0.254,0.0983,18.4,11,47,587.3
2027,11,Sur,Pabellón,Técnicos,9,22,0.1096,18.0,0.254,0.0983,19.2,11,51,742.5
2027,12,Sur,Pabellón,Técnicos,9,23,0.1096,18.0,0.254,0.0983,18.1,11,46,473.4
2027,1,Sur,UCI,Auxiliares,4,21,0.1171,9.7,0.705,0.1047,7.4,1,22,188.7
2027,2,Sur,UCI,Auxiliares,4,20,0.1171,9.7,0.705,0.1047,5.4,0,13,117.1
2027,3,Sur,UCI,Auxiliares,4,23,0.1171,9.7,0.705,0.1047,9.0,2,28,291.5
2027,4,Sur,UCI,Auxiliares,4,22,0.1171,9.7,0.705,0.1047,9.1,3,28,250.5
2027,5,Sur,UCI,Auxiliares,4,21,0.1171,9.7,0.705,0.1047,10.9,4,29,280.3
2027,6,Sur,UCI,Auxiliares,4,22,0.1171,9.7,0.705,0.1047,11.4,4,31,313.5
2027,7,Sur,UCI,Auxiliares,4,22,0.1171,9.7,0.705,0.1047,10.9,4,30,276.7
2027,8,Sur,UCI,Auxiliares,4,22,0.1171,9.7,0.705,0.1047,10.0,3,33,291.3
2027,9,Sur,UCI,Auxiliares,4,22,0.1171,9.7,0.705,0.1047,9.1,3,25,228.2
2027,10,Sur,UCI,Auxiliares,4,21,0.1171,9.7,0.705,0.1047,8.7,2,22,210.5
2027,11,Sur,UCI,Auxiliares,4,22,0.1171,9.7,0.705,0.1047,9.1,3,27,224.7
2027,12,Sur,UCI,Auxiliares,4,23,0.1171,9.7,0.705,0.1047,8.6,2,26,209.0
2027,1,Sur,UCI,Directivos,2,21,0.0019,4.0,0.156,0.0083,0.3,0,0,0.9
2027,2,Sur,UCI,Directivos,2,20,0.0019,4.0,0.156,0.0083,0.2,0,0,1.5
2027,3,Sur,UCI,Directivos,2,23,0.0019,4.0,0.156,0.0083,0.4,0,0,3.0
2027,4,Sur,UCI,Directivos,2,22,0.0019,4.0,0.156,0.0083,0.4,0,0,3.6
2027,5,Sur,UCI,Directivos,2,21,0.0019,4.0,0.156,0.0083,0.4,0,0,5.0
2027,6,Sur,UCI,Directivos,2,22,0.0019,4.0,0.156,0.0083,0.5,0,0,4.7
2027,7,Sur,UCI,Directivos,2,22,0.0019,4.0,0.156,0.0083,0.4,0,0,4.1
2027,8,Sur,UCI,Directivos,2,22,0.0019,4.0,0.156,0.0083,0.4,0,0,4.1
2027,9,Sur,UCI,Directivos,2,22,0.0019,4.0,0.156,0.0083,0.4,0,0,3.5
2027,10,Sur,UCI,Directivos,2,21,0.0019,4.0,0.156,0.0083,0.3,0,0,3.2
2027,11,Sur,UCI,Directivos,2,22,0.0019,4.0,0.156,0.0083,0.4,0,0,3.1
2027,12,Sur,UCI,Directivos,2,23,0.0019,4.0,0.156,0.0083,0.3,0,0,3.9
2027,1,Sur,UCI,Profesionales,10,21,0.0396,19.6,0.45,0.0432,7.6,1,20,218.8
2027,2,Sur,UCI,Profesionales,10,20,0.0396,19.6,0.45,0.0432,5.5,0,19,173.2
2027,3,Sur,UCI,Profesionales,10,23,0.0396,19.6,0.45,0.0432,9.3,2,30,264.3
2027,4,Sur,UCI,Profesionales,10,22,0.0396,19.6,0.45,0.0432,9.4,2,30,300.8
2027,5,Sur,UCI,Profesionales,10,21,0.0396,19.6,0.45,0.0432,11.2,4,33,319.3
2027,6,Sur,UCI,Profesionales,10,22,0.0396,19.6,0.45,0.0432,11.7,4,28,219.5
2027,7,Sur,UCI,Profesionales,10,22,0.0396,19.6,0.45,0.0432,11.3,5,35,353.0
2027,8,Sur,UCI,Profesionales,10,22,0.0396,19.6,0.45,0.0432,10.3,3,31,296.9
2027,9,Sur,UCI,Profesionales,10,22,0.0396,19.6,0.45,0.0432,9.4,2,29,295.4
2027,10,Sur,UCI,Profesionales,10,21,0.0396,19.6,0.45,0.0432,9.0,2,23,232.7
2027,11,Sur,UCI,Profesionales,10,22,0.0396,19.6,0.45,0.0432,9.4,2,29,304.6
2027,12,Sur,UCI,Profesionales,10,23,0.0396,19.6,0.45,0.0432,8.8,1,26,257.4
2027,1,Sur,UCI,Técnicos,7,21,0.1221,15.7,0.229,0.1008,12.4,6,32,355.0
2027,2,Sur,UCI,Técnicos,7,20,0.1221,15.7,0.229,0.1008,9.1,3,26,235.8
2027,3,Sur,UCI,Técnicos,7,23,0.1221,15.7,0.229,0.1008,15.2,8,40,434.1
2027,4,Sur,UCI,Técnicos,7,22,0.1221,15.7,0.229,0.1008,15.3,8,41,505.1
2027,5,Sur,UCI,Técnicos,7,21,0.1221,15.7,0.229,0.1008,18.3,13,45,401.0
2027,6,Sur,UCI,Técnicos,7,22,0.1221,15.7,0.229,0.1008,19.2,11,50,504.5
2027,7,Sur,UCI,Técnicos,7,22,0.1221,15.7,0.229,0.1008,18.4,12,47,522.0
2027,8,Sur,UCI,Técnicos,7,22,0.1221,15.7,0.229,0.1008,16.9,10,45,467.9
2027,9,Sur,UCI,Técnicos,7,22,0.1221,15.7,0.229,0.1008,15.3,8,42,377.4
2027,10,Sur,UCI,Técnicos,7,21,0.1221,15.7,0.229,0.1008,14.6,7,35,374.8
2027,11,Sur,UCI,Técnicos,7,22,0.1221,15.7,0.229,0.1008,15.3,8,37,406.4
2027,12,Sur,UCI,Técnicos,7,23,0.1221,15.7,0.229,0.1008,14.4,7,36,350.9
2027,1,Sur,Urgencia,Auxiliares,3,21,0.0709,6.0,0.596,0.0726,3.8,0,12,100.0
2027,2,Sur,Urgencia,Auxiliares,3,20,0.0709,6.0,0.596,0.0726,2.8,0,7,48.1
2027,3,Sur,Urgencia,Auxiliares,3,23,0.0709,6.0,0.596,0.0726,4.7,0,15,131.5
2027,4,Sur,Urgencia,Auxiliares,3,22,0.0709,6.0,0.596,0.0726,4.7,0,14,116.1
2027,5,Sur,Urgencia,Auxiliares,3,21,0.0709,6.0,0.596,0.0726,5.6,1,17,165.7
2027,6,Sur,Urgencia,Auxiliares,3,22,0.0709,6.0,0.596,0.0726,5.9,0,17,141.5
2027,7,Sur,Urgencia,Auxiliares,3,22,0.0709,6.0,0.596,0.0726,5.7,0,18,157.2
2027,8,Sur,Urgencia,Auxiliares,3,22,0.0709,6.0,0.596,0.0726,5.2,0,15,156.1
2027,9,Sur,Urgencia,Auxiliares,3,22,0.0709,6.0,0.596,0.0726,4.7,0,16,136.0
2027,10,Sur,Urgencia,Auxiliares,3,21,0.0709,6.0,0.596,0.0726,4.5,0,12,115.8
2027,11,Sur,Urgencia,Auxiliares,3,22,0.0709,6.0,0.596,0.0726,4.7,0,12,100.8
2027,12,Sur,Urgencia,Auxiliares,3,23,0.0709,6.0,0.596,0.0726,4.5,0,15,130.3
2027,1,Sur,Urgencia,Directivos,1,21,0.0,2.0,0.085,0.0087,0.2,0,0,2.1
2027,2,Sur,Urgencia,Directivos,1,20,0.0,2.0,0.085,0.0087,0.1,0,0,1.3
2027,3,Sur,Urgencia,Directivos,1,23,0.0,2.0,0.085,0.0087,0.2,0,0,1.7
2027,4,Sur,Urgencia,Directivos,1,22,0.0,2.0,0.085,0.0087,0.2,0,0,2.4
2027,5,Sur,Urgencia,Directivos,1,21,0.0,2.0,0.085,0.0087,0.2,0,0,2.2
2027,6,Sur,Urgencia,Directivos,1,22,0.0,2.0,0.085,0.0087,0.2,0,0,1.6
2027,7,Sur,Urgencia,Directivos,1,22,0.0,2.0,0.085,0.0087,0.2,0,0,2.7
2027,8,Sur,Urgencia,Directivos,1,22,0.0,2.0,0.085,0.0087,0.2,0,0,1.7
2027,9,Sur,Urgencia,Directivos,1,22,0.0,2.0,0.085,0.0087,0.2,0,0,2.0
2027,10,Sur,Urgencia,Directivos,1,21,0.0,2.0,0.085,0.0087,0.2,0,0,1.6
2027,11,Sur,Urgencia,Directivos,1,22,0.0,2.0,0.085,0.0087,0.2,0,0,3.0
2027,12,Sur,Urgencia,Directivos,1,23,0.0,2.0,0.085,0.0087,0.2,0,0,1.5
2027,1,Sur,Urgencia,Profesionales,4,21,0.0164,7.9,0.249,0.0388,2.7,0,7,57.1
2027,2,Sur,Urgencia,Profesionales,4,20,0.0164,7.9,0.249,0.0388,2.0,0,5,36.7
2027,3,Sur,Urgencia,Profesionales,4,23,0.0164,7.9,0.249,0.0388,3.4,0,13,81.5
2027,4,Sur,Urgencia,Profesionales,4,22,0.0164,7.9,0.249,0.0388,3.4,0,13,95.9
2027,5,Sur,Urgencia,Profesionales,4,21,0.0164,7.9,0.249,0.0388,4.0,0,14,102.8
2027,6,Sur,Urgencia,Profesionales,4,22,0.0164,7.9,0.249,0.0388,4.2,0,13,119.1
2027,7,Sur,Urgencia,Profesionales,4,22,0.0164,7.9,0.249,0.0388,4.0,0,14,106.0
2027,8,Sur,Urgencia,Profesionales,4,22,0.0164,7.9,0.249,0.0388,3.7,0,12,116.8
2027,9,Sur,Urgencia,Profesionales,4,22,0.0164,7.9,0.249,0.0388,3.4,0,11,118.3
2027,10,Sur,Urgencia,Profesionales,4,21,0.0164,7.9,0.249,0.0388,3.2,0,10,78.2
2027,11,Sur,Urgencia,Profesionales,4,22,0.0164,7.9,0.249,0.0388,3.4,0,12,95.0
2027,12,Sur,Urgencia,Profesionales,4,23,0.0164,7.9,0.249,0.0388,3.2,0,9,69.0
2027,1,Sur,Urgencia,Técnicos,17,21,0.0935,33.2,0.386,0.0941,28.2,19,64,780.0
2027,2,Sur,Urgencia,Técnicos,17,20,0.0935,33.2,0.386,0.0941,20.5,13,49,438.5
2027,3,Sur,Urgencia,Técnicos,17,23,0.0935,33.2,0.386,0.0941,34.5,28,81,919.5
2027,4,Sur,Urgencia,Técnicos,17,22,0.0935,33.2,0.386,0.0941,34.7,26,80,974.8
2027,5,Sur,Urgencia,Técnicos,17,21,0.0935,33.2,0.386,0.0941,41.5,32,87,1224.1
2027,6,Sur,Urgencia,Técnicos,17,22,0.0935,33.2,0.386,0.0941,43.4,37,89,1111.2
2027,7,Sur,Urgencia,Técnicos,17,22,0.0935,33.2,0.386,0.0941,41.7,34,88,1254.7
2027,8,Sur,Urgencia,Técnicos,17,22,0.0935,33.2,0.386,0.0941,38.2,30,80,1056.3
2027,9,Sur,Urgencia,Técnicos,17,22,0.0935,33.2,0.386,0.0941,34.7,26,75,972.2
2027,10,Sur,Urgencia,Técnicos,17,21,0.0935,33.2,0.386,0.0941,33.2,23,71,1034.4
2027,11,Sur,Urgencia,Técnicos,17,22,0.0935,33.2,0.386,0.0941,34.7,26,76,911.5
2027,12,Sur,Urgencia,Técnicos,17,23,0.0935,33.2,0.386,0.0941,32.7,24,71,841.9
