fecha,anio,industria,sucursal,cuenta,monto
2025-01-01,2025,Energia,Zona Centro,Clientes libres,10217340
2025-01-01,2025,Energia,Zona Centro,Distribuidoras,6811560
2025-01-01,2025,Energia,Zona Centro,Mercado spot,3715250
2025-01-01,2025,Energia,Zona Centro,Peajes nacionales,1733865
2025-01-01,2025,Energia,Zona Centro,Peajes zonales,743085
2025-02-01,2025,Energia,Zona Centro,Clientes libres,10217340
2025-02-01,2025,Energia,Zona Centro,Distribuidoras,6811560
2025-02-01,2025,Energia,Zona Centro,Mercado spot,3715250
2025-02-01,2025,Energia,Zona Centro,Peajes nacionales,1733865
2025-02-01,2025,Energia,Zona Centro,Peajes zonales,743085
2025-03-01,2025,Energia,Zona Centro,Clientes libres,11105850
2025-03-01,2025,Energia,Zona Centro,Distribuidoras,7403900
2025-03-01,2025,Energia,Zona Centro,Mercado spot,4038300
2025-03-01,2025,Energia,Zona Centro,Peajes nacionales,1884540
2025-03-01,2025,Energia,Zona Centro,Peajes zonales,807660
2025-04-01,2025,Energia,Zona Centro,Clientes libres,11105850
2025-04-01,2025,Energia,Zona Centro,Distribuidoras,7403900
2025-04-01,2025,Energia,Zona Centro,Mercado spot,4038300
2025-04-01,2025,Energia,Zona Centro,Peajes nacionales,1884540
2025-04-01,2025,Energia,Zona Centro,Peajes zonales,807660
2025-05-01,2025,Energia,Zona Centro,Clientes libres,11105850
2025-05-01,2025,Energia,Zona Centro,Distribuidoras,7403900
2025-05-01,2025,Energia,Zona Centro,Mercado spot,4038300
2025-05-01,2025,Energia,Zona Centro,Peajes nacionales,1884540
2025-05-01,2025,Energia,Zona Centro,Peajes zonales,807660
2025-06-01,2025,Energia,Zona Centro,Clientes libres,13104840
2025-06-01,2025,Energia,Zona Centro,Distribuidoras,8736560
2025-06-01,2025,Energia,Zona Centro,Mercado spot,4765250
2025-06-01,2025,Energia,Zona Centro,Peajes nacionales,2223865
2025-06-01,2025,Energia,Zona Centro,Peajes zonales,953085
2025-07-01,2025,Energia,Zona Centro,Clientes libres,13104840
2025-07-01,2025,Energia,Zona Centro,Distribuidoras,8736560
2025-07-01,2025,Energia,Zona Centro,Mercado spot,4765250
2025-07-01,2025,Energia,Zona Centro,Peajes nacionales,2223865
2025-07-01,2025,Energia,Zona Centro,Peajes zonales,953085
2025-08-01,2025,Energia,Zona Centro,Clientes libres,13104840
2025-08-01,2025,Energia,Zona Centro,Distribuidoras,8736560
2025-08-01,2025,Energia,Zona Centro,Mercado spot,4765250
2025-08-01,2025,Energia,Zona Centro,Peajes nacionales,2223865
2025-08-01,2025,Energia,Zona Centro,Peajes zonales,953085
2025-09-01,2025,Energia,Zona Centro,Clientes libres,11105850
2025-09-01,2025,Energia,Zona Centro,Distribuidoras,7403900
2025-09-01,2025,Energia,Zona Centro,Mercado spot,4038300
2025-09-01,2025,Energia,Zona Centro,Peajes nacionales,1884540
2025-09-01,2025,Energia,Zona Centro,Peajes zonales,807660
2025-10-01,2025,Energia,Zona Centro,Clientes libres,11105850
2025-10-01,2025,Energia,Zona Centro,Distribuidoras,7403900
2025-10-01,2025,Energia,Zona Centro,Mercado spot,4038300
2025-10-01,2025,Energia,Zona Centro,Peajes nacionales,1884540
2025-10-01,2025,Energia,Zona Centro,Peajes zonales,807660
2025-11-01,2025,Energia,Zona Centro,Clientes libres,11105850
2025-11-01,2025,Energia,Zona Centro,Distribuidoras,7403900
2025-11-01,2025,Energia,Zona Centro,Mercado spot,4038300
2025-11-01,2025,Energia,Zona Centro,Peajes nacionales,1884540
2025-11-01,2025,Energia,Zona Centro,Peajes zonales,807660
2025-12-01,2025,Energia,Zona Centro,Clientes libres,10217340
2025-12-01,2025,Energia,Zona Centro,Distribuidoras,6811560
2025-12-01,2025,Energia,Zona Centro,Mercado spot,3715250
2025-12-01,2025,Energia,Zona Centro,Peajes nacionales,1733865
2025-12-01,2025,Energia,Zona Centro,Peajes zonales,743085
2026-01-01,2026,Energia,Zona Centro,Clientes libres,10626000
2026-01-01,2026,Energia,Zona Centro,Distribuidoras,7084000
2026-01-01,2026,Energia,Zona Centro,Mercado spot,3864000
2026-01-01,2026,Energia,Zona Centro,Peajes nacionales,1803200
2026-01-01,2026,Energia,Zona Centro,Peajes zonales,772800
2026-02-01,2026,Energia,Zona Centro,Clientes libres,10626000
2026-02-01,2026,Energia,Zona Centro,Distribuidoras,7084000
2026-02-01,2026,Energia,Zona Centro,Mercado spot,3864000
2026-02-01,2026,Energia,Zona Centro,Peajes nacionales,1803200
2026-02-01,2026,Energia,Zona Centro,Peajes zonales,772800
2026-03-01,2026,Energia,Zona Centro,Clientes libres,11550000
2026-03-01,2026,Energia,Zona Centro,Distribuidoras,7700000
2026-03-01,2026,Energia,Zona Centro,Mercado spot,4200000
2026-03-01,2026,Energia,Zona Centro,Peajes nacionales,1960000
2026-03-01,2026,Energia,Zona Centro,Peajes zonales,840000
2026-04-01,2026,Energia,Zona Centro,Clientes libres,11550000
2026-04-01,2026,Energia,Zona Centro,Distribuidoras,7700000
2026-04-01,2026,Energia,Zona Centro,Mercado spot,4200000
2026-04-01,2026,Energia,Zona Centro,Peajes nacionales,1960000
2026-04-01,2026,Energia,Zona Centro,Peajes zonales,840000
2026-05-01,2026,Energia,Zona Centro,Clientes libres,11550000
2026-05-01,2026,Energia,Zona Centro,Distribuidoras,7700000
2026-05-01,2026,Energia,Zona Centro,Mercado spot,4200000
2026-05-01,2026,Energia,Zona Centro,Peajes nacionales,1960000
2026-05-01,2026,Energia,Zona Centro,Peajes zonales,840000
2026-06-01,2026,Energia,Zona Centro,Clientes libres,13629000
2026-06-01,2026,Energia,Zona Centro,Distribuidoras,9086000
2026-06-01,2026,Energia,Zona Centro,Mercado spot,4956000
2026-06-01,2026,Energia,Zona Centro,Peajes nacionales,2312800
2026-06-01,2026,Energia,Zona Centro,Peajes zonales,991200
2026-07-01,2026,Energia,Zona Centro,Clientes libres,13629000
2026-07-01,2026,Energia,Zona Centro,Distribuidoras,9086000
2026-07-01,2026,Energia,Zona Centro,Mercado spot,4956000
2026-07-01,2026,Energia,Zona Centro,Peajes nacionales,2312800
2026-07-01,2026,Energia,Zona Centro,Peajes zonales,991200
2026-08-01,2026,Energia,Zona Centro,Clientes libres,13629000
2026-08-01,2026,Energia,Zona Centro,Distribuidoras,9086000
2026-08-01,2026,Energia,Zona Centro,Mercado spot,4956000
2026-08-01,2026,Energia,Zona Centro,Peajes nacionales,2312800
2026-08-01,2026,Energia,Zona Centro,Peajes zonales,991200
2026-09-01,2026,Energia,Zona Centro,Clientes libres,11550000
2026-09-01,2026,Energia,Zona Centro,Distribuidoras,7700000
2026-09-01,2026,Energia,Zona Centro,Mercado spot,4200000
2026-09-01,2026,Energia,Zona Centro,Peajes nacionales,1960000
2026-09-01,2026,Energia,Zona Centro,Peajes zonales,840000
2026-10-01,2026,Energia,Zona Centro,Clientes libres,11550000
2026-10-01,2026,Energia,Zona Centro,Distribuidoras,7700000
2026-10-01,2026,Energia,Zona Centro,Mercado spot,4200000
2026-10-01,2026,Energia,Zona Centro,Peajes nacionales,1960000
2026-10-01,2026,Energia,Zona Centro,Peajes zonales,840000
2026-11-01,2026,Energia,Zona Centro,Clientes libres,11550000
2026-11-01,2026,Energia,Zona Centro,Distribuidoras,7700000
2026-11-01,2026,Energia,Zona Centro,Mercado spot,4200000
2026-11-01,2026,Energia,Zona Centro,Peajes nacionales,1960000
2026-11-01,2026,Energia,Zona Centro,Peajes zonales,840000
2026-12-01,2026,Energia,Zona Centro,Clientes libres,10626000
2026-12-01,2026,Energia,Zona Centro,Distribuidoras,7084000
2026-12-01,2026,Energia,Zona Centro,Mercado spot,3864000
2026-12-01,2026,Energia,Zona Centro,Peajes nacionales,1803200
2026-12-01,2026,Energia,Zona Centro,Peajes zonales,772800
2025-01-01,2025,Energia,Zona Norte,Clientes libres,11676960
2025-01-01,2025,Energia,Zona Norte,Distribuidoras,7784640
2025-01-01,2025,Energia,Zona Norte,Mercado spot,4246000
2025-01-01,2025,Energia,Zona Norte,Peajes nacionales,1981560
2025-01-01,2025,Energia,Zona Norte,Peajes zonales,849240
2025-02-01,2025,Energia,Zona Norte,Clientes libres,11676960
2025-02-01,2025,Energia,Zona Norte,Distribuidoras,7784640
2025-02-01,2025,Energia,Zona Norte,Mercado spot,4246000
2025-02-01,2025,Energia,Zona Norte,Peajes nacionales,1981560
2025-02-01,2025,Energia,Zona Norte,Peajes zonales,849240
2025-03-01,2025,Energia,Zona Norte,Clientes libres,12692400
2025-03-01,2025,Energia,Zona Norte,Distribuidoras,8461600
2025-03-01,2025,Energia,Zona Norte,Mercado spot,4615200
2025-03-01,2025,Energia,Zona Norte,Peajes nacionales,2153760
2025-03-01,2025,Energia,Zona Norte,Peajes zonales,923040
2025-04-01,2025,Energia,Zona Norte,Clientes libres,12692400
2025-04-01,2025,Energia,Zona Norte,Distribuidoras,8461600
2025-04-01,2025,Energia,Zona Norte,Mercado spot,4615200
2025-04-01,2025,Energia,Zona Norte,Peajes nacionales,2153760
2025-04-01,2025,Energia,Zona Norte,Peajes zonales,923040
2025-05-01,2025,Energia,Zona Norte,Clientes libres,12692400
2025-05-01,2025,Energia,Zona Norte,Distribuidoras,8461600
2025-05-01,2025,Energia,Zona Norte,Mercado spot,4615200
2025-05-01,2025,Energia,Zona Norte,Peajes nacionales,2153760
2025-05-01,2025,Energia,Zona Norte,Peajes zonales,923040
2025-06-01,2025,Energia,Zona Norte,Clientes libres,14976960
2025-06-01,2025,Energia,Zona Norte,Distribuidoras,9984640
2025-06-01,2025,Energia,Zona Norte,Mercado spot,5446000
2025-06-01,2025,Energia,Zona Norte,Peajes nacionales,2541560
2025-06-01,2025,Energia,Zona Norte,Peajes zonales,1089240
2025-07-01,2025,Energia,Zona Norte,Clientes libres,14976960
2025-07-01,2025,Energia,Zona Norte,Distribuidoras,9984640
2025-07-01,2025,Energia,Zona Norte,Mercado spot,5446000
2025-07-01,2025,Energia,Zona Norte,Peajes nacionales,2541560
2025-07-01,2025,Energia,Zona Norte,Peajes zonales,1089240
2025-08-01,2025,Energia,Zona Norte,Clientes libres,14976960
2025-08-01,2025,Energia,Zona Norte,Distribuidoras,9984640
2025-08-01,2025,Energia,Zona Norte,Mercado spot,5446000
2025-08-01,2025,Energia,Zona Norte,Peajes nacionales,2541560
2025-08-01,2025,Energia,Zona Norte,Peajes zonales,1089240
2025-09-01,2025,Energia,Zona Norte,Clientes libres,12692400
2025-09-01,2025,Energia,Zona Norte,Distribuidoras,8461600
2025-09-01,2025,Energia,Zona Norte,Mercado spot,4615200
2025-09-01,2025,Energia,Zona Norte,Peajes nacionales,2153760
2025-09-01,2025,Energia,Zona Norte,Peajes zonales,923040
2025-10-01,2025,Energia,Zona Norte,Clientes libres,12692400
2025-10-01,2025,Energia,Zona Norte,Distribuidoras,8461600
2025-10-01,2025,Energia,Zona Norte,Mercado spot,4615200
2025-10-01,2025,Energia,Zona Norte,Peajes nacionales,2153760
2025-10-01,2025,Energia,Zona Norte,Peajes zonales,923040
2025-11-01,2025,Energia,Zona Norte,Clientes libres,12692400
2025-11-01,2025,Energia,Zona Norte,Distribuidoras,8461600
2025-11-01,2025,Energia,Zona Norte,Mercado spot,4615200
2025-11-01,2025,Energia,Zona Norte,Peajes nacionales,2153760
2025-11-01,2025,Energia,Zona Norte,Peajes zonales,923040
2025-12-01,2025,Energia,Zona Norte,Clientes libres,11676960
2025-12-01,2025,Energia,Zona Norte,Distribuidoras,7784640
2025-12-01,2025,Energia,Zona Norte,Mercado spot,4246000
2025-12-01,2025,Energia,Zona Norte,Peajes nacionales,1981560
2025-12-01,2025,Energia,Zona Norte,Peajes zonales,849240
2026-01-01,2026,Energia,Zona Norte,Clientes libres,12144000
2026-01-01,2026,Energia,Zona Norte,Distribuidoras,8096000
2026-01-01,2026,Energia,Zona Norte,Mercado spot,4416000
2026-01-01,2026,Energia,Zona Norte,Peajes nacionales,2060800
2026-01-01,2026,Energia,Zona Norte,Peajes zonales,883200
2026-02-01,2026,Energia,Zona Norte,Clientes libres,12144000
2026-02-01,2026,Energia,Zona Norte,Distribuidoras,8096000
2026-02-01,2026,Energia,Zona Norte,Mercado spot,4416000
2026-02-01,2026,Energia,Zona Norte,Peajes nacionales,2060800
2026-02-01,2026,Energia,Zona Norte,Peajes zonales,883200
2026-03-01,2026,Energia,Zona Norte,Clientes libres,13200000
2026-03-01,2026,Energia,Zona Norte,Distribuidoras,8800000
2026-03-01,2026,Energia,Zona Norte,Mercado spot,4800000
2026-03-01,2026,Energia,Zona Norte,Peajes nacionales,2240000
2026-03-01,2026,Energia,Zona Norte,Peajes zonales,960000
2026-04-01,2026,Energia,Zona Norte,Clientes libres,13200000
2026-04-01,2026,Energia,Zona Norte,Distribuidoras,8800000
2026-04-01,2026,Energia,Zona Norte,Mercado spot,4800000
2026-04-01,2026,Energia,Zona Norte,Peajes nacionales,2240000
2026-04-01,2026,Energia,Zona Norte,Peajes zonales,960000
2026-05-01,2026,Energia,Zona Norte,Clientes libres,13200000
2026-05-01,2026,Energia,Zona Norte,Distribuidoras,8800000
2026-05-01,2026,Energia,Zona Norte,Mercado spot,4800000
2026-05-01,2026,Energia,Zona Norte,Peajes nacionales,2240000
2026-05-01,2026,Energia,Zona Norte,Peajes zonales,960000
2026-06-01,2026,Energia,Zona Norte,Clientes libres,15576000
2026-06-01,2026,Energia,Zona Norte,Distribuidoras,10384000
2026-06-01,2026,Energia,Zona Norte,Mercado spot,5664000
2026-06-01,2026,Energia,Zona Norte,Peajes nacionales,2643200
2026-06-01,2026,Energia,Zona Norte,Peajes zonales,1132800
2026-07-01,2026,Energia,Zona Norte,Clientes libres,15576000
2026-07-01,2026,Energia,Zona Norte,Distribuidoras,10384000
2026-07-01,2026,Energia,Zona Norte,Mercado spot,5664000
2026-07-01,2026,Energia,Zona Norte,Peajes nacionales,2643200
2026-07-01,2026,Energia,Zona Norte,Peajes zonales,1132800
2026-08-01,2026,Energia,Zona Norte,Clientes libres,15576000
2026-08-01,2026,Energia,Zona Norte,Distribuidoras,10384000
2026-08-01,2026,Energia,Zona Norte,Mercado spot,5664000
2026-08-01,2026,Energia,Zona Norte,Peajes nacionales,2643200
2026-08-01,2026,Energia,Zona Norte,Peajes zonales,1132800
2026-09-01,2026,Energia,Zona Norte,Clientes libres,13200000
2026-09-01,2026,Energia,Zona Norte,Distribuidoras,8800000
2026-09-01,2026,Energia,Zona Norte,Mercado spot,4800000
2026-09-01,2026,Energia,Zona Norte,Peajes nacionales,2240000
2026-09-01,2026,Energia,Zona Norte,Peajes zonales,960000
2026-10-01,2026,Energia,Zona Norte,Clientes libres,13200000
2026-10-01,2026,Energia,Zona Norte,Distribuidoras,8800000
2026-10-01,2026,Energia,Zona Norte,Mercado spot,4800000
2026-10-01,2026,Energia,Zona Norte,Peajes nacionales,2240000
2026-10-01,2026,Energia,Zona Norte,Peajes zonales,960000
2026-11-01,2026,Energia,Zona Norte,Clientes libres,13200000
2026-11-01,2026,Energia,Zona Norte,Distribuidoras,8800000
2026-11-01,2026,Energia,Zona Norte,Mercado spot,4800000
2026-11-01,2026,Energia,Zona Norte,Peajes nacionales,2240000
2026-11-01,2026,Energia,Zona Norte,Peajes zonales,960000
2026-12-01,2026,Energia,Zona Norte,Clientes libres,12144000
2026-12-01,2026,Energia,Zona Norte,Distribuidoras,8096000
2026-12-01,2026,Energia,Zona Norte,Mercado spot,4416000
2026-12-01,2026,Energia,Zona Norte,Peajes nacionales,2060800
2026-12-01,2026,Energia,Zona Norte,Peajes zonales,883200
2025-01-01,2025,Energia,Zona Sur,Clientes libres,7298100
2025-01-01,2025,Energia,Zona Sur,Distribuidoras,4865400
2025-01-01,2025,Energia,Zona Sur,Mercado spot,2653750
2025-01-01,2025,Energia,Zona Sur,Peajes nacionales,1238475
2025-01-01,2025,Energia,Zona Sur,Peajes zonales,530775
2025-02-01,2025,Energia,Zona Sur,Clientes libres,7298100
2025-02-01,2025,Energia,Zona Sur,Distribuidoras,4865400
2025-02-01,2025,Energia,Zona Sur,Mercado spot,2653750
2025-02-01,2025,Energia,Zona Sur,Peajes nacionales,1238475
2025-02-01,2025,Energia,Zona Sur,Peajes zonales,530775
2025-03-01,2025,Energia,Zona Sur,Clientes libres,7932750
2025-03-01,2025,Energia,Zona Sur,Distribuidoras,5288500
2025-03-01,2025,Energia,Zona Sur,Mercado spot,2884500
2025-03-01,2025,Energia,Zona Sur,Peajes nacionales,1346100
2025-03-01,2025,Energia,Zona Sur,Peajes zonales,576900
2025-04-01,2025,Energia,Zona Sur,Clientes libres,7932750
2025-04-01,2025,Energia,Zona Sur,Distribuidoras,5288500
2025-04-01,2025,Energia,Zona Sur,Mercado spot,2884500
2025-04-01,2025,Energia,Zona Sur,Peajes nacionales,1346100
2025-04-01,2025,Energia,Zona Sur,Peajes zonales,576900
2025-05-01,2025,Energia,Zona Sur,Clientes libres,7932750
2025-05-01,2025,Energia,Zona Sur,Distribuidoras,5288500
2025-05-01,2025,Energia,Zona Sur,Mercado spot,2884500
2025-05-01,2025,Energia,Zona Sur,Peajes nacionales,1346100
2025-05-01,2025,Energia,Zona Sur,Peajes zonales,576900
2025-06-01,2025,Energia,Zona Sur,Clientes libres,9360600
2025-06-01,2025,Energia,Zona Sur,Distribuidoras,6240400
2025-06-01,2025,Energia,Zona Sur,Mercado spot,3403750
2025-06-01,2025,Energia,Zona Sur,Peajes nacionales,1588475
2025-06-01,2025,Energia,Zona Sur,Peajes zonales,680775
2025-07-01,2025,Energia,Zona Sur,Clientes libres,9360600
2025-07-01,2025,Energia,Zona Sur,Distribuidoras,6240400
2025-07-01,2025,Energia,Zona Sur,Mercado spot,3403750
2025-07-01,2025,Energia,Zona Sur,Peajes nacionales,1588475
2025-07-01,2025,Energia,Zona Sur,Peajes zonales,680775
2025-08-01,2025,Energia,Zona Sur,Clientes libres,9360600
2025-08-01,2025,Energia,Zona Sur,Distribuidoras,6240400
2025-08-01,2025,Energia,Zona Sur,Mercado spot,3403750
2025-08-01,2025,Energia,Zona Sur,Peajes nacionales,1588475
2025-08-01,2025,Energia,Zona Sur,Peajes zonales,680775
2025-09-01,2025,Energia,Zona Sur,Clientes libres,7932750
2025-09-01,2025,Energia,Zona Sur,Distribuidoras,5288500
2025-09-01,2025,Energia,Zona Sur,Mercado spot,2884500
2025-09-01,2025,Energia,Zona Sur,Peajes nacionales,1346100
2025-09-01,2025,Energia,Zona Sur,Peajes zonales,576900
2025-10-01,2025,Energia,Zona Sur,Clientes libres,7932750
2025-10-01,2025,Energia,Zona Sur,Distribuidoras,5288500
2025-10-01,2025,Energia,Zona Sur,Mercado spot,2884500
2025-10-01,2025,Energia,Zona Sur,Peajes nacionales,1346100
2025-10-01,2025,Energia,Zona Sur,Peajes zonales,576900
2025-11-01,2025,Energia,Zona Sur,Clientes libres,7932750
2025-11-01,2025,Energia,Zona Sur,Distribuidoras,5288500
2025-11-01,2025,Energia,Zona Sur,Mercado spot,2884500
2025-11-01,2025,Energia,Zona Sur,Peajes nacionales,1346100
2025-11-01,2025,Energia,Zona Sur,Peajes zonales,576900
2025-12-01,2025,Energia,Zona Sur,Clientes libres,7298100
2025-12-01,2025,Energia,Zona Sur,Distribuidoras,4865400
2025-12-01,2025,Energia,Zona Sur,Mercado spot,2653750
2025-12-01,2025,Energia,Zona Sur,Peajes nacionales,1238475
2025-12-01,2025,Energia,Zona Sur,Peajes zonales,530775
2026-01-01,2026,Energia,Zona Sur,Clientes libres,7590000
2026-01-01,2026,Energia,Zona Sur,Distribuidoras,5060000
2026-01-01,2026,Energia,Zona Sur,Mercado spot,2760000
2026-01-01,2026,Energia,Zona Sur,Peajes nacionales,1288000
2026-01-01,2026,Energia,Zona Sur,Peajes zonales,552000
2026-02-01,2026,Energia,Zona Sur,Clientes libres,7590000
2026-02-01,2026,Energia,Zona Sur,Distribuidoras,5060000
2026-02-01,2026,Energia,Zona Sur,Mercado spot,2760000
2026-02-01,2026,Energia,Zona Sur,Peajes nacionales,1288000
2026-02-01,2026,Energia,Zona Sur,Peajes zonales,552000
2026-03-01,2026,Energia,Zona Sur,Clientes libres,8250000
2026-03-01,2026,Energia,Zona Sur,Distribuidoras,5500000
2026-03-01,2026,Energia,Zona Sur,Mercado spot,3000000
2026-03-01,2026,Energia,Zona Sur,Peajes nacionales,1400000
2026-03-01,2026,Energia,Zona Sur,Peajes zonales,600000
2026-04-01,2026,Energia,Zona Sur,Clientes libres,8250000
2026-04-01,2026,Energia,Zona Sur,Distribuidoras,5500000
2026-04-01,2026,Energia,Zona Sur,Mercado spot,3000000
2026-04-01,2026,Energia,Zona Sur,Peajes nacionales,1400000
2026-04-01,2026,Energia,Zona Sur,Peajes zonales,600000
2026-05-01,2026,Energia,Zona Sur,Clientes libres,8250000
2026-05-01,2026,Energia,Zona Sur,Distribuidoras,5500000
2026-05-01,2026,Energia,Zona Sur,Mercado spot,3000000
2026-05-01,2026,Energia,Zona Sur,Peajes nacionales,1400000
2026-05-01,2026,Energia,Zona Sur,Peajes zonales,600000
2026-06-01,2026,Energia,Zona Sur,Clientes libres,9735000
2026-06-01,2026,Energia,Zona Sur,Distribuidoras,6490000
2026-06-01,2026,Energia,Zona Sur,Mercado spot,3540000
2026-06-01,2026,Energia,Zona Sur,Peajes nacionales,1652000
2026-06-01,2026,Energia,Zona Sur,Peajes zonales,708000
2026-07-01,2026,Energia,Zona Sur,Clientes libres,9735000
2026-07-01,2026,Energia,Zona Sur,Distribuidoras,6490000
2026-07-01,2026,Energia,Zona Sur,Mercado spot,3540000
2026-07-01,2026,Energia,Zona Sur,Peajes nacionales,1652000
2026-07-01,2026,Energia,Zona Sur,Peajes zonales,708000
2026-08-01,2026,Energia,Zona Sur,Clientes libres,9735000
2026-08-01,2026,Energia,Zona Sur,Distribuidoras,6490000
2026-08-01,2026,Energia,Zona Sur,Mercado spot,3540000
2026-08-01,2026,Energia,Zona Sur,Peajes nacionales,1652000
2026-08-01,2026,Energia,Zona Sur,Peajes zonales,708000
2026-09-01,2026,Energia,Zona Sur,Clientes libres,8250000
2026-09-01,2026,Energia,Zona Sur,Distribuidoras,5500000
2026-09-01,2026,Energia,Zona Sur,Mercado spot,3000000
2026-09-01,2026,Energia,Zona Sur,Peajes nacionales,1400000
2026-09-01,2026,Energia,Zona Sur,Peajes zonales,600000
2026-10-01,2026,Energia,Zona Sur,Clientes libres,8250000
2026-10-01,2026,Energia,Zona Sur,Distribuidoras,5500000
2026-10-01,2026,Energia,Zona Sur,Mercado spot,3000000
2026-10-01,2026,Energia,Zona Sur,Peajes nacionales,1400000
2026-10-01,2026,Energia,Zona Sur,Peajes zonales,600000
2026-11-01,2026,Energia,Zona Sur,Clientes libres,8250000
2026-11-01,2026,Energia,Zona Sur,Distribuidoras,5500000
2026-11-01,2026,Energia,Zona Sur,Mercado spot,3000000
2026-11-01,2026,Energia,Zona Sur,Peajes nacionales,1400000
2026-11-01,2026,Energia,Zona Sur,Peajes zonales,600000
2026-12-01,2026,Energia,Zona Sur,Clientes libres,7590000
2026-12-01,2026,Energia,Zona Sur,Distribuidoras,5060000
2026-12-01,2026,Energia,Zona Sur,Mercado spot,2760000
2026-12-01,2026,Energia,Zona Sur,Peajes nacionales,1288000
2026-12-01,2026,Energia,Zona Sur,Peajes zonales,552000
2025-01-01,2025,Manufactura,Antofagasta,Canal mayorista,2037760
2025-01-01,2025,Manufactura,Antofagasta,Canal supermercados,3056640
2025-01-01,2025,Manufactura,Antofagasta,Contratos de mantención,713160
2025-01-01,2025,Manufactura,Antofagasta,Exportaciones,2139600
2025-01-01,2025,Manufactura,Antofagasta,Repuestos,305640
2025-01-01,2025,Manufactura,Antofagasta,Ventas nacionales,4992400
2025-02-01,2025,Manufactura,Antofagasta,Canal mayorista,1992480
2025-02-01,2025,Manufactura,Antofagasta,Canal supermercados,2988720
2025-02-01,2025,Manufactura,Antofagasta,Contratos de mantención,697340
2025-02-01,2025,Manufactura,Antofagasta,Exportaciones,2092080
2025-02-01,2025,Manufactura,Antofagasta,Repuestos,298860
2025-02-01,2025,Manufactura,Antofagasta,Ventas nacionales,4881520
2025-03-01,2025,Manufactura,Antofagasta,Canal mayorista,2264160
2025-03-01,2025,Manufactura,Antofagasta,Canal supermercados,3396240
2025-03-01,2025,Manufactura,Antofagasta,Contratos de mantención,792400
2025-03-01,2025,Manufactura,Antofagasta,Exportaciones,2377380
2025-03-01,2025,Manufactura,Antofagasta,Repuestos,339600
2025-03-01,2025,Manufactura,Antofagasta,Ventas nacionales,5547220
2025-04-01,2025,Manufactura,Antofagasta,Canal mayorista,2264160
2025-04-01,2025,Manufactura,Antofagasta,Canal supermercados,3396240
2025-04-01,2025,Manufactura,Antofagasta,Contratos de mantención,792400
2025-04-01,2025,Manufactura,Antofagasta,Exportaciones,2377380
2025-04-01,2025,Manufactura,Antofagasta,Repuestos,339600
2025-04-01,2025,Manufactura,Antofagasta,Ventas nacionales,5547220
2025-05-01,2025,Manufactura,Antofagasta,Canal mayorista,2264160
2025-05-01,2025,Manufactura,Antofagasta,Canal supermercados,3396240
2025-05-01,2025,Manufactura,Antofagasta,Contratos de mantención,792400
2025-05-01,2025,Manufactura,Antofagasta,Exportaciones,2377380
2025-05-01,2025,Manufactura,Antofagasta,Repuestos,339600
2025-05-01,2025,Manufactura,Antofagasta,Ventas nacionales,5547220
2025-06-01,2025,Manufactura,Antofagasta,Canal mayorista,2264160
2025-06-01,2025,Manufactura,Antofagasta,Canal supermercados,3396240
2025-06-01,2025,Manufactura,Antofagasta,Contratos de mantención,792400
2025-06-01,2025,Manufactura,Antofagasta,Exportaciones,2377380
2025-06-01,2025,Manufactura,Antofagasta,Repuestos,339600
2025-06-01,2025,Manufactura,Antofagasta,Ventas nacionales,5547220
2025-07-01,2025,Manufactura,Antofagasta,Canal mayorista,2264160
2025-07-01,2025,Manufactura,Antofagasta,Canal supermercados,3396240
2025-07-01,2025,Manufactura,Antofagasta,Contratos de mantención,792400
2025-07-01,2025,Manufactura,Antofagasta,Exportaciones,2377380
2025-07-01,2025,Manufactura,Antofagasta,Repuestos,339600
2025-07-01,2025,Manufactura,Antofagasta,Ventas nacionales,5547220
2025-08-01,2025,Manufactura,Antofagasta,Canal mayorista,2264160
2025-08-01,2025,Manufactura,Antofagasta,Canal supermercados,3396240
2025-08-01,2025,Manufactura,Antofagasta,Contratos de mantención,792400
2025-08-01,2025,Manufactura,Antofagasta,Exportaciones,2377380
2025-08-01,2025,Manufactura,Antofagasta,Repuestos,339600
2025-08-01,2025,Manufactura,Antofagasta,Ventas nacionales,5547220
2025-09-01,2025,Manufactura,Antofagasta,Canal mayorista,2264160
2025-09-01,2025,Manufactura,Antofagasta,Canal supermercados,3396240
2025-09-01,2025,Manufactura,Antofagasta,Contratos de mantención,792400
2025-09-01,2025,Manufactura,Antofagasta,Exportaciones,2377380
2025-09-01,2025,Manufactura,Antofagasta,Repuestos,339600
2025-09-01,2025,Manufactura,Antofagasta,Ventas nacionales,5547220
2025-10-01,2025,Manufactura,Antofagasta,Canal mayorista,2445280
2025-10-01,2025,Manufactura,Antofagasta,Canal supermercados,3667920
2025-10-01,2025,Manufactura,Antofagasta,Contratos de mantención,855820
2025-10-01,2025,Manufactura,Antofagasta,Exportaciones,2567520
2025-10-01,2025,Manufactura,Antofagasta,Repuestos,366780
2025-10-01,2025,Manufactura,Antofagasta,Ventas nacionales,5990880
2025-11-01,2025,Manufactura,Antofagasta,Canal mayorista,2603760
2025-11-01,2025,Manufactura,Antofagasta,Canal supermercados,3905640
2025-11-01,2025,Manufactura,Antofagasta,Contratos de mantención,911260
2025-11-01,2025,Manufactura,Antofagasta,Exportaciones,2733960
2025-11-01,2025,Manufactura,Antofagasta,Repuestos,390540
2025-11-01,2025,Manufactura,Antofagasta,Ventas nacionales,6379240
2025-12-01,2025,Manufactura,Antofagasta,Canal mayorista,2716960
2025-12-01,2025,Manufactura,Antofagasta,Canal supermercados,4075440
2025-12-01,2025,Manufactura,Antofagasta,Contratos de mantención,950880
2025-12-01,2025,Manufactura,Antofagasta,Exportaciones,2852820
2025-12-01,2025,Manufactura,Antofagasta,Repuestos,407520
2025-12-01,2025,Manufactura,Antofagasta,Ventas nacionales,6656580
2026-01-01,2026,Manufactura,Antofagasta,Canal mayorista,2160000
2026-01-01,2026,Manufactura,Antofagasta,Canal supermercados,3240000
2026-01-01,2026,Manufactura,Antofagasta,Contratos de mantención,756000
2026-01-01,2026,Manufactura,Antofagasta,Exportaciones,2268000
2026-01-01,2026,Manufactura,Antofagasta,Repuestos,324000
2026-01-01,2026,Manufactura,Antofagasta,Ventas nacionales,5292000
2026-02-01,2026,Manufactura,Antofagasta,Canal mayorista,2112000
2026-02-01,2026,Manufactura,Antofagasta,Canal supermercados,3168000
2026-02-01,2026,Manufactura,Antofagasta,Contratos de mantención,739200
2026-02-01,2026,Manufactura,Antofagasta,Exportaciones,2217600
2026-02-01,2026,Manufactura,Antofagasta,Repuestos,316800
2026-02-01,2026,Manufactura,Antofagasta,Ventas nacionales,5174400
2026-03-01,2026,Manufactura,Antofagasta,Canal mayorista,2400000
2026-03-01,2026,Manufactura,Antofagasta,Canal supermercados,3600000
2026-03-01,2026,Manufactura,Antofagasta,Contratos de mantención,840000
2026-03-01,2026,Manufactura,Antofagasta,Exportaciones,2520000
2026-03-01,2026,Manufactura,Antofagasta,Repuestos,360000
2026-03-01,2026,Manufactura,Antofagasta,Ventas nacionales,5880000
2026-04-01,2026,Manufactura,Antofagasta,Canal mayorista,2400000
2026-04-01,2026,Manufactura,Antofagasta,Canal supermercados,3600000
2026-04-01,2026,Manufactura,Antofagasta,Contratos de mantención,840000
2026-04-01,2026,Manufactura,Antofagasta,Exportaciones,2520000
2026-04-01,2026,Manufactura,Antofagasta,Repuestos,360000
2026-04-01,2026,Manufactura,Antofagasta,Ventas nacionales,5880000
2026-05-01,2026,Manufactura,Antofagasta,Canal mayorista,2400000
2026-05-01,2026,Manufactura,Antofagasta,Canal supermercados,3600000
2026-05-01,2026,Manufactura,Antofagasta,Contratos de mantención,840000
2026-05-01,2026,Manufactura,Antofagasta,Exportaciones,2520000
2026-05-01,2026,Manufactura,Antofagasta,Repuestos,360000
2026-05-01,2026,Manufactura,Antofagasta,Ventas nacionales,5880000
2026-06-01,2026,Manufactura,Antofagasta,Canal mayorista,2400000
2026-06-01,2026,Manufactura,Antofagasta,Canal supermercados,3600000
2026-06-01,2026,Manufactura,Antofagasta,Contratos de mantención,840000
2026-06-01,2026,Manufactura,Antofagasta,Exportaciones,2520000
2026-06-01,2026,Manufactura,Antofagasta,Repuestos,360000
2026-06-01,2026,Manufactura,Antofagasta,Ventas nacionales,5880000
2026-07-01,2026,Manufactura,Antofagasta,Canal mayorista,2400000
2026-07-01,2026,Manufactura,Antofagasta,Canal supermercados,3600000
2026-07-01,2026,Manufactura,Antofagasta,Contratos de mantención,840000
2026-07-01,2026,Manufactura,Antofagasta,Exportaciones,2520000
2026-07-01,2026,Manufactura,Antofagasta,Repuestos,360000
2026-07-01,2026,Manufactura,Antofagasta,Ventas nacionales,5880000
2026-08-01,2026,Manufactura,Antofagasta,Canal mayorista,2400000
2026-08-01,2026,Manufactura,Antofagasta,Canal supermercados,3600000
2026-08-01,2026,Manufactura,Antofagasta,Contratos de mantención,840000
2026-08-01,2026,Manufactura,Antofagasta,Exportaciones,2520000
2026-08-01,2026,Manufactura,Antofagasta,Repuestos,360000
2026-08-01,2026,Manufactura,Antofagasta,Ventas nacionales,5880000
2026-09-01,2026,Manufactura,Antofagasta,Canal mayorista,2400000
2026-09-01,2026,Manufactura,Antofagasta,Canal supermercados,3600000
2026-09-01,2026,Manufactura,Antofagasta,Contratos de mantención,840000
2026-09-01,2026,Manufactura,Antofagasta,Exportaciones,2520000
2026-09-01,2026,Manufactura,Antofagasta,Repuestos,360000
2026-09-01,2026,Manufactura,Antofagasta,Ventas nacionales,5880000
2026-10-01,2026,Manufactura,Antofagasta,Canal mayorista,2592000
2026-10-01,2026,Manufactura,Antofagasta,Canal supermercados,3888000
2026-10-01,2026,Manufactura,Antofagasta,Contratos de mantención,907200
2026-10-01,2026,Manufactura,Antofagasta,Exportaciones,2721600
2026-10-01,2026,Manufactura,Antofagasta,Repuestos,388800
2026-10-01,2026,Manufactura,Antofagasta,Ventas nacionales,6350400
2026-11-01,2026,Manufactura,Antofagasta,Canal mayorista,2760000
2026-11-01,2026,Manufactura,Antofagasta,Canal supermercados,4140000
2026-11-01,2026,Manufactura,Antofagasta,Contratos de mantención,966000
2026-11-01,2026,Manufactura,Antofagasta,Exportaciones,2898000
2026-11-01,2026,Manufactura,Antofagasta,Repuestos,414000
2026-11-01,2026,Manufactura,Antofagasta,Ventas nacionales,6762000
2026-12-01,2026,Manufactura,Antofagasta,Canal mayorista,2880000
2026-12-01,2026,Manufactura,Antofagasta,Canal supermercados,4320000
2026-12-01,2026,Manufactura,Antofagasta,Contratos de mantención,1008000
2026-12-01,2026,Manufactura,Antofagasta,Exportaciones,3024000
2026-12-01,2026,Manufactura,Antofagasta,Repuestos,432000
2026-12-01,2026,Manufactura,Antofagasta,Ventas nacionales,7056000
2025-01-01,2025,Manufactura,Concepción,Canal mayorista,3056640
2025-01-01,2025,Manufactura,Concepción,Canal supermercados,4584960
2025-01-01,2025,Manufactura,Concepción,Contratos de mantención,1069740
2025-01-01,2025,Manufactura,Concepción,Exportaciones,3209400
2025-01-01,2025,Manufactura,Concepción,Repuestos,458460
2025-01-01,2025,Manufactura,Concepción,Ventas nacionales,7488600
2025-02-01,2025,Manufactura,Concepción,Canal mayorista,2988720
2025-02-01,2025,Manufactura,Concepción,Canal supermercados,4483080
2025-02-01,2025,Manufactura,Concepción,Contratos de mantención,1046010
2025-02-01,2025,Manufactura,Concepción,Exportaciones,3138120
2025-02-01,2025,Manufactura,Concepción,Repuestos,448290
2025-02-01,2025,Manufactura,Concepción,Ventas nacionales,7322280
2025-03-01,2025,Manufactura,Concepción,Canal mayorista,3396240
2025-03-01,2025,Manufactura,Concepción,Canal supermercados,5094360
2025-03-01,2025,Manufactura,Concepción,Contratos de mantención,1188600
2025-03-01,2025,Manufactura,Concepción,Exportaciones,3566070
2025-03-01,2025,Manufactura,Concepción,Repuestos,509400
2025-03-01,2025,Manufactura,Concepción,Ventas nacionales,8320830
2025-04-01,2025,Manufactura,Concepción,Canal mayorista,3396240
2025-04-01,2025,Manufactura,Concepción,Canal supermercados,5094360
2025-04-01,2025,Manufactura,Concepción,Contratos de mantención,1188600
2025-04-01,2025,Manufactura,Concepción,Exportaciones,3566070
2025-04-01,2025,Manufactura,Concepción,Repuestos,509400
2025-04-01,2025,Manufactura,Concepción,Ventas nacionales,8320830
2025-05-01,2025,Manufactura,Concepción,Canal mayorista,3396240
2025-05-01,2025,Manufactura,Concepción,Canal supermercados,5094360
2025-05-01,2025,Manufactura,Concepción,Contratos de mantención,1188600
2025-05-01,2025,Manufactura,Concepción,Exportaciones,3566070
2025-05-01,2025,Manufactura,Concepción,Repuestos,509400
2025-05-01,2025,Manufactura,Concepción,Ventas nacionales,8320830
2025-06-01,2025,Manufactura,Concepción,Canal mayorista,3396240
2025-06-01,2025,Manufactura,Concepción,Canal supermercados,5094360
2025-06-01,2025,Manufactura,Concepción,Contratos de mantención,1188600
2025-06-01,2025,Manufactura,Concepción,Exportaciones,3566070
2025-06-01,2025,Manufactura,Concepción,Repuestos,509400
2025-06-01,2025,Manufactura,Concepción,Ventas nacionales,8320830
2025-07-01,2025,Manufactura,Concepción,Canal mayorista,3396240
2025-07-01,2025,Manufactura,Concepción,Canal supermercados,5094360
2025-07-01,2025,Manufactura,Concepción,Contratos de mantención,1188600
2025-07-01,2025,Manufactura,Concepción,Exportaciones,3566070
2025-07-01,2025,Manufactura,Concepción,Repuestos,509400
2025-07-01,2025,Manufactura,Concepción,Ventas nacionales,8320830
2025-08-01,2025,Manufactura,Concepción,Canal mayorista,3396240
2025-08-01,2025,Manufactura,Concepción,Canal supermercados,5094360
2025-08-01,2025,Manufactura,Concepción,Contratos de mantención,1188600
2025-08-01,2025,Manufactura,Concepción,Exportaciones,3566070
2025-08-01,2025,Manufactura,Concepción,Repuestos,509400
2025-08-01,2025,Manufactura,Concepción,Ventas nacionales,8320830
2025-09-01,2025,Manufactura,Concepción,Canal mayorista,3396240
2025-09-01,2025,Manufactura,Concepción,Canal supermercados,5094360
2025-09-01,2025,Manufactura,Concepción,Contratos de mantención,1188600
2025-09-01,2025,Manufactura,Concepción,Exportaciones,3566070
2025-09-01,2025,Manufactura,Concepción,Repuestos,509400
2025-09-01,2025,Manufactura,Concepción,Ventas nacionales,8320830
2025-10-01,2025,Manufactura,Concepción,Canal mayorista,3667920
2025-10-01,2025,Manufactura,Concepción,Canal supermercados,5501880
2025-10-01,2025,Manufactura,Concepción,Contratos de mantención,1283730
2025-10-01,2025,Manufactura,Concepción,Exportaciones,3851280
2025-10-01,2025,Manufactura,Concepción,Repuestos,550170
2025-10-01,2025,Manufactura,Concepción,Ventas nacionales,8986320
2025-11-01,2025,Manufactura,Concepción,Canal mayorista,3905640
2025-11-01,2025,Manufactura,Concepción,Canal supermercados,5858460
2025-11-01,2025,Manufactura,Concepción,Contratos de mantención,1366890
2025-11-01,2025,Manufactura,Concepción,Exportaciones,4100940
2025-11-01,2025,Manufactura,Concepción,Repuestos,585810
2025-11-01,2025,Manufactura,Concepción,Ventas nacionales,9568860
2025-12-01,2025,Manufactura,Concepción,Canal mayorista,4075440
2025-12-01,2025,Manufactura,Concepción,Canal supermercados,6113160
2025-12-01,2025,Manufactura,Concepción,Contratos de mantención,1426320
2025-12-01,2025,Manufactura,Concepción,Exportaciones,4279230
2025-12-01,2025,Manufactura,Concepción,Repuestos,611280
2025-12-01,2025,Manufactura,Concepción,Ventas nacionales,9984870
2026-01-01,2026,Manufactura,Concepción,Canal mayorista,3240000
2026-01-01,2026,Manufactura,Concepción,Canal supermercados,4860000
2026-01-01,2026,Manufactura,Concepción,Contratos de mantención,1134000
2026-01-01,2026,Manufactura,Concepción,Exportaciones,3402000
2026-01-01,2026,Manufactura,Concepción,Repuestos,486000
2026-01-01,2026,Manufactura,Concepción,Ventas nacionales,7938000
2026-02-01,2026,Manufactura,Concepción,Canal mayorista,3168000
2026-02-01,2026,Manufactura,Concepción,Canal supermercados,4752000
2026-02-01,2026,Manufactura,Concepción,Contratos de mantención,1108800
2026-02-01,2026,Manufactura,Concepción,Exportaciones,3326400
2026-02-01,2026,Manufactura,Concepción,Repuestos,475200
2026-02-01,2026,Manufactura,Concepción,Ventas nacionales,7761600
2026-03-01,2026,Manufactura,Concepción,Canal mayorista,3600000
2026-03-01,2026,Manufactura,Concepción,Canal supermercados,5400000
2026-03-01,2026,Manufactura,Concepción,Contratos de mantención,1260000
2026-03-01,2026,Manufactura,Concepción,Exportaciones,3780000
2026-03-01,2026,Manufactura,Concepción,Repuestos,540000
2026-03-01,2026,Manufactura,Concepción,Ventas nacionales,8820000
2026-04-01,2026,Manufactura,Concepción,Canal mayorista,3600000
2026-04-01,2026,Manufactura,Concepción,Canal supermercados,5400000
2026-04-01,2026,Manufactura,Concepción,Contratos de mantención,1260000
2026-04-01,2026,Manufactura,Concepción,Exportaciones,3780000
2026-04-01,2026,Manufactura,Concepción,Repuestos,540000
2026-04-01,2026,Manufactura,Concepción,Ventas nacionales,8820000
2026-05-01,2026,Manufactura,Concepción,Canal mayorista,3600000
2026-05-01,2026,Manufactura,Concepción,Canal supermercados,5400000
2026-05-01,2026,Manufactura,Concepción,Contratos de mantención,1260000
2026-05-01,2026,Manufactura,Concepción,Exportaciones,3780000
2026-05-01,2026,Manufactura,Concepción,Repuestos,540000
2026-05-01,2026,Manufactura,Concepción,Ventas nacionales,8820000
2026-06-01,2026,Manufactura,Concepción,Canal mayorista,3600000
2026-06-01,2026,Manufactura,Concepción,Canal supermercados,5400000
2026-06-01,2026,Manufactura,Concepción,Contratos de mantención,1260000
2026-06-01,2026,Manufactura,Concepción,Exportaciones,3780000
2026-06-01,2026,Manufactura,Concepción,Repuestos,540000
2026-06-01,2026,Manufactura,Concepción,Ventas nacionales,8820000
2026-07-01,2026,Manufactura,Concepción,Canal mayorista,3600000
2026-07-01,2026,Manufactura,Concepción,Canal supermercados,5400000
2026-07-01,2026,Manufactura,Concepción,Contratos de mantención,1260000
2026-07-01,2026,Manufactura,Concepción,Exportaciones,3780000
2026-07-01,2026,Manufactura,Concepción,Repuestos,540000
2026-07-01,2026,Manufactura,Concepción,Ventas nacionales,8820000
2026-08-01,2026,Manufactura,Concepción,Canal mayorista,3600000
2026-08-01,2026,Manufactura,Concepción,Canal supermercados,5400000
2026-08-01,2026,Manufactura,Concepción,Contratos de mantención,1260000
2026-08-01,2026,Manufactura,Concepción,Exportaciones,3780000
2026-08-01,2026,Manufactura,Concepción,Repuestos,540000
2026-08-01,2026,Manufactura,Concepción,Ventas nacionales,8820000
2026-09-01,2026,Manufactura,Concepción,Canal mayorista,3600000
2026-09-01,2026,Manufactura,Concepción,Canal supermercados,5400000
2026-09-01,2026,Manufactura,Concepción,Contratos de mantención,1260000
2026-09-01,2026,Manufactura,Concepción,Exportaciones,3780000
2026-09-01,2026,Manufactura,Concepción,Repuestos,540000
2026-09-01,2026,Manufactura,Concepción,Ventas nacionales,8820000
2026-10-01,2026,Manufactura,Concepción,Canal mayorista,3888000
2026-10-01,2026,Manufactura,Concepción,Canal supermercados,5832000
2026-10-01,2026,Manufactura,Concepción,Contratos de mantención,1360800
2026-10-01,2026,Manufactura,Concepción,Exportaciones,4082400
2026-10-01,2026,Manufactura,Concepción,Repuestos,583200
2026-10-01,2026,Manufactura,Concepción,Ventas nacionales,9525600
2026-11-01,2026,Manufactura,Concepción,Canal mayorista,4140000
2026-11-01,2026,Manufactura,Concepción,Canal supermercados,6210000
2026-11-01,2026,Manufactura,Concepción,Contratos de mantención,1449000
2026-11-01,2026,Manufactura,Concepción,Exportaciones,4347000
2026-11-01,2026,Manufactura,Concepción,Repuestos,621000
2026-11-01,2026,Manufactura,Concepción,Ventas nacionales,10143000
2026-12-01,2026,Manufactura,Concepción,Canal mayorista,4320000
2026-12-01,2026,Manufactura,Concepción,Canal supermercados,6480000
2026-12-01,2026,Manufactura,Concepción,Contratos de mantención,1512000
2026-12-01,2026,Manufactura,Concepción,Exportaciones,4536000
2026-12-01,2026,Manufactura,Concepción,Repuestos,648000
2026-12-01,2026,Manufactura,Concepción,Ventas nacionales,10584000
2025-01-01,2025,Manufactura,Santiago,Canal mayorista,5094400
2025-01-01,2025,Manufactura,Santiago,Canal supermercados,7641600
2025-01-01,2025,Manufactura,Santiago,Contratos de mantención,1782900
2025-01-01,2025,Manufactura,Santiago,Exportaciones,5349000
2025-01-01,2025,Manufactura,Santiago,Repuestos,764100
2025-01-01,2025,Manufactura,Santiago,Ventas nacionales,12481000
2025-02-01,2025,Manufactura,Santiago,Canal mayorista,4981200
2025-02-01,2025,Manufactura,Santiago,Canal supermercados,7471800
2025-02-01,2025,Manufactura,Santiago,Contratos de mantención,1743350
2025-02-01,2025,Manufactura,Santiago,Exportaciones,5230200
2025-02-01,2025,Manufactura,Santiago,Repuestos,747150
2025-02-01,2025,Manufactura,Santiago,Ventas nacionales,12203800
2025-03-01,2025,Manufactura,Santiago,Canal mayorista,5660400
2025-03-01,2025,Manufactura,Santiago,Canal supermercados,8490600
2025-03-01,2025,Manufactura,Santiago,Contratos de mantención,1981000
2025-03-01,2025,Manufactura,Santiago,Exportaciones,5943450
2025-03-01,2025,Manufactura,Santiago,Repuestos,849000
2025-03-01,2025,Manufactura,Santiago,Ventas nacionales,13868050
2025-04-01,2025,Manufactura,Santiago,Canal mayorista,5660400
2025-04-01,2025,Manufactura,Santiago,Canal supermercados,8490600
2025-04-01,2025,Manufactura,Santiago,Contratos de mantención,1981000
2025-04-01,2025,Manufactura,Santiago,Exportaciones,5943450
2025-04-01,2025,Manufactura,Santiago,Repuestos,849000
2025-04-01,2025,Manufactura,Santiago,Ventas nacionales,13868050
2025-05-01,2025,Manufactura,Santiago,Canal mayorista,5660400
2025-05-01,2025,Manufactura,Santiago,Canal supermercados,8490600
2025-05-01,2025,Manufactura,Santiago,Contratos de mantención,1981000
2025-05-01,2025,Manufactura,Santiago,Exportaciones,5943450
2025-05-01,2025,Manufactura,Santiago,Repuestos,849000
2025-05-01,2025,Manufactura,Santiago,Ventas nacionales,13868050
2025-06-01,2025,Manufactura,Santiago,Canal mayorista,5660400
2025-06-01,2025,Manufactura,Santiago,Canal supermercados,8490600
2025-06-01,2025,Manufactura,Santiago,Contratos de mantención,1981000
2025-06-01,2025,Manufactura,Santiago,Exportaciones,5943450
2025-06-01,2025,Manufactura,Santiago,Repuestos,849000
2025-06-01,2025,Manufactura,Santiago,Ventas nacionales,13868050
2025-07-01,2025,Manufactura,Santiago,Canal mayorista,5660400
2025-07-01,2025,Manufactura,Santiago,Canal supermercados,8490600
2025-07-01,2025,Manufactura,Santiago,Contratos de mantención,1981000
2025-07-01,2025,Manufactura,Santiago,Exportaciones,5943450
2025-07-01,2025,Manufactura,Santiago,Repuestos,849000
2025-07-01,2025,Manufactura,Santiago,Ventas nacionales,13868050
2025-08-01,2025,Manufactura,Santiago,Canal mayorista,5660400
2025-08-01,2025,Manufactura,Santiago,Canal supermercados,8490600
2025-08-01,2025,Manufactura,Santiago,Contratos de mantención,1981000
2025-08-01,2025,Manufactura,Santiago,Exportaciones,5943450
2025-08-01,2025,Manufactura,Santiago,Repuestos,849000
2025-08-01,2025,Manufactura,Santiago,Ventas nacionales,13868050
2025-09-01,2025,Manufactura,Santiago,Canal mayorista,5660400
2025-09-01,2025,Manufactura,Santiago,Canal supermercados,8490600
2025-09-01,2025,Manufactura,Santiago,Contratos de mantención,1981000
2025-09-01,2025,Manufactura,Santiago,Exportaciones,5943450
2025-09-01,2025,Manufactura,Santiago,Repuestos,849000
2025-09-01,2025,Manufactura,Santiago,Ventas nacionales,13868050
2025-10-01,2025,Manufactura,Santiago,Canal mayorista,6113200
2025-10-01,2025,Manufactura,Santiago,Canal supermercados,9169800
2025-10-01,2025,Manufactura,Santiago,Contratos de mantención,2139550
2025-10-01,2025,Manufactura,Santiago,Exportaciones,6418800
2025-10-01,2025,Manufactura,Santiago,Repuestos,916950
2025-10-01,2025,Manufactura,Santiago,Ventas nacionales,14977200
2025-11-01,2025,Manufactura,Santiago,Canal mayorista,6509400
2025-11-01,2025,Manufactura,Santiago,Canal supermercados,9764100
2025-11-01,2025,Manufactura,Santiago,Contratos de mantención,2278150
2025-11-01,2025,Manufactura,Santiago,Exportaciones,6834900
2025-11-01,2025,Manufactura,Santiago,Repuestos,976350
2025-11-01,2025,Manufactura,Santiago,Ventas nacionales,15948100
2025-12-01,2025,Manufactura,Santiago,Canal mayorista,6792400
2025-12-01,2025,Manufactura,Santiago,Canal supermercados,10188600
2025-12-01,2025,Manufactura,Santiago,Contratos de mantención,2377200
2025-12-01,2025,Manufactura,Santiago,Exportaciones,7132050
2025-12-01,2025,Manufactura,Santiago,Repuestos,1018800
2025-12-01,2025,Manufactura,Santiago,Ventas nacionales,16641450
2026-01-01,2026,Manufactura,Santiago,Canal mayorista,5400000
2026-01-01,2026,Manufactura,Santiago,Canal supermercados,8100000
2026-01-01,2026,Manufactura,Santiago,Contratos de mantención,1890000
2026-01-01,2026,Manufactura,Santiago,Exportaciones,5670000
2026-01-01,2026,Manufactura,Santiago,Repuestos,810000
2026-01-01,2026,Manufactura,Santiago,Ventas nacionales,13230000
2026-02-01,2026,Manufactura,Santiago,Canal mayorista,5280000
2026-02-01,2026,Manufactura,Santiago,Canal supermercados,7920000
2026-02-01,2026,Manufactura,Santiago,Contratos de mantención,1848000
2026-02-01,2026,Manufactura,Santiago,Exportaciones,5544000
2026-02-01,2026,Manufactura,Santiago,Repuestos,792000
2026-02-01,2026,Manufactura,Santiago,Ventas nacionales,12936000
2026-03-01,2026,Manufactura,Santiago,Canal mayorista,6000000
2026-03-01,2026,Manufactura,Santiago,Canal supermercados,9000000
2026-03-01,2026,Manufactura,Santiago,Contratos de mantención,2100000
2026-03-01,2026,Manufactura,Santiago,Exportaciones,6300000
2026-03-01,2026,Manufactura,Santiago,Repuestos,900000
2026-03-01,2026,Manufactura,Santiago,Ventas nacionales,14700000
2026-04-01,2026,Manufactura,Santiago,Canal mayorista,6000000
2026-04-01,2026,Manufactura,Santiago,Canal supermercados,9000000
2026-04-01,2026,Manufactura,Santiago,Contratos de mantención,2100000
2026-04-01,2026,Manufactura,Santiago,Exportaciones,6300000
2026-04-01,2026,Manufactura,Santiago,Repuestos,900000
2026-04-01,2026,Manufactura,Santiago,Ventas nacionales,14700000
2026-05-01,2026,Manufactura,Santiago,Canal mayorista,6000000
2026-05-01,2026,Manufactura,Santiago,Canal supermercados,9000000
2026-05-01,2026,Manufactura,Santiago,Contratos de mantención,2100000
2026-05-01,2026,Manufactura,Santiago,Exportaciones,6300000
2026-05-01,2026,Manufactura,Santiago,Repuestos,900000
2026-05-01,2026,Manufactura,Santiago,Ventas nacionales,14700000
2026-06-01,2026,Manufactura,Santiago,Canal mayorista,6000000
2026-06-01,2026,Manufactura,Santiago,Canal supermercados,9000000
2026-06-01,2026,Manufactura,Santiago,Contratos de mantención,2100000
2026-06-01,2026,Manufactura,Santiago,Exportaciones,6300000
2026-06-01,2026,Manufactura,Santiago,Repuestos,900000
2026-06-01,2026,Manufactura,Santiago,Ventas nacionales,14700000
2026-07-01,2026,Manufactura,Santiago,Canal mayorista,6000000
2026-07-01,2026,Manufactura,Santiago,Canal supermercados,9000000
2026-07-01,2026,Manufactura,Santiago,Contratos de mantención,2100000
2026-07-01,2026,Manufactura,Santiago,Exportaciones,6300000
2026-07-01,2026,Manufactura,Santiago,Repuestos,900000
2026-07-01,2026,Manufactura,Santiago,Ventas nacionales,14700000
2026-08-01,2026,Manufactura,Santiago,Canal mayorista,6000000
2026-08-01,2026,Manufactura,Santiago,Canal supermercados,9000000
2026-08-01,2026,Manufactura,Santiago,Contratos de mantención,2100000
2026-08-01,2026,Manufactura,Santiago,Exportaciones,6300000
2026-08-01,2026,Manufactura,Santiago,Repuestos,900000
2026-08-01,2026,Manufactura,Santiago,Ventas nacionales,14700000
2026-09-01,2026,Manufactura,Santiago,Canal mayorista,6000000
2026-09-01,2026,Manufactura,Santiago,Canal supermercados,9000000
2026-09-01,2026,Manufactura,Santiago,Contratos de mantención,2100000
2026-09-01,2026,Manufactura,Santiago,Exportaciones,6300000
2026-09-01,2026,Manufactura,Santiago,Repuestos,900000
2026-09-01,2026,Manufactura,Santiago,Ventas nacionales,14700000
2026-10-01,2026,Manufactura,Santiago,Canal mayorista,6480000
2026-10-01,2026,Manufactura,Santiago,Canal supermercados,9720000
2026-10-01,2026,Manufactura,Santiago,Contratos de mantención,2268000
2026-10-01,2026,Manufactura,Santiago,Exportaciones,6804000
2026-10-01,2026,Manufactura,Santiago,Repuestos,972000
2026-10-01,2026,Manufactura,Santiago,Ventas nacionales,15876000
2026-11-01,2026,Manufactura,Santiago,Canal mayorista,6900000
2026-11-01,2026,Manufactura,Santiago,Canal supermercados,10350000
2026-11-01,2026,Manufactura,Santiago,Contratos de mantención,2415000
2026-11-01,2026,Manufactura,Santiago,Exportaciones,7245000
2026-11-01,2026,Manufactura,Santiago,Repuestos,1035000
2026-11-01,2026,Manufactura,Santiago,Ventas nacionales,16905000
2026-12-01,2026,Manufactura,Santiago,Canal mayorista,7200000
2026-12-01,2026,Manufactura,Santiago,Canal supermercados,10800000
2026-12-01,2026,Manufactura,Santiago,Contratos de mantención,2520000
2026-12-01,2026,Manufactura,Santiago,Exportaciones,7560000
2026-12-01,2026,Manufactura,Santiago,Repuestos,1080000
2026-12-01,2026,Manufactura,Santiago,Ventas nacionales,17640000
2025-01-01,2025,Salud,Clínica Centro,Cirugías de urgencia,1500012
2025-01-01,2025,Salud,Clínica Centro,Cirugías programadas,4500037
2025-01-01,2025,Salud,Clínica Centro,Días cama,7933345
2025-01-01,2025,Salud,Clínica Centro,Medicamentos facturados,3400005
2025-01-01,2025,Salud,Clínica Centro,Pacientes Fonasa,3900015
2025-01-01,2025,Salud,Clínica Centro,Pacientes Isapre,4766685
2025-02-01,2025,Salud,Clínica Centro,Cirugías de urgencia,1274962
2025-02-01,2025,Salud,Clínica Centro,Cirugías programadas,3824887
2025-02-01,2025,Salud,Clínica Centro,Días cama,6743380
2025-02-01,2025,Salud,Clínica Centro,Medicamentos facturados,2890020
2025-02-01,2025,Salud,Clínica Centro,Pacientes Fonasa,3315060
2025-02-01,2025,Salud,Clínica Centro,Pacientes Isapre,4051740
2025-03-01,2025,Salud,Clínica Centro,Cirugías de urgencia,1500012
2025-03-01,2025,Salud,Clínica Centro,Cirugías programadas,4500037
2025-03-01,2025,Salud,Clínica Centro,Días cama,7933345
2025-03-01,2025,Salud,Clínica Centro,Medicamentos facturados,3400005
2025-03-01,2025,Salud,Clínica Centro,Pacientes Fonasa,3900015
2025-03-01,2025,Salud,Clínica Centro,Pacientes Isapre,4766685
2025-04-01,2025,Salud,Clínica Centro,Cirugías de urgencia,1500012
2025-04-01,2025,Salud,Clínica Centro,Cirugías programadas,4500037
2025-04-01,2025,Salud,Clínica Centro,Días cama,7933345
2025-04-01,2025,Salud,Clínica Centro,Medicamentos facturados,3400005
2025-04-01,2025,Salud,Clínica Centro,Pacientes Fonasa,3900015
2025-04-01,2025,Salud,Clínica Centro,Pacientes Isapre,4766685
2025-05-01,2025,Salud,Clínica Centro,Cirugías de urgencia,1500012
2025-05-01,2025,Salud,Clínica Centro,Cirugías programadas,4500037
2025-05-01,2025,Salud,Clínica Centro,Días cama,7933345
2025-05-01,2025,Salud,Clínica Centro,Medicamentos facturados,3400005
2025-05-01,2025,Salud,Clínica Centro,Pacientes Fonasa,3900015
2025-05-01,2025,Salud,Clínica Centro,Pacientes Isapre,4766685
2025-06-01,2025,Salud,Clínica Centro,Cirugías de urgencia,1680000
2025-06-01,2025,Salud,Clínica Centro,Cirugías programadas,5040000
2025-06-01,2025,Salud,Clínica Centro,Días cama,8885415
2025-06-01,2025,Salud,Clínica Centro,Medicamentos facturados,3808035
2025-06-01,2025,Salud,Clínica Centro,Pacientes Fonasa,4367947
2025-06-01,2025,Salud,Clínica Centro,Pacientes Isapre,5338602
2025-07-01,2025,Salud,Clínica Centro,Cirugías de urgencia,1680000
2025-07-01,2025,Salud,Clínica Centro,Cirugías programadas,5040000
2025-07-01,2025,Salud,Clínica Centro,Días cama,8885415
2025-07-01,2025,Salud,Clínica Centro,Medicamentos facturados,3808035
2025-07-01,2025,Salud,Clínica Centro,Pacientes Fonasa,4367947
2025-07-01,2025,Salud,Clínica Centro,Pacientes Isapre,5338602
2025-08-01,2025,Salud,Clínica Centro,Cirugías de urgencia,1680000
2025-08-01,2025,Salud,Clínica Centro,Cirugías programadas,5040000
2025-08-01,2025,Salud,Clínica Centro,Días cama,8885415
2025-08-01,2025,Salud,Clínica Centro,Medicamentos facturados,3808035
2025-08-01,2025,Salud,Clínica Centro,Pacientes Fonasa,4367947
2025-08-01,2025,Salud,Clínica Centro,Pacientes Isapre,5338602
2025-09-01,2025,Salud,Clínica Centro,Cirugías de urgencia,1500012
2025-09-01,2025,Salud,Clínica Centro,Cirugías programadas,4500037
2025-09-01,2025,Salud,Clínica Centro,Días cama,7933345
2025-09-01,2025,Salud,Clínica Centro,Medicamentos facturados,3400005
2025-09-01,2025,Salud,Clínica Centro,Pacientes Fonasa,3900015
2025-09-01,2025,Salud,Clínica Centro,Pacientes Isapre,4766685
2025-10-01,2025,Salud,Clínica Centro,Cirugías de urgencia,1500012
2025-10-01,2025,Salud,Clínica Centro,Cirugías programadas,4500037
2025-10-01,2025,Salud,Clínica Centro,Días cama,7933345
2025-10-01,2025,Salud,Clínica Centro,Medicamentos facturados,3400005
2025-10-01,2025,Salud,Clínica Centro,Pacientes Fonasa,3900015
2025-10-01,2025,Salud,Clínica Centro,Pacientes Isapre,4766685
2025-11-01,2025,Salud,Clínica Centro,Cirugías de urgencia,1500012
2025-11-01,2025,Salud,Clínica Centro,Cirugías programadas,4500037
2025-11-01,2025,Salud,Clínica Centro,Días cama,7933345
2025-11-01,2025,Salud,Clínica Centro,Medicamentos facturados,3400005
2025-11-01,2025,Salud,Clínica Centro,Pacientes Fonasa,3900015
2025-11-01,2025,Salud,Clínica Centro,Pacientes Isapre,4766685
2025-12-01,2025,Salud,Clínica Centro,Cirugías de urgencia,1500012
2025-12-01,2025,Salud,Clínica Centro,Cirugías programadas,4500037
2025-12-01,2025,Salud,Clínica Centro,Días cama,7933345
2025-12-01,2025,Salud,Clínica Centro,Medicamentos facturados,3400005
2025-12-01,2025,Salud,Clínica Centro,Pacientes Fonasa,3900015
2025-12-01,2025,Salud,Clínica Centro,Pacientes Isapre,4766685
2026-01-01,2026,Salud,Clínica Centro,Cirugías de urgencia,1575000
2026-01-01,2026,Salud,Clínica Centro,Cirugías programadas,4725000
2026-01-01,2026,Salud,Clínica Centro,Días cama,8330000
2026-01-01,2026,Salud,Clínica Centro,Medicamentos facturados,3570000
2026-01-01,2026,Salud,Clínica Centro,Pacientes Fonasa,4095000
2026-01-01,2026,Salud,Clínica Centro,Pacientes Isapre,5005000
2026-02-01,2026,Salud,Clínica Centro,Cirugías de urgencia,1338750
2026-02-01,2026,Salud,Clínica Centro,Cirugías programadas,4016250
2026-02-01,2026,Salud,Clínica Centro,Días cama,7080500
2026-02-01,2026,Salud,Clínica Centro,Medicamentos facturados,3034500
2026-02-01,2026,Salud,Clínica Centro,Pacientes Fonasa,3480750
2026-02-01,2026,Salud,Clínica Centro,Pacientes Isapre,4254250
2026-03-01,2026,Salud,Clínica Centro,Cirugías de urgencia,1575000
2026-03-01,2026,Salud,Clínica Centro,Cirugías programadas,4725000
2026-03-01,2026,Salud,Clínica Centro,Días cama,8330000
2026-03-01,2026,Salud,Clínica Centro,Medicamentos facturados,3570000
2026-03-01,2026,Salud,Clínica Centro,Pacientes Fonasa,4095000
2026-03-01,2026,Salud,Clínica Centro,Pacientes Isapre,5005000
2026-04-01,2026,Salud,Clínica Centro,Cirugías de urgencia,1575000
2026-04-01,2026,Salud,Clínica Centro,Cirugías programadas,4725000
2026-04-01,2026,Salud,Clínica Centro,Días cama,8330000
2026-04-01,2026,Salud,Clínica Centro,Medicamentos facturados,3570000
2026-04-01,2026,Salud,Clínica Centro,Pacientes Fonasa,4095000
2026-04-01,2026,Salud,Clínica Centro,Pacientes Isapre,5005000
2026-05-01,2026,Salud,Clínica Centro,Cirugías de urgencia,1575000
2026-05-01,2026,Salud,Clínica Centro,Cirugías programadas,4725000
2026-05-01,2026,Salud,Clínica Centro,Días cama,8330000
2026-05-01,2026,Salud,Clínica Centro,Medicamentos facturados,3570000
2026-05-01,2026,Salud,Clínica Centro,Pacientes Fonasa,4095000
2026-05-01,2026,Salud,Clínica Centro,Pacientes Isapre,5005000
2026-06-01,2026,Salud,Clínica Centro,Cirugías de urgencia,1764000
2026-06-01,2026,Salud,Clínica Centro,Cirugías programadas,5292000
2026-06-01,2026,Salud,Clínica Centro,Días cama,9329600
2026-06-01,2026,Salud,Clínica Centro,Medicamentos facturados,3998400
2026-06-01,2026,Salud,Clínica Centro,Pacientes Fonasa,4586400
2026-06-01,2026,Salud,Clínica Centro,Pacientes Isapre,5605600
2026-07-01,2026,Salud,Clínica Centro,Cirugías de urgencia,1764000
2026-07-01,2026,Salud,Clínica Centro,Cirugías programadas,5292000
2026-07-01,2026,Salud,Clínica Centro,Días cama,9329600
2026-07-01,2026,Salud,Clínica Centro,Medicamentos facturados,3998400
2026-07-01,2026,Salud,Clínica Centro,Pacientes Fonasa,4586400
2026-07-01,2026,Salud,Clínica Centro,Pacientes Isapre,5605600
2026-08-01,2026,Salud,Clínica Centro,Cirugías de urgencia,1764000
2026-08-01,2026,Salud,Clínica Centro,Cirugías programadas,5292000
2026-08-01,2026,Salud,Clínica Centro,Días cama,9329600
2026-08-01,2026,Salud,Clínica Centro,Medicamentos facturados,3998400
2026-08-01,2026,Salud,Clínica Centro,Pacientes Fonasa,4586400
2026-08-01,2026,Salud,Clínica Centro,Pacientes Isapre,5605600
2026-09-01,2026,Salud,Clínica Centro,Cirugías de urgencia,1575000
2026-09-01,2026,Salud,Clínica Centro,Cirugías programadas,4725000
2026-09-01,2026,Salud,Clínica Centro,Días cama,8330000
2026-09-01,2026,Salud,Clínica Centro,Medicamentos facturados,3570000
2026-09-01,2026,Salud,Clínica Centro,Pacientes Fonasa,4095000
2026-09-01,2026,Salud,Clínica Centro,Pacientes Isapre,5005000
2026-10-01,2026,Salud,Clínica Centro,Cirugías de urgencia,1575000
2026-10-01,2026,Salud,Clínica Centro,Cirugías programadas,4725000
2026-10-01,2026,Salud,Clínica Centro,Días cama,8330000
2026-10-01,2026,Salud,Clínica Centro,Medicamentos facturados,3570000
2026-10-01,2026,Salud,Clínica Centro,Pacientes Fonasa,4095000
2026-10-01,2026,Salud,Clínica Centro,Pacientes Isapre,5005000
2026-11-01,2026,Salud,Clínica Centro,Cirugías de urgencia,1575000
2026-11-01,2026,Salud,Clínica Centro,Cirugías programadas,4725000
2026-11-01,2026,Salud,Clínica Centro,Días cama,8330000
2026-11-01,2026,Salud,Clínica Centro,Medicamentos facturados,3570000
2026-11-01,2026,Salud,Clínica Centro,Pacientes Fonasa,4095000
2026-11-01,2026,Salud,Clínica Centro,Pacientes Isapre,5005000
2026-12-01,2026,Salud,Clínica Centro,Cirugías de urgencia,1575000
2026-12-01,2026,Salud,Clínica Centro,Cirugías programadas,4725000
2026-12-01,2026,Salud,Clínica Centro,Días cama,8330000
2026-12-01,2026,Salud,Clínica Centro,Medicamentos facturados,3570000
2026-12-01,2026,Salud,Clínica Centro,Pacientes Fonasa,4095000
2026-12-01,2026,Salud,Clínica Centro,Pacientes Isapre,5005000
2025-01-01,2025,Salud,Clínica Oriente,Cirugías de urgencia,1928588
2025-01-01,2025,Salud,Clínica Oriente,Cirugías programadas,5785763
2025-01-01,2025,Salud,Clínica Oriente,Días cama,10200015
2025-01-01,2025,Salud,Clínica Oriente,Medicamentos facturados,4371435
2025-01-01,2025,Salud,Clínica Oriente,Pacientes Fonasa,5014305
2025-01-01,2025,Salud,Clínica Oriente,Pacientes Isapre,6128595
2025-02-01,2025,Salud,Clínica Oriente,Cirugías de urgencia,1639238
2025-02-01,2025,Salud,Clínica Oriente,Cirugías programadas,4917713
2025-02-01,2025,Salud,Clínica Oriente,Días cama,8670060
2025-02-01,2025,Salud,Clínica Oriente,Medicamentos facturados,3715740
2025-02-01,2025,Salud,Clínica Oriente,Pacientes Fonasa,4262220
2025-02-01,2025,Salud,Clínica Oriente,Pacientes Isapre,5209380
2025-03-01,2025,Salud,Clínica Oriente,Cirugías de urgencia,1928588
2025-03-01,2025,Salud,Clínica Oriente,Cirugías programadas,5785763
2025-03-01,2025,Salud,Clínica Oriente,Días cama,10200015
2025-03-01,2025,Salud,Clínica Oriente,Medicamentos facturados,4371435
2025-03-01,2025,Salud,Clínica Oriente,Pacientes Fonasa,5014305
2025-03-01,2025,Salud,Clínica Oriente,Pacientes Isapre,6128595
2025-04-01,2025,Salud,Clínica Oriente,Cirugías de urgencia,1928588
2025-04-01,2025,Salud,Clínica Oriente,Cirugías programadas,5785763
2025-04-01,2025,Salud,Clínica Oriente,Días cama,10200015
2025-04-01,2025,Salud,Clínica Oriente,Medicamentos facturados,4371435
2025-04-01,2025,Salud,Clínica Oriente,Pacientes Fonasa,5014305
2025-04-01,2025,Salud,Clínica Oriente,Pacientes Isapre,6128595
2025-05-01,2025,Salud,Clínica Oriente,Cirugías de urgencia,1928588
2025-05-01,2025,Salud,Clínica Oriente,Cirugías programadas,5785763
2025-05-01,2025,Salud,Clínica Oriente,Días cama,10200015
2025-05-01,2025,Salud,Clínica Oriente,Medicamentos facturados,4371435
2025-05-01,2025,Salud,Clínica Oriente,Pacientes Fonasa,5014305
2025-05-01,2025,Salud,Clínica Oriente,Pacientes Isapre,6128595
2025-06-01,2025,Salud,Clínica Oriente,Cirugías de urgencia,2160000
2025-06-01,2025,Salud,Clínica Oriente,Cirugías programadas,6480000
2025-06-01,2025,Salud,Clínica Oriente,Días cama,11424105
2025-06-01,2025,Salud,Clínica Oriente,Medicamentos facturados,4896045
2025-06-01,2025,Salud,Clínica Oriente,Pacientes Fonasa,5615933
2025-06-01,2025,Salud,Clínica Oriente,Pacientes Isapre,6863918
2025-07-01,2025,Salud,Clínica Oriente,Cirugías de urgencia,2160000
2025-07-01,2025,Salud,Clínica Oriente,Cirugías programadas,6480000
2025-07-01,2025,Salud,Clínica Oriente,Días cama,11424105
2025-07-01,2025,Salud,Clínica Oriente,Medicamentos facturados,4896045
2025-07-01,2025,Salud,Clínica Oriente,Pacientes Fonasa,5615933
2025-07-01,2025,Salud,Clínica Oriente,Pacientes Isapre,6863918
2025-08-01,2025,Salud,Clínica Oriente,Cirugías de urgencia,2160000
2025-08-01,2025,Salud,Clínica Oriente,Cirugías programadas,6480000
2025-08-01,2025,Salud,Clínica Oriente,Días cama,11424105
2025-08-01,2025,Salud,Clínica Oriente,Medicamentos facturados,4896045
2025-08-01,2025,Salud,Clínica Oriente,Pacientes Fonasa,5615933
2025-08-01,2025,Salud,Clínica Oriente,Pacientes Isapre,6863918
2025-09-01,2025,Salud,Clínica Oriente,Cirugías de urgencia,1928588
2025-09-01,2025,Salud,Clínica Oriente,Cirugías programadas,5785763
2025-09-01,2025,Salud,Clínica Oriente,Días cama,10200015
2025-09-01,2025,Salud,Clínica Oriente,Medicamentos facturados,4371435
2025-09-01,2025,Salud,Clínica Oriente,Pacientes Fonasa,5014305
2025-09-01,2025,Salud,Clínica Oriente,Pacientes Isapre,6128595
2025-10-01,2025,Salud,Clínica Oriente,Cirugías de urgencia,1928588
2025-10-01,2025,Salud,Clínica Oriente,Cirugías programadas,5785763
2025-10-01,2025,Salud,Clínica Oriente,Días cama,10200015
2025-10-01,2025,Salud,Clínica Oriente,Medicamentos facturados,4371435
2025-10-01,2025,Salud,Clínica Oriente,Pacientes Fonasa,5014305
2025-10-01,2025,Salud,Clínica Oriente,Pacientes Isapre,6128595
2025-11-01,2025,Salud,Clínica Oriente,Cirugías de urgencia,1928588
2025-11-01,2025,Salud,Clínica Oriente,Cirugías programadas,5785763
2025-11-01,2025,Salud,Clínica Oriente,Días cama,10200015
2025-11-01,2025,Salud,Clínica Oriente,Medicamentos facturados,4371435
2025-11-01,2025,Salud,Clínica Oriente,Pacientes Fonasa,5014305
2025-11-01,2025,Salud,Clínica Oriente,Pacientes Isapre,6128595
2025-12-01,2025,Salud,Clínica Oriente,Cirugías de urgencia,1928588
2025-12-01,2025,Salud,Clínica Oriente,Cirugías programadas,5785763
2025-12-01,2025,Salud,Clínica Oriente,Días cama,10200015
2025-12-01,2025,Salud,Clínica Oriente,Medicamentos facturados,4371435
2025-12-01,2025,Salud,Clínica Oriente,Pacientes Fonasa,5014305
2025-12-01,2025,Salud,Clínica Oriente,Pacientes Isapre,6128595
2026-01-01,2026,Salud,Clínica Oriente,Cirugías de urgencia,2025000
2026-01-01,2026,Salud,Clínica Oriente,Cirugías programadas,6075000
2026-01-01,2026,Salud,Clínica Oriente,Días cama,10710000
2026-01-01,2026,Salud,Clínica Oriente,Medicamentos facturados,4590000
2026-01-01,2026,Salud,Clínica Oriente,Pacientes Fonasa,5265000
2026-01-01,2026,Salud,Clínica Oriente,Pacientes Isapre,6435000
2026-02-01,2026,Salud,Clínica Oriente,Cirugías de urgencia,1721250
2026-02-01,2026,Salud,Clínica Oriente,Cirugías programadas,5163750
2026-02-01,2026,Salud,Clínica Oriente,Días cama,9103500
2026-02-01,2026,Salud,Clínica Oriente,Medicamentos facturados,3901500
2026-02-01,2026,Salud,Clínica Oriente,Pacientes Fonasa,4475250
2026-02-01,2026,Salud,Clínica Oriente,Pacientes Isapre,5469750
2026-03-01,2026,Salud,Clínica Oriente,Cirugías de urgencia,2025000
2026-03-01,2026,Salud,Clínica Oriente,Cirugías programadas,6075000
2026-03-01,2026,Salud,Clínica Oriente,Días cama,10710000
2026-03-01,2026,Salud,Clínica Oriente,Medicamentos facturados,4590000
2026-03-01,2026,Salud,Clínica Oriente,Pacientes Fonasa,5265000
2026-03-01,2026,Salud,Clínica Oriente,Pacientes Isapre,6435000
2026-04-01,2026,Salud,Clínica Oriente,Cirugías de urgencia,2025000
2026-04-01,2026,Salud,Clínica Oriente,Cirugías programadas,6075000
2026-04-01,2026,Salud,Clínica Oriente,Días cama,10710000
2026-04-01,2026,Salud,Clínica Oriente,Medicamentos facturados,4590000
2026-04-01,2026,Salud,Clínica Oriente,Pacientes Fonasa,5265000
2026-04-01,2026,Salud,Clínica Oriente,Pacientes Isapre,6435000
2026-05-01,2026,Salud,Clínica Oriente,Cirugías de urgencia,2025000
2026-05-01,2026,Salud,Clínica Oriente,Cirugías programadas,6075000
2026-05-01,2026,Salud,Clínica Oriente,Días cama,10710000
2026-05-01,2026,Salud,Clínica Oriente,Medicamentos facturados,4590000
2026-05-01,2026,Salud,Clínica Oriente,Pacientes Fonasa,5265000
2026-05-01,2026,Salud,Clínica Oriente,Pacientes Isapre,6435000
2026-06-01,2026,Salud,Clínica Oriente,Cirugías de urgencia,2268000
2026-06-01,2026,Salud,Clínica Oriente,Cirugías programadas,6804000
2026-06-01,2026,Salud,Clínica Oriente,Días cama,11995200
2026-06-01,2026,Salud,Clínica Oriente,Medicamentos facturados,5140800
2026-06-01,2026,Salud,Clínica Oriente,Pacientes Fonasa,5896800
2026-06-01,2026,Salud,Clínica Oriente,Pacientes Isapre,7207200
2026-07-01,2026,Salud,Clínica Oriente,Cirugías de urgencia,2268000
2026-07-01,2026,Salud,Clínica Oriente,Cirugías programadas,6804000
2026-07-01,2026,Salud,Clínica Oriente,Días cama,11995200
2026-07-01,2026,Salud,Clínica Oriente,Medicamentos facturados,5140800
2026-07-01,2026,Salud,Clínica Oriente,Pacientes Fonasa,5896800
2026-07-01,2026,Salud,Clínica Oriente,Pacientes Isapre,7207200
2026-08-01,2026,Salud,Clínica Oriente,Cirugías de urgencia,2268000
2026-08-01,2026,Salud,Clínica Oriente,Cirugías programadas,6804000
2026-08-01,2026,Salud,Clínica Oriente,Días cama,11995200
2026-08-01,2026,Salud,Clínica Oriente,Medicamentos facturados,5140800
2026-08-01,2026,Salud,Clínica Oriente,Pacientes Fonasa,5896800
2026-08-01,2026,Salud,Clínica Oriente,Pacientes Isapre,7207200
2026-09-01,2026,Salud,Clínica Oriente,Cirugías de urgencia,2025000
2026-09-01,2026,Salud,Clínica Oriente,Cirugías programadas,6075000
2026-09-01,2026,Salud,Clínica Oriente,Días cama,10710000
2026-09-01,2026,Salud,Clínica Oriente,Medicamentos facturados,4590000
2026-09-01,2026,Salud,Clínica Oriente,Pacientes Fonasa,5265000
2026-09-01,2026,Salud,Clínica Oriente,Pacientes Isapre,6435000
2026-10-01,2026,Salud,Clínica Oriente,Cirugías de urgencia,2025000
2026-10-01,2026,Salud,Clínica Oriente,Cirugías programadas,6075000
2026-10-01,2026,Salud,Clínica Oriente,Días cama,10710000
2026-10-01,2026,Salud,Clínica Oriente,Medicamentos facturados,4590000
2026-10-01,2026,Salud,Clínica Oriente,Pacientes Fonasa,5265000
2026-10-01,2026,Salud,Clínica Oriente,Pacientes Isapre,6435000
2026-11-01,2026,Salud,Clínica Oriente,Cirugías de urgencia,2025000
2026-11-01,2026,Salud,Clínica Oriente,Cirugías programadas,6075000
2026-11-01,2026,Salud,Clínica Oriente,Días cama,10710000
2026-11-01,2026,Salud,Clínica Oriente,Medicamentos facturados,4590000
2026-11-01,2026,Salud,Clínica Oriente,Pacientes Fonasa,5265000
2026-11-01,2026,Salud,Clínica Oriente,Pacientes Isapre,6435000
2026-12-01,2026,Salud,Clínica Oriente,Cirugías de urgencia,2025000
2026-12-01,2026,Salud,Clínica Oriente,Cirugías programadas,6075000
2026-12-01,2026,Salud,Clínica Oriente,Días cama,10710000
2026-12-01,2026,Salud,Clínica Oriente,Medicamentos facturados,4590000
2026-12-01,2026,Salud,Clínica Oriente,Pacientes Fonasa,5265000
2026-12-01,2026,Salud,Clínica Oriente,Pacientes Isapre,6435000
2025-01-01,2025,Salud,Clínica Poniente,Cirugías de urgencia,857150
2025-01-01,2025,Salud,Clínica Poniente,Cirugías programadas,2571450
2025-01-01,2025,Salud,Clínica Poniente,Días cama,4533340
2025-01-01,2025,Salud,Clínica Poniente,Medicamentos facturados,1942860
2025-01-01,2025,Salud,Clínica Poniente,Pacientes Fonasa,2228580
2025-01-01,2025,Salud,Clínica Poniente,Pacientes Isapre,2723820
2025-02-01,2025,Salud,Clínica Poniente,Cirugías de urgencia,728550
2025-02-01,2025,Salud,Clínica Poniente,Cirugías programadas,2185650
2025-02-01,2025,Salud,Clínica Poniente,Días cama,3853360
2025-02-01,2025,Salud,Clínica Poniente,Medicamentos facturados,1651440
2025-02-01,2025,Salud,Clínica Poniente,Pacientes Fonasa,1894320
2025-02-01,2025,Salud,Clínica Poniente,Pacientes Isapre,2315280
2025-03-01,2025,Salud,Clínica Poniente,Cirugías de urgencia,857150
2025-03-01,2025,Salud,Clínica Poniente,Cirugías programadas,2571450
2025-03-01,2025,Salud,Clínica Poniente,Días cama,4533340
2025-03-01,2025,Salud,Clínica Poniente,Medicamentos facturados,1942860
2025-03-01,2025,Salud,Clínica Poniente,Pacientes Fonasa,2228580
2025-03-01,2025,Salud,Clínica Poniente,Pacientes Isapre,2723820
2025-04-01,2025,Salud,Clínica Poniente,Cirugías de urgencia,857150
2025-04-01,2025,Salud,Clínica Poniente,Cirugías programadas,2571450
2025-04-01,2025,Salud,Clínica Poniente,Días cama,4533340
2025-04-01,2025,Salud,Clínica Poniente,Medicamentos facturados,1942860
2025-04-01,2025,Salud,Clínica Poniente,Pacientes Fonasa,2228580
2025-04-01,2025,Salud,Clínica Poniente,Pacientes Isapre,2723820
2025-05-01,2025,Salud,Clínica Poniente,Cirugías de urgencia,857150
2025-05-01,2025,Salud,Clínica Poniente,Cirugías programadas,2571450
2025-05-01,2025,Salud,Clínica Poniente,Días cama,4533340
2025-05-01,2025,Salud,Clínica Poniente,Medicamentos facturados,1942860
2025-05-01,2025,Salud,Clínica Poniente,Pacientes Fonasa,2228580
2025-05-01,2025,Salud,Clínica Poniente,Pacientes Isapre,2723820
2025-06-01,2025,Salud,Clínica Poniente,Cirugías de urgencia,960000
2025-06-01,2025,Salud,Clínica Poniente,Cirugías programadas,2880000
2025-06-01,2025,Salud,Clínica Poniente,Días cama,5077380
2025-06-01,2025,Salud,Clínica Poniente,Medicamentos facturados,2176020
2025-06-01,2025,Salud,Clínica Poniente,Pacientes Fonasa,2495970
2025-06-01,2025,Salud,Clínica Poniente,Pacientes Isapre,3050630
2025-07-01,2025,Salud,Clínica Poniente,Cirugías de urgencia,960000
2025-07-01,2025,Salud,Clínica Poniente,Cirugías programadas,2880000
2025-07-01,2025,Salud,Clínica Poniente,Días cama,5077380
2025-07-01,2025,Salud,Clínica Poniente,Medicamentos facturados,2176020
2025-07-01,2025,Salud,Clínica Poniente,Pacientes Fonasa,2495970
2025-07-01,2025,Salud,Clínica Poniente,Pacientes Isapre,3050630
2025-08-01,2025,Salud,Clínica Poniente,Cirugías de urgencia,960000
2025-08-01,2025,Salud,Clínica Poniente,Cirugías programadas,2880000
2025-08-01,2025,Salud,Clínica Poniente,Días cama,5077380
2025-08-01,2025,Salud,Clínica Poniente,Medicamentos facturados,2176020
2025-08-01,2025,Salud,Clínica Poniente,Pacientes Fonasa,2495970
2025-08-01,2025,Salud,Clínica Poniente,Pacientes Isapre,3050630
2025-09-01,2025,Salud,Clínica Poniente,Cirugías de urgencia,857150
2025-09-01,2025,Salud,Clínica Poniente,Cirugías programadas,2571450
2025-09-01,2025,Salud,Clínica Poniente,Días cama,4533340
2025-09-01,2025,Salud,Clínica Poniente,Medicamentos facturados,1942860
2025-09-01,2025,Salud,Clínica Poniente,Pacientes Fonasa,2228580
2025-09-01,2025,Salud,Clínica Poniente,Pacientes Isapre,2723820
2025-10-01,2025,Salud,Clínica Poniente,Cirugías de urgencia,857150
2025-10-01,2025,Salud,Clínica Poniente,Cirugías programadas,2571450
2025-10-01,2025,Salud,Clínica Poniente,Días cama,4533340
2025-10-01,2025,Salud,Clínica Poniente,Medicamentos facturados,1942860
2025-10-01,2025,Salud,Clínica Poniente,Pacientes Fonasa,2228580
2025-10-01,2025,Salud,Clínica Poniente,Pacientes Isapre,2723820
2025-11-01,2025,Salud,Clínica Poniente,Cirugías de urgencia,857150
2025-11-01,2025,Salud,Clínica Poniente,Cirugías programadas,2571450
2025-11-01,2025,Salud,Clínica Poniente,Días cama,4533340
2025-11-01,2025,Salud,Clínica Poniente,Medicamentos facturados,1942860
2025-11-01,2025,Salud,Clínica Poniente,Pacientes Fonasa,2228580
2025-11-01,2025,Salud,Clínica Poniente,Pacientes Isapre,2723820
2025-12-01,2025,Salud,Clínica Poniente,Cirugías de urgencia,857150
2025-12-01,2025,Salud,Clínica Poniente,Cirugías programadas,2571450
2025-12-01,2025,Salud,Clínica Poniente,Días cama,4533340
2025-12-01,2025,Salud,Clínica Poniente,Medicamentos facturados,1942860
2025-12-01,2025,Salud,Clínica Poniente,Pacientes Fonasa,2228580
2025-12-01,2025,Salud,Clínica Poniente,Pacientes Isapre,2723820
2026-01-01,2026,Salud,Clínica Poniente,Cirugías de urgencia,900000
2026-01-01,2026,Salud,Clínica Poniente,Cirugías programadas,2700000
2026-01-01,2026,Salud,Clínica Poniente,Días cama,4760000
2026-01-01,2026,Salud,Clínica Poniente,Medicamentos facturados,2040000
2026-01-01,2026,Salud,Clínica Poniente,Pacientes Fonasa,2340000
2026-01-01,2026,Salud,Clínica Poniente,Pacientes Isapre,2860000
2026-02-01,2026,Salud,Clínica Poniente,Cirugías de urgencia,765000
2026-02-01,2026,Salud,Clínica Poniente,Cirugías programadas,2295000
2026-02-01,2026,Salud,Clínica Poniente,Días cama,4046000
2026-02-01,2026,Salud,Clínica Poniente,Medicamentos facturados,1734000
2026-02-01,2026,Salud,Clínica Poniente,Pacientes Fonasa,1989000
2026-02-01,2026,Salud,Clínica Poniente,Pacientes Isapre,2431000
2026-03-01,2026,Salud,Clínica Poniente,Cirugías de urgencia,900000
2026-03-01,2026,Salud,Clínica Poniente,Cirugías programadas,2700000
2026-03-01,2026,Salud,Clínica Poniente,Días cama,4760000
2026-03-01,2026,Salud,Clínica Poniente,Medicamentos facturados,2040000
2026-03-01,2026,Salud,Clínica Poniente,Pacientes Fonasa,2340000
2026-03-01,2026,Salud,Clínica Poniente,Pacientes Isapre,2860000
2026-04-01,2026,Salud,Clínica Poniente,Cirugías de urgencia,900000
2026-04-01,2026,Salud,Clínica Poniente,Cirugías programadas,2700000
2026-04-01,2026,Salud,Clínica Poniente,Días cama,4760000
2026-04-01,2026,Salud,Clínica Poniente,Medicamentos facturados,2040000
2026-04-01,2026,Salud,Clínica Poniente,Pacientes Fonasa,2340000
2026-04-01,2026,Salud,Clínica Poniente,Pacientes Isapre,2860000
2026-05-01,2026,Salud,Clínica Poniente,Cirugías de urgencia,900000
2026-05-01,2026,Salud,Clínica Poniente,Cirugías programadas,2700000
2026-05-01,2026,Salud,Clínica Poniente,Días cama,4760000
2026-05-01,2026,Salud,Clínica Poniente,Medicamentos facturados,2040000
2026-05-01,2026,Salud,Clínica Poniente,Pacientes Fonasa,2340000
2026-05-01,2026,Salud,Clínica Poniente,Pacientes Isapre,2860000
2026-06-01,2026,Salud,Clínica Poniente,Cirugías de urgencia,1008000
2026-06-01,2026,Salud,Clínica Poniente,Cirugías programadas,3024000
2026-06-01,2026,Salud,Clínica Poniente,Días cama,5331200
2026-06-01,2026,Salud,Clínica Poniente,Medicamentos facturados,2284800
2026-06-01,2026,Salud,Clínica Poniente,Pacientes Fonasa,2620800
2026-06-01,2026,Salud,Clínica Poniente,Pacientes Isapre,3203200
2026-07-01,2026,Salud,Clínica Poniente,Cirugías de urgencia,1008000
2026-07-01,2026,Salud,Clínica Poniente,Cirugías programadas,3024000
2026-07-01,2026,Salud,Clínica Poniente,Días cama,5331200
2026-07-01,2026,Salud,Clínica Poniente,Medicamentos facturados,2284800
2026-07-01,2026,Salud,Clínica Poniente,Pacientes Fonasa,2620800
2026-07-01,2026,Salud,Clínica Poniente,Pacientes Isapre,3203200
2026-08-01,2026,Salud,Clínica Poniente,Cirugías de urgencia,1008000
2026-08-01,2026,Salud,Clínica Poniente,Cirugías programadas,3024000
2026-08-01,2026,Salud,Clínica Poniente,Días cama,5331200
2026-08-01,2026,Salud,Clínica Poniente,Medicamentos facturados,2284800
2026-08-01,2026,Salud,Clínica Poniente,Pacientes Fonasa,2620800
2026-08-01,2026,Salud,Clínica Poniente,Pacientes Isapre,3203200
2026-09-01,2026,Salud,Clínica Poniente,Cirugías de urgencia,900000
2026-09-01,2026,Salud,Clínica Poniente,Cirugías programadas,2700000
2026-09-01,2026,Salud,Clínica Poniente,Días cama,4760000
2026-09-01,2026,Salud,Clínica Poniente,Medicamentos facturados,2040000
2026-09-01,2026,Salud,Clínica Poniente,Pacientes Fonasa,2340000
2026-09-01,2026,Salud,Clínica Poniente,Pacientes Isapre,2860000
2026-10-01,2026,Salud,Clínica Poniente,Cirugías de urgencia,900000
2026-10-01,2026,Salud,Clínica Poniente,Cirugías programadas,2700000
2026-10-01,2026,Salud,Clínica Poniente,Días cama,4760000
2026-10-01,2026,Salud,Clínica Poniente,Medicamentos facturados,2040000
2026-10-01,2026,Salud,Clínica Poniente,Pacientes Fonasa,2340000
2026-10-01,2026,Salud,Clínica Poniente,Pacientes Isapre,2860000
2026-11-01,2026,Salud,Clínica Poniente,Cirugías de urgencia,900000
2026-11-01,2026,Salud,Clínica Poniente,Cirugías programadas,2700000
2026-11-01,2026,Salud,Clínica Poniente,Días cama,4760000
2026-11-01,2026,Salud,Clínica Poniente,Medicamentos facturados,2040000
2026-11-01,2026,Salud,Clínica Poniente,Pacientes Fonasa,2340000
2026-11-01,2026,Salud,Clínica Poniente,Pacientes Isapre,2860000
2026-12-01,2026,Salud,Clínica Poniente,Cirugías de urgencia,900000
2026-12-01,2026,Salud,Clínica Poniente,Cirugías programadas,2700000
2026-12-01,2026,Salud,Clínica Poniente,Días cama,4760000
2026-12-01,2026,Salud,Clínica Poniente,Medicamentos facturados,2040000
2026-12-01,2026,Salud,Clínica Poniente,Pacientes Fonasa,2340000
2026-12-01,2026,Salud,Clínica Poniente,Pacientes Isapre,2860000
