fecha,anio,mes,sucursal,especialidad,horas_box,horas_ofertadas,horas_agendadas,consultas_agendadas,consultas_realizadas,inasistencias,lista_espera,dias_tercer_cupo
2025-01-01,2025,1,Clínica Oriente,Medicina general,1518,1130,995,3980,3476,504,1152,11
2025-01-01,2025,1,Clínica Oriente,Pediatría,1012,767,667,2667,2363,304,871,7
2025-01-01,2025,1,Clínica Oriente,Traumatología,1012,825,733,2198,1910,288,756,13
2025-01-01,2025,1,Clínica Oriente,Ginecología,759,556,491,1473,1327,146,485,15
2025-01-01,2025,1,Clínica Oriente,Oftalmología,506,400,373,1118,963,155,504,39
2025-01-01,2025,1,Clínica Oriente,Dermatología,506,369,335,1006,767,239,268,10
2025-01-01,2025,1,Clínica Oriente,Cardiología,506,390,327,654,576,78,249,8
2025-01-01,2025,1,Clínica Centro,Medicina general,1265,923,819,3275,2884,391,910,11
2025-01-01,2025,1,Clínica Centro,Pediatría,759,556,483,1932,1698,234,554,11
2025-01-01,2025,1,Clínica Centro,Traumatología,759,586,508,1523,1334,189,514,11
2025-01-01,2025,1,Clínica Centro,Ginecología,759,572,501,1502,1324,178,465,12
2025-01-01,2025,1,Clínica Centro,Oftalmología,506,366,339,1016,865,151,420,39
2025-01-01,2025,1,Clínica Centro,Dermatología,506,386,362,1087,779,308,284,8
2025-01-01,2025,1,Clínica Centro,Cardiología,506,374,328,655,564,91,250,14
2025-01-01,2025,1,Clínica Poniente,Medicina general,1518,1149,1030,4119,3652,467,1215,9
2025-01-01,2025,1,Clínica Poniente,Pediatría,759,547,487,1947,1735,212,610,14
2025-01-01,2025,1,Clínica Poniente,Traumatología,506,380,328,984,877,107,337,9
2025-01-01,2025,1,Clínica Poniente,Ginecología,506,374,329,987,871,116,333,12
2025-01-01,2025,1,Clínica Poniente,Oftalmología,253,193,176,527,451,76,336,37
2025-01-01,2025,1,Clínica Poniente,Dermatología,253,175,164,492,372,120,129,11
2025-01-01,2025,1,Clínica Poniente,Cardiología,253,184,160,320,289,31,119,13
2025-02-01,2025,2,Clínica Oriente,Medicina general,1320,835,739,2957,2595,362,1036,11
2025-02-01,2025,2,Clínica Oriente,Pediatría,880,559,507,2027,1803,224,691,13
2025-02-01,2025,2,Clínica Oriente,Traumatología,880,544,492,1476,1268,208,583,7
2025-02-01,2025,2,Clínica Oriente,Ginecología,660,426,376,1128,1005,123,349,12
2025-02-01,2025,2,Clínica Oriente,Oftalmología,440,258,246,739,629,110,538,40
2025-02-01,2025,2,Clínica Oriente,Dermatología,440,288,273,820,613,207,220,15
2025-02-01,2025,2,Clínica Oriente,Cardiología,440,268,236,473,427,46,149,9
2025-02-01,2025,2,Clínica Centro,Medicina general,1100,687,609,2435,2120,315,666,8
2025-02-01,2025,2,Clínica Centro,Pediatría,660,416,366,1465,1319,146,430,8
2025-02-01,2025,2,Clínica Centro,Traumatología,660,420,367,1100,974,126,350,12
2025-02-01,2025,2,Clínica Centro,Ginecología,660,435,377,1130,1006,124,441,10
2025-02-01,2025,2,Clínica Centro,Oftalmología,440,268,242,727,629,98,448,41
2025-02-01,2025,2,Clínica Centro,Dermatología,440,278,257,770,580,190,279,11
2025-02-01,2025,2,Clínica Centro,Cardiología,440,283,248,497,439,58,176,12
2025-02-01,2025,2,Clínica Poniente,Medicina general,1320,830,751,3003,2669,334,949,11
2025-02-01,2025,2,Clínica Poniente,Pediatría,660,396,352,1406,1266,140,384,10
2025-02-01,2025,2,Clínica Poniente,Traumatología,440,283,253,760,663,97,269,12
2025-02-01,2025,2,Clínica Poniente,Ginecología,440,286,244,731,638,93,217,12
2025-02-01,2025,2,Clínica Poniente,Oftalmología,220,135,126,378,339,39,358,37
2025-02-01,2025,2,Clínica Poniente,Dermatología,220,144,135,406,282,124,147,10
2025-02-01,2025,2,Clínica Poniente,Cardiología,220,132,119,238,208,30,91,10
2025-03-01,2025,3,Clínica Oriente,Medicina general,1386,1017,887,3547,3227,320,1359,7
2025-03-01,2025,3,Clínica Oriente,Pediatría,924,654,580,2322,2138,184,726,13
2025-03-01,2025,3,Clínica Oriente,Traumatología,924,634,564,1693,1513,180,448,10
2025-03-01,2025,3,Clínica Oriente,Ginecología,693,481,435,1304,1177,127,413,15
2025-03-01,2025,3,Clínica Oriente,Oftalmología,462,344,322,965,862,103,571,41
2025-03-01,2025,3,Clínica Oriente,Dermatología,462,315,288,865,691,174,241,7
2025-03-01,2025,3,Clínica Oriente,Cardiología,462,350,312,624,580,44,218,12
2025-03-01,2025,3,Clínica Centro,Medicina general,1155,837,746,2985,2694,291,885,9
2025-03-01,2025,3,Clínica Centro,Pediatría,693,544,480,1918,1776,142,520,12
2025-03-01,2025,3,Clínica Centro,Traumatología,693,507,461,1382,1240,142,390,10
2025-03-01,2025,3,Clínica Centro,Ginecología,693,505,452,1355,1236,119,454,7
2025-03-01,2025,3,Clínica Centro,Oftalmología,462,324,305,914,812,102,476,41
2025-03-01,2025,3,Clínica Centro,Dermatología,462,338,310,930,742,188,294,8
2025-03-01,2025,3,Clínica Centro,Cardiología,462,332,292,584,541,43,184,9
2025-03-01,2025,3,Clínica Poniente,Medicina general,1386,994,871,3483,3175,308,920,12
2025-03-01,2025,3,Clínica Poniente,Pediatría,693,508,461,1844,1711,133,703,9
2025-03-01,2025,3,Clínica Poniente,Traumatología,462,323,282,845,763,82,256,15
2025-03-01,2025,3,Clínica Poniente,Ginecología,462,339,293,878,816,62,260,9
2025-03-01,2025,3,Clínica Poniente,Oftalmología,231,164,154,462,423,39,381,41
2025-03-01,2025,3,Clínica Poniente,Dermatología,231,175,158,474,379,95,164,10
2025-03-01,2025,3,Clínica Poniente,Cardiología,231,165,144,287,261,26,80,8
2025-04-01,2025,4,Clínica Oriente,Medicina general,1452,1072,976,3906,3551,355,1179,13
2025-04-01,2025,4,Clínica Oriente,Pediatría,968,691,593,2372,2183,189,609,11
2025-04-01,2025,4,Clínica Oriente,Traumatología,968,697,616,1849,1671,178,678,10
2025-04-01,2025,4,Clínica Oriente,Ginecología,726,530,454,1362,1238,124,499,10
2025-04-01,2025,4,Clínica Oriente,Oftalmología,484,355,330,989,877,112,605,41
2025-04-01,2025,4,Clínica Oriente,Dermatología,484,382,360,1079,892,187,358,8
2025-04-01,2025,4,Clínica Oriente,Cardiología,484,355,312,625,579,46,190,13
2025-04-01,2025,4,Clínica Centro,Medicina general,1210,882,792,3169,2887,282,1225,6
2025-04-01,2025,4,Clínica Centro,Pediatría,726,544,482,1930,1770,160,688,9
2025-04-01,2025,4,Clínica Centro,Traumatología,726,549,502,1507,1365,142,568,8
2025-04-01,2025,4,Clínica Centro,Ginecología,726,524,452,1357,1229,128,448,11
2025-04-01,2025,4,Clínica Centro,Oftalmología,484,365,347,1042,906,136,504,41
2025-04-01,2025,4,Clínica Centro,Dermatología,484,349,316,948,768,180,317,13
2025-04-01,2025,4,Clínica Centro,Cardiología,484,345,306,611,562,49,212,11
2025-04-01,2025,4,Clínica Poniente,Medicina general,1452,1033,921,3685,3332,353,1264,14
2025-04-01,2025,4,Clínica Poniente,Pediatría,726,552,498,1990,1802,188,530,6
2025-04-01,2025,4,Clínica Poniente,Traumatología,484,363,318,954,854,100,337,10
2025-04-01,2025,4,Clínica Poniente,Ginecología,484,362,304,913,821,92,237,7
2025-04-01,2025,4,Clínica Poniente,Oftalmología,242,173,162,485,426,59,403,43
2025-04-01,2025,4,Clínica Poniente,Dermatología,242,174,161,484,373,111,146,9
2025-04-01,2025,4,Clínica Poniente,Cardiología,242,190,168,336,317,19,116,12
2025-05-01,2025,5,Clínica Oriente,Medicina general,1452,1081,944,3778,3421,357,1229,14
2025-05-01,2025,5,Clínica Oriente,Pediatría,968,711,615,2461,2226,235,724,13
2025-05-01,2025,5,Clínica Oriente,Traumatología,968,749,660,1981,1776,205,541,13
2025-05-01,2025,5,Clínica Oriente,Ginecología,726,524,455,1366,1254,112,452,12
2025-05-01,2025,5,Clínica Oriente,Oftalmología,484,354,330,991,875,116,638,44
2025-05-01,2025,5,Clínica Oriente,Dermatología,484,361,334,1001,810,191,262,11
2025-05-01,2025,5,Clínica Oriente,Cardiología,484,364,328,656,600,56,214,11
2025-05-01,2025,5,Clínica Centro,Medicina general,1210,889,790,3160,2867,293,886,12
2025-05-01,2025,5,Clínica Centro,Pediatría,726,565,488,1953,1768,185,544,10
2025-05-01,2025,5,Clínica Centro,Traumatología,726,551,479,1436,1306,130,547,8
2025-05-01,2025,5,Clínica Centro,Ginecología,726,539,459,1377,1264,113,524,9
2025-05-01,2025,5,Clínica Centro,Oftalmología,484,354,330,991,882,109,532,45
2025-05-01,2025,5,Clínica Centro,Dermatología,484,363,337,1010,783,227,289,11
2025-05-01,2025,5,Clínica Centro,Cardiología,484,358,319,638,572,66,212,13
2025-05-01,2025,5,Clínica Poniente,Medicina general,1452,1024,895,3581,3255,326,983,8
2025-05-01,2025,5,Clínica Poniente,Pediatría,726,545,472,1886,1715,171,685,9
2025-05-01,2025,5,Clínica Poniente,Traumatología,484,352,320,959,864,95,312,15
2025-05-01,2025,5,Clínica Poniente,Ginecología,484,369,327,981,888,93,358,15
2025-05-01,2025,5,Clínica Poniente,Oftalmología,242,175,158,475,416,59,426,41
2025-05-01,2025,5,Clínica Poniente,Dermatología,242,177,175,524,423,101,205,10
2025-05-01,2025,5,Clínica Poniente,Cardiología,242,179,156,311,292,19,82,12
2025-06-01,2025,6,Clínica Oriente,Medicina general,1386,946,830,3321,3021,300,959,11
2025-06-01,2025,6,Clínica Oriente,Pediatría,924,657,576,2305,2102,203,711,17
2025-06-01,2025,6,Clínica Oriente,Traumatología,924,674,581,1744,1577,167,526,6
2025-06-01,2025,6,Clínica Oriente,Ginecología,693,525,468,1404,1272,132,549,7
2025-06-01,2025,6,Clínica Oriente,Oftalmología,462,341,314,943,829,114,672,43
2025-06-01,2025,6,Clínica Oriente,Dermatología,462,330,308,923,747,176,275,9
2025-06-01,2025,6,Clínica Oriente,Cardiología,462,348,308,615,569,46,232,12
2025-06-01,2025,6,Clínica Centro,Medicina general,1155,863,752,3009,2728,281,995,9
2025-06-01,2025,6,Clínica Centro,Pediatría,693,509,441,1763,1600,163,701,16
2025-06-01,2025,6,Clínica Centro,Traumatología,693,543,498,1494,1328,166,550,14
2025-06-01,2025,6,Clínica Centro,Ginecología,693,544,478,1433,1289,144,412,12
2025-06-01,2025,6,Clínica Centro,Oftalmología,462,357,337,1012,916,96,560,45
2025-06-01,2025,6,Clínica Centro,Dermatología,462,328,306,917,726,191,291,12
2025-06-01,2025,6,Clínica Centro,Cardiología,462,352,312,624,576,48,204,9
2025-06-01,2025,6,Clínica Poniente,Medicina general,1386,1020,922,3687,3330,357,1236,9
2025-06-01,2025,6,Clínica Poniente,Pediatría,693,502,428,1712,1531,181,432,11
2025-06-01,2025,6,Clínica Poniente,Traumatología,462,337,296,889,798,91,230,13
2025-06-01,2025,6,Clínica Poniente,Ginecología,462,327,287,862,793,69,306,7
2025-06-01,2025,6,Clínica Poniente,Oftalmología,231,171,155,464,415,49,448,44
2025-06-01,2025,6,Clínica Poniente,Dermatología,231,169,161,482,376,106,159,10
2025-06-01,2025,6,Clínica Poniente,Cardiología,231,180,154,309,291,18,109,7
2025-07-01,2025,7,Clínica Oriente,Medicina general,1518,1143,958,3833,3470,363,1094,8
2025-07-01,2025,7,Clínica Oriente,Pediatría,1012,733,666,2665,2406,259,793,14
2025-07-01,2025,7,Clínica Oriente,Traumatología,1012,714,636,1908,1713,195,700,11
2025-07-01,2025,7,Clínica Oriente,Ginecología,759,567,504,1512,1387,125,500,15
2025-07-01,2025,7,Clínica Oriente,Oftalmología,506,377,352,1057,932,125,706,45
2025-07-01,2025,7,Clínica Oriente,Dermatología,506,379,355,1066,852,214,378,6
2025-07-01,2025,7,Clínica Oriente,Cardiología,506,355,316,631,586,45,166,8
2025-07-01,2025,7,Clínica Centro,Medicina general,1265,969,882,3526,3225,301,1053,6
2025-07-01,2025,7,Clínica Centro,Pediatría,759,529,455,1819,1633,186,690,21
2025-07-01,2025,7,Clínica Centro,Traumatología,759,529,450,1350,1196,154,418,7
2025-07-01,2025,7,Clínica Centro,Ginecología,759,559,497,1491,1342,149,550,15
2025-07-01,2025,7,Clínica Centro,Oftalmología,506,397,367,1100,984,116,588,48
2025-07-01,2025,7,Clínica Centro,Dermatología,506,365,325,974,767,207,330,8
2025-07-01,2025,7,Clínica Centro,Cardiología,506,367,320,639,578,61,172,13
2025-07-01,2025,7,Clínica Poniente,Medicina general,1518,1097,1002,4008,3629,379,1431,11
2025-07-01,2025,7,Clínica Poniente,Pediatría,759,586,505,2019,1825,194,541,19
2025-07-01,2025,7,Clínica Poniente,Traumatología,506,360,325,976,854,122,386,13
2025-07-01,2025,7,Clínica Poniente,Ginecología,506,383,342,1026,924,102,410,12
2025-07-01,2025,7,Clínica Poniente,Oftalmología,253,187,175,526,473,53,470,47
2025-07-01,2025,7,Clínica Poniente,Dermatología,253,189,175,525,422,103,157,8
2025-07-01,2025,7,Clínica Poniente,Cardiología,253,191,162,323,295,28,119,12
2025-08-01,2025,8,Clínica Oriente,Medicina general,1386,975,840,3362,3042,320,1148,9
2025-08-01,2025,8,Clínica Oriente,Pediatría,924,690,610,2440,2185,255,925,13
2025-08-01,2025,8,Clínica Oriente,Traumatología,924,682,594,1782,1630,152,525,7
2025-08-01,2025,8,Clínica Oriente,Ginecología,693,516,435,1304,1180,124,443,12
2025-08-01,2025,8,Clínica Oriente,Oftalmología,462,325,298,895,810,85,739,48
2025-08-01,2025,8,Clínica Oriente,Dermatología,462,350,325,976,782,194,249,12
2025-08-01,2025,8,Clínica Oriente,Cardiología,462,347,302,604,558,46,217,8
2025-08-01,2025,8,Clínica Centro,Medicina general,1155,846,758,3030,2737,293,1044,9
2025-08-01,2025,8,Clínica Centro,Pediatría,693,501,430,1719,1556,163,465,18
2025-08-01,2025,8,Clínica Centro,Traumatología,693,534,482,1445,1289,156,387,7
2025-08-01,2025,8,Clínica Centro,Ginecología,693,521,462,1387,1260,127,456,8
2025-08-01,2025,8,Clínica Centro,Oftalmología,462,349,323,969,870,99,616,45
2025-08-01,2025,8,Clínica Centro,Dermatología,462,335,312,935,728,207,234,12
2025-08-01,2025,8,Clínica Centro,Cardiología,462,338,307,614,572,42,215,7
2025-08-01,2025,8,Clínica Poniente,Medicina general,1386,1033,887,3547,3222,325,1216,10
2025-08-01,2025,8,Clínica Poniente,Pediatría,693,499,428,1710,1530,180,484,14
2025-08-01,2025,8,Clínica Poniente,Traumatología,462,353,318,955,880,75,281,11
2025-08-01,2025,8,Clínica Poniente,Ginecología,462,341,298,895,812,83,320,12
2025-08-01,2025,8,Clínica Poniente,Oftalmología,231,173,164,493,433,60,493,46
2025-08-01,2025,8,Clínica Poniente,Dermatología,231,176,162,487,400,87,174,7
2025-08-01,2025,8,Clínica Poniente,Cardiología,231,173,146,293,264,29,110,11
2025-09-01,2025,9,Clínica Oriente,Medicina general,1452,1069,928,3713,3386,327,1112,12
2025-09-01,2025,9,Clínica Oriente,Pediatría,968,723,642,2569,2355,214,1002,13
2025-09-01,2025,9,Clínica Oriente,Traumatología,968,723,628,1885,1709,176,633,9
2025-09-01,2025,9,Clínica Oriente,Ginecología,726,540,467,1401,1274,127,365,11
2025-09-01,2025,9,Clínica Oriente,Oftalmología,484,365,332,997,881,116,773,47
2025-09-01,2025,9,Clínica Oriente,Dermatología,484,359,338,1015,808,207,287,13
2025-09-01,2025,9,Clínica Oriente,Cardiología,484,367,302,603,559,44,225,15
2025-09-01,2025,9,Clínica Centro,Medicina general,1210,865,757,3029,2749,280,1055,7
2025-09-01,2025,9,Clínica Centro,Pediatría,726,512,437,1749,1607,142,599,10
2025-09-01,2025,9,Clínica Centro,Traumatología,726,553,476,1427,1292,135,435,9
2025-09-01,2025,9,Clínica Centro,Ginecología,726,536,472,1416,1288,128,511,10
2025-09-01,2025,9,Clínica Centro,Oftalmología,484,366,342,1027,919,108,644,49
2025-09-01,2025,9,Clínica Centro,Dermatología,484,367,336,1008,803,205,335,8
2025-09-01,2025,9,Clínica Centro,Cardiología,484,365,312,623,581,42,236,7
2025-09-01,2025,9,Clínica Poniente,Medicina general,1452,1017,906,3623,3274,349,1050,13
2025-09-01,2025,9,Clínica Poniente,Pediatría,726,527,472,1889,1738,151,581,8
2025-09-01,2025,9,Clínica Poniente,Traumatología,484,354,315,945,833,112,308,10
2025-09-01,2025,9,Clínica Poniente,Ginecología,484,361,320,960,886,74,246,13
2025-09-01,2025,9,Clínica Poniente,Oftalmología,242,180,166,497,442,55,515,48
2025-09-01,2025,9,Clínica Poniente,Dermatología,242,184,175,524,405,119,192,12
2025-09-01,2025,9,Clínica Poniente,Cardiología,242,169,146,292,269,23,75,11
2025-10-01,2025,10,Clínica Oriente,Medicina general,1518,1103,1009,4035,3682,353,1501,11
2025-10-01,2025,10,Clínica Oriente,Pediatría,1012,729,610,2441,2267,174,888,15
2025-10-01,2025,10,Clínica Oriente,Traumatología,1012,734,632,1896,1703,193,641,6
2025-10-01,2025,10,Clínica Oriente,Ginecología,759,566,501,1502,1391,111,528,8
2025-10-01,2025,10,Clínica Oriente,Oftalmología,506,348,317,951,824,127,806,50
2025-10-01,2025,10,Clínica Oriente,Dermatología,506,396,369,1107,874,233,389,13
2025-10-01,2025,10,Clínica Oriente,Cardiología,506,379,347,694,631,63,223,9
2025-10-01,2025,10,Clínica Centro,Medicina general,1265,950,842,3366,3077,289,1160,11
2025-10-01,2025,10,Clínica Centro,Pediatría,759,565,494,1976,1813,163,588,9
2025-10-01,2025,10,Clínica Centro,Traumatología,759,572,502,1505,1338,167,437,10
2025-10-01,2025,10,Clínica Centro,Ginecología,759,572,496,1488,1379,109,464,8
2025-10-01,2025,10,Clínica Centro,Oftalmología,506,359,345,1034,918,116,672,50
2025-10-01,2025,10,Clínica Centro,Dermatología,506,391,360,1079,845,234,286,7
2025-10-01,2025,10,Clínica Centro,Cardiología,506,378,338,677,629,48,172,10
2025-10-01,2025,10,Clínica Poniente,Medicina general,1518,1083,974,3898,3549,349,1373,9
2025-10-01,2025,10,Clínica Poniente,Pediatría,759,551,497,1989,1802,187,653,8
2025-10-01,2025,10,Clínica Poniente,Traumatología,506,381,332,997,902,95,382,14
2025-10-01,2025,10,Clínica Poniente,Ginecología,506,376,334,1002,917,85,276,8
2025-10-01,2025,10,Clínica Poniente,Oftalmología,253,184,176,527,460,67,538,48
2025-10-01,2025,10,Clínica Poniente,Dermatología,253,197,185,555,451,104,170,7
2025-10-01,2025,10,Clínica Poniente,Cardiología,253,188,166,332,304,28,114,14
2025-11-01,2025,11,Clínica Oriente,Medicina general,1320,975,838,3351,3029,322,1054,13
2025-11-01,2025,11,Clínica Oriente,Pediatría,880,632,547,2189,2009,180,851,8
2025-11-01,2025,11,Clínica Oriente,Traumatología,880,684,615,1844,1663,181,571,13
2025-11-01,2025,11,Clínica Oriente,Ginecología,660,508,446,1337,1250,87,395,9
2025-11-01,2025,11,Clínica Oriente,Oftalmología,440,322,302,905,787,118,840,49
2025-11-01,2025,11,Clínica Oriente,Dermatología,440,332,300,901,714,187,300,14
2025-11-01,2025,11,Clínica Oriente,Cardiología,440,338,298,597,548,49,181,7
2025-11-01,2025,11,Clínica Centro,Medicina general,1100,809,711,2844,2590,254,877,8
2025-11-01,2025,11,Clínica Centro,Pediatría,660,501,430,1722,1583,139,655,12
2025-11-01,2025,11,Clínica Centro,Traumatología,660,486,429,1286,1147,139,510,7
2025-11-01,2025,11,Clínica Centro,Ginecología,660,477,435,1306,1195,111,425,10
2025-11-01,2025,11,Clínica Centro,Oftalmología,440,324,302,907,808,99,700,50
2025-11-01,2025,11,Clínica Centro,Dermatología,440,317,294,882,702,180,266,9
2025-11-01,2025,11,Clínica Centro,Cardiología,440,329,286,573,531,42,227,11
2025-11-01,2025,11,Clínica Poniente,Medicina general,1320,1029,887,3548,3224,324,1213,6
2025-11-01,2025,11,Clínica Poniente,Pediatría,660,480,422,1688,1547,141,605,7
2025-11-01,2025,11,Clínica Poniente,Traumatología,440,316,280,841,777,64,298,7
2025-11-01,2025,11,Clínica Poniente,Ginecología,440,316,281,844,763,81,301,8
2025-11-01,2025,11,Clínica Poniente,Oftalmología,220,169,155,465,412,53,560,52
2025-11-01,2025,11,Clínica Poniente,Dermatología,220,170,155,465,368,97,124,10
2025-11-01,2025,11,Clínica Poniente,Cardiología,220,160,138,277,251,26,85,13
2025-12-01,2025,12,Clínica Oriente,Medicina general,1518,1125,973,3891,3517,374,1332,6
2025-12-01,2025,12,Clínica Oriente,Pediatría,1012,758,678,2711,2505,206,1050,13
2025-12-01,2025,12,Clínica Oriente,Traumatología,1012,777,674,2023,1833,190,696,14
2025-12-01,2025,12,Clínica Oriente,Ginecología,759,547,479,1438,1306,132,520,14
2025-12-01,2025,12,Clínica Oriente,Oftalmología,506,363,334,1003,878,125,874,52
2025-12-01,2025,12,Clínica Oriente,Dermatología,506,367,340,1021,816,205,391,9
2025-12-01,2025,12,Clínica Oriente,Cardiología,506,356,318,637,587,50,162,15
2025-12-01,2025,12,Clínica Centro,Medicina general,1265,940,817,3269,2972,297,1194,11
2025-12-01,2025,12,Clínica Centro,Pediatría,759,567,502,2009,1839,170,600,12
2025-12-01,2025,12,Clínica Centro,Traumatología,759,534,473,1419,1291,128,440,10
2025-12-01,2025,12,Clínica Centro,Ginecología,759,546,472,1416,1278,138,426,13
2025-12-01,2025,12,Clínica Centro,Oftalmología,506,373,337,1010,908,102,728,52
2025-12-01,2025,12,Clínica Centro,Dermatología,506,378,343,1029,811,218,269,14
2025-12-01,2025,12,Clínica Centro,Cardiología,506,391,337,674,624,50,228,10
2025-12-01,2025,12,Clínica Poniente,Medicina general,1518,1131,964,3854,3502,352,1207,15
2025-12-01,2025,12,Clínica Poniente,Pediatría,759,566,490,1961,1778,183,711,13
2025-12-01,2025,12,Clínica Poniente,Traumatología,506,380,332,997,899,98,320,8
2025-12-01,2025,12,Clínica Poniente,Ginecología,506,407,365,1095,992,103,321,7
2025-12-01,2025,12,Clínica Poniente,Oftalmología,253,180,161,483,430,53,582,51
2025-12-01,2025,12,Clínica Poniente,Dermatología,253,190,179,536,422,114,143,8
2025-12-01,2025,12,Clínica Poniente,Cardiología,253,186,162,324,300,24,103,13
2026-01-01,2026,1,Clínica Oriente,Medicina general,1452,1060,954,3818,3348,470,1098,10
2026-01-01,2026,1,Clínica Oriente,Pediatría,968,726,634,2538,2282,256,888,8
2026-01-01,2026,1,Clínica Oriente,Traumatología,968,678,589,1766,1566,200,594,11
2026-01-01,2026,1,Clínica Oriente,Ginecología,726,555,484,1453,1301,152,533,13
2026-01-01,2026,1,Clínica Oriente,Oftalmología,484,366,340,1020,877,143,907,55
2026-01-01,2026,1,Clínica Oriente,Dermatología,484,363,331,992,783,209,301,12
2026-01-01,2026,1,Clínica Oriente,Cardiología,484,348,299,598,526,72,236,7
2026-01-01,2026,1,Clínica Centro,Medicina general,1210,893,769,3075,2683,392,1018,8
2026-01-01,2026,1,Clínica Centro,Pediatría,726,540,461,1845,1644,201,682,12
2026-01-01,2026,1,Clínica Centro,Traumatología,726,548,493,1479,1290,189,409,12
2026-01-01,2026,1,Clínica Centro,Ginecología,726,560,497,1490,1314,176,447,13
2026-01-01,2026,1,Clínica Centro,Oftalmología,484,369,343,1030,889,141,756,55
2026-01-01,2026,1,Clínica Centro,Dermatología,484,364,337,1010,764,246,270,14
2026-01-01,2026,1,Clínica Centro,Cardiología,484,346,303,606,549,57,181,8
2026-01-01,2026,1,Clínica Poniente,Medicina general,1452,1090,914,3657,3212,445,1232,15
2026-01-01,2026,1,Clínica Poniente,Pediatría,726,544,494,1976,1757,219,573,12
2026-01-01,2026,1,Clínica Poniente,Traumatología,484,368,323,970,840,130,293,10
2026-01-01,2026,1,Clínica Poniente,Ginecología,484,353,310,930,822,108,307,9
2026-01-01,2026,1,Clínica Poniente,Oftalmología,242,171,155,465,409,56,605,55
2026-01-01,2026,1,Clínica Poniente,Dermatología,242,184,164,491,355,136,156,7
2026-01-01,2026,1,Clínica Poniente,Cardiología,242,184,164,328,295,33,129,7
2026-02-01,2026,2,Clínica Oriente,Medicina general,1320,823,744,2977,2605,372,943,15
2026-02-01,2026,2,Clínica Oriente,Pediatría,880,558,484,1934,1709,225,606,14
2026-02-01,2026,2,Clínica Oriente,Traumatología,880,512,458,1375,1183,192,362,8
2026-02-01,2026,2,Clínica Oriente,Ginecología,660,390,345,1036,908,128,408,13
2026-02-01,2026,2,Clínica Oriente,Oftalmología,440,277,262,786,671,115,941,57
2026-02-01,2026,2,Clínica Oriente,Dermatología,440,268,252,757,580,177,205,8
2026-02-01,2026,2,Clínica Oriente,Cardiología,440,263,227,454,398,56,116,13
2026-02-01,2026,2,Clínica Centro,Medicina general,1100,685,609,2436,2150,286,737,7
2026-02-01,2026,2,Clínica Centro,Pediatría,660,432,365,1461,1290,171,400,11
2026-02-01,2026,2,Clínica Centro,Traumatología,660,411,361,1083,950,133,363,7
2026-02-01,2026,2,Clínica Centro,Ginecología,660,413,363,1089,957,132,318,14
2026-02-01,2026,2,Clínica Centro,Oftalmología,440,282,249,746,647,99,784,53
2026-02-01,2026,2,Clínica Centro,Dermatología,440,279,265,796,608,188,269,10
2026-02-01,2026,2,Clínica Centro,Cardiología,440,269,240,479,427,52,145,9
2026-02-01,2026,2,Clínica Poniente,Medicina general,1320,885,777,3109,2732,377,798,14
2026-02-01,2026,2,Clínica Poniente,Pediatría,660,403,364,1457,1272,185,439,7
2026-02-01,2026,2,Clínica Poniente,Traumatología,440,280,244,731,629,102,221,12
2026-02-01,2026,2,Clínica Poniente,Ginecología,440,277,251,752,678,74,195,9
2026-02-01,2026,2,Clínica Poniente,Oftalmología,220,133,123,370,317,53,627,54
2026-02-01,2026,2,Clínica Poniente,Dermatología,220,130,122,366,294,72,106,12
2026-02-01,2026,2,Clínica Poniente,Cardiología,220,135,113,226,208,18,69,10
2026-03-01,2026,3,Clínica Oriente,Medicina general,1452,1115,969,3875,3506,369,1195,13
2026-03-01,2026,3,Clínica Oriente,Pediatría,968,718,645,2580,2368,212,1020,10
2026-03-01,2026,3,Clínica Oriente,Traumatología,968,727,639,1918,1709,209,621,9
2026-03-01,2026,3,Clínica Oriente,Ginecología,726,551,482,1447,1331,116,571,14
2026-03-01,2026,3,Clínica Oriente,Oftalmología,484,366,346,1039,928,111,974,57
2026-03-01,2026,3,Clínica Oriente,Dermatología,484,359,333,998,771,227,375,12
2026-03-01,2026,3,Clínica Oriente,Cardiología,484,355,322,643,595,48,237,8
2026-03-01,2026,3,Clínica Centro,Medicina general,1210,868,772,3088,2810,278,922,12
2026-03-01,2026,3,Clínica Centro,Pediatría,726,527,450,1801,1662,139,519,7
2026-03-01,2026,3,Clínica Centro,Traumatología,726,512,458,1374,1233,141,392,14
2026-03-01,2026,3,Clínica Centro,Ginecología,726,575,506,1517,1366,151,550,6
2026-03-01,2026,3,Clínica Centro,Oftalmología,484,355,330,990,867,123,812,55
2026-03-01,2026,3,Clínica Centro,Dermatología,484,350,329,988,764,224,333,8
2026-03-01,2026,3,Clínica Centro,Cardiología,484,355,298,596,549,47,227,7
2026-03-01,2026,3,Clínica Poniente,Medicina general,1452,1016,880,3519,3214,305,1105,6
2026-03-01,2026,3,Clínica Poniente,Pediatría,726,527,472,1890,1736,154,516,10
2026-03-01,2026,3,Clínica Poniente,Traumatología,484,374,324,971,882,89,285,10
2026-03-01,2026,3,Clínica Poniente,Ginecología,484,368,320,959,870,89,370,14
2026-03-01,2026,3,Clínica Poniente,Oftalmología,242,181,166,497,443,54,650,54
2026-03-01,2026,3,Clínica Poniente,Dermatología,242,181,169,506,392,114,134,12
2026-03-01,2026,3,Clínica Poniente,Cardiología,242,183,159,318,294,24,92,7
2026-04-01,2026,4,Clínica Oriente,Medicina general,1452,1037,906,3626,3272,354,1269,7
2026-04-01,2026,4,Clínica Oriente,Pediatría,968,725,654,2618,2397,221,1045,9
2026-04-01,2026,4,Clínica Oriente,Traumatología,968,730,643,1930,1733,197,488,14
2026-04-01,2026,4,Clínica Oriente,Ginecología,726,531,472,1415,1277,138,361,7
2026-04-01,2026,4,Clínica Oriente,Oftalmología,484,338,306,919,812,107,1008,56
2026-04-01,2026,4,Clínica Oriente,Dermatología,484,360,340,1020,812,208,262,14
2026-04-01,2026,4,Clínica Oriente,Cardiología,484,367,322,645,589,56,228,11
2026-04-01,2026,4,Clínica Centro,Medicina general,1210,902,789,3156,2879,277,930,13
2026-04-01,2026,4,Clínica Centro,Pediatría,726,493,441,1764,1611,153,591,14
2026-04-01,2026,4,Clínica Centro,Traumatología,726,492,426,1277,1159,118,433,9
2026-04-01,2026,4,Clínica Centro,Ginecología,726,531,483,1450,1323,127,518,11
2026-04-01,2026,4,Clínica Centro,Oftalmología,484,342,318,954,840,114,840,58
2026-04-01,2026,4,Clínica Centro,Dermatología,484,363,332,996,770,226,373,7
2026-04-01,2026,4,Clínica Centro,Cardiología,484,368,336,673,614,59,216,10
2026-04-01,2026,4,Clínica Poniente,Medicina general,1452,1105,986,3942,3566,376,1178,6
2026-04-01,2026,4,Clínica Poniente,Pediatría,726,552,489,1957,1806,151,584,9
2026-04-01,2026,4,Clínica Poniente,Traumatología,484,368,325,976,883,93,274,13
2026-04-01,2026,4,Clínica Poniente,Ginecología,484,347,302,905,823,82,242,7
2026-04-01,2026,4,Clínica Poniente,Oftalmología,242,174,159,476,422,54,672,57
2026-04-01,2026,4,Clínica Poniente,Dermatología,242,176,165,495,386,109,195,12
2026-04-01,2026,4,Clínica Poniente,Cardiología,242,176,155,310,279,31,114,9
2026-05-01,2026,5,Clínica Oriente,Medicina general,1386,1069,970,3878,3530,348,1280,8
2026-05-01,2026,5,Clínica Oriente,Pediatría,924,663,579,2315,2098,217,906,8
2026-05-01,2026,5,Clínica Oriente,Traumatología,924,673,604,1812,1636,176,723,8
2026-05-01,2026,5,Clínica Oriente,Ginecología,693,505,435,1306,1200,106,500,8
2026-05-01,2026,5,Clínica Oriente,Oftalmología,462,355,329,987,868,119,1042,59
2026-05-01,2026,5,Clínica Oriente,Dermatología,462,349,325,974,755,219,247,13
2026-05-01,2026,5,Clínica Oriente,Cardiología,462,348,312,625,576,49,163,8
2026-05-01,2026,5,Clínica Centro,Medicina general,1155,870,780,3120,2840,280,815,6
2026-05-01,2026,5,Clínica Centro,Pediatría,693,522,464,1858,1693,165,678,8
2026-05-01,2026,5,Clínica Centro,Traumatología,693,532,474,1423,1279,144,393,14
2026-05-01,2026,5,Clínica Centro,Ginecología,693,510,441,1322,1209,113,335,14
2026-05-01,2026,5,Clínica Centro,Oftalmología,462,340,317,952,848,104,868,60
2026-05-01,2026,5,Clínica Centro,Dermatología,462,329,313,940,720,220,278,8
2026-05-01,2026,5,Clínica Centro,Cardiología,462,357,318,635,594,41,248,15
2026-05-01,2026,5,Clínica Poniente,Medicina general,1386,1039,910,3639,3301,338,1330,12
2026-05-01,2026,5,Clínica Poniente,Pediatría,693,517,464,1858,1709,149,625,9
2026-05-01,2026,5,Clínica Poniente,Traumatología,462,338,298,895,806,89,333,14
2026-05-01,2026,5,Clínica Poniente,Ginecología,462,336,301,903,825,78,331,11
2026-05-01,2026,5,Clínica Poniente,Oftalmología,231,166,154,462,410,52,694,60
2026-05-01,2026,5,Clínica Poniente,Dermatología,231,174,161,483,374,109,166,11
2026-05-01,2026,5,Clínica Poniente,Cardiología,231,170,145,290,273,17,115,8
2026-06-01,2026,6,Clínica Oriente,Medicina general,1452,1090,940,3762,3427,335,984,13
2026-06-01,2026,6,Clínica Oriente,Pediatría,968,711,619,2477,2251,226,632,16
2026-06-01,2026,6,Clínica Oriente,Traumatología,968,728,645,1934,1721,213,726,13
2026-06-01,2026,6,Clínica Oriente,Ginecología,726,521,447,1342,1213,129,398,6
2026-06-01,2026,6,Clínica Oriente,Oftalmología,484,352,339,1016,904,112,1075,61
2026-06-01,2026,6,Clínica Oriente,Dermatología,484,368,339,1018,804,214,319,15
2026-06-01,2026,6,Clínica Oriente,Cardiología,484,363,318,635,580,55,222,8
2026-06-01,2026,6,Clínica Centro,Medicina general,1210,908,795,3181,2867,314,833,15
2026-06-01,2026,6,Clínica Centro,Pediatría,726,529,469,1876,1714,162,676,17
2026-06-01,2026,6,Clínica Centro,Traumatología,726,544,486,1458,1331,127,369,9
2026-06-01,2026,6,Clínica Centro,Ginecología,726,554,474,1423,1282,141,388,13
2026-06-01,2026,6,Clínica Centro,Oftalmología,484,351,326,978,860,118,896,60
2026-06-01,2026,6,Clínica Centro,Dermatología,484,348,330,990,776,214,317,7
2026-06-01,2026,6,Clínica Centro,Cardiología,484,361,318,636,584,52,207,13
2026-06-01,2026,6,Clínica Poniente,Medicina general,1452,1079,933,3732,3389,343,1431,15
2026-06-01,2026,6,Clínica Poniente,Pediatría,726,553,466,1862,1693,169,481,13
2026-06-01,2026,6,Clínica Poniente,Traumatología,484,349,306,917,822,95,292,12
2026-06-01,2026,6,Clínica Poniente,Ginecología,484,355,299,898,810,88,342,9
2026-06-01,2026,6,Clínica Poniente,Oftalmología,242,185,170,510,466,44,717,60
2026-06-01,2026,6,Clínica Poniente,Dermatología,242,173,158,473,383,90,132,15
2026-06-01,2026,6,Clínica Poniente,Cardiología,242,180,164,328,304,24,83,9
2026-07-01,2026,7,Clínica Oriente,Medicina general,1518,1178,1045,4180,3775,405,1553,12
2026-07-01,2026,7,Clínica Oriente,Pediatría,1012,791,705,2820,2530,290,871,21
2026-07-01,2026,7,Clínica Oriente,Traumatología,1012,772,665,1995,1817,178,795,11
2026-07-01,2026,7,Clínica Oriente,Ginecología,759,548,495,1484,1332,152,458,11
2026-07-01,2026,7,Clínica Oriente,Oftalmología,506,373,345,1034,905,129,1109,60
2026-07-01,2026,7,Clínica Oriente,Dermatología,506,381,349,1046,811,235,353,13
2026-07-01,2026,7,Clínica Oriente,Cardiología,506,388,348,695,649,46,221,7
2026-07-01,2026,7,Clínica Centro,Medicina general,1265,875,762,3046,2778,268,926,7
2026-07-01,2026,7,Clínica Centro,Pediatría,759,557,488,1950,1755,195,752,16
2026-07-01,2026,7,Clínica Centro,Traumatología,759,578,515,1546,1387,159,485,12
2026-07-01,2026,7,Clínica Centro,Ginecología,759,555,488,1463,1335,128,519,8
2026-07-01,2026,7,Clínica Centro,Oftalmología,506,338,308,924,812,112,924,63
2026-07-01,2026,7,Clínica Centro,Dermatología,506,365,335,1005,771,234,317,6
2026-07-01,2026,7,Clínica Centro,Cardiología,506,403,352,705,650,55,189,7
2026-07-01,2026,7,Clínica Poniente,Medicina general,1518,1150,1020,4078,3682,396,1367,8
2026-07-01,2026,7,Clínica Poniente,Pediatría,759,548,503,2013,1827,186,514,16
2026-07-01,2026,7,Clínica Poniente,Traumatología,506,358,310,929,843,86,282,12
2026-07-01,2026,7,Clínica Poniente,Ginecología,506,369,330,990,882,108,275,9
2026-07-01,2026,7,Clínica Poniente,Oftalmología,253,188,178,534,470,64,739,60
2026-07-01,2026,7,Clínica Poniente,Dermatología,253,184,171,513,398,115,140,12
2026-07-01,2026,7,Clínica Poniente,Cardiología,253,192,170,339,307,32,100,10
2026-08-01,2026,8,Clínica Oriente,Medicina general,1386,1010,855,3421,3132,289,1191,8
2026-08-01,2026,8,Clínica Oriente,Pediatría,924,671,565,2259,2026,233,681,17
2026-08-01,2026,8,Clínica Oriente,Traumatología,924,695,620,1859,1674,185,666,6
2026-08-01,2026,8,Clínica Oriente,Ginecología,693,520,468,1405,1279,126,531,14
2026-08-01,2026,8,Clínica Oriente,Oftalmología,462,363,352,1055,942,113,1142,62
2026-08-01,2026,8,Clínica Oriente,Dermatología,462,337,300,900,699,201,351,11
2026-08-01,2026,8,Clínica Oriente,Cardiología,462,346,312,625,574,51,222,7
2026-08-01,2026,8,Clínica Centro,Medicina general,1155,841,759,3036,2747,289,913,12
2026-08-01,2026,8,Clínica Centro,Pediatría,693,518,466,1863,1697,166,511,14
2026-08-01,2026,8,Clínica Centro,Traumatología,693,506,447,1341,1204,137,474,12
2026-08-01,2026,8,Clínica Centro,Ginecología,693,533,481,1444,1307,137,472,14
2026-08-01,2026,8,Clínica Centro,Oftalmología,462,347,332,995,869,126,952,61
2026-08-01,2026,8,Clínica Centro,Dermatología,462,337,315,945,752,193,361,9
2026-08-01,2026,8,Clínica Centro,Cardiología,462,336,304,608,568,40,162,8
2026-08-01,2026,8,Clínica Poniente,Medicina general,1386,1036,909,3636,3309,327,1363,12
2026-08-01,2026,8,Clínica Poniente,Pediatría,693,527,456,1822,1634,188,593,17
2026-08-01,2026,8,Clínica Poniente,Traumatología,462,322,280,841,755,86,333,11
2026-08-01,2026,8,Clínica Poniente,Ginecología,462,347,305,915,830,85,259,8
2026-08-01,2026,8,Clínica Poniente,Oftalmología,231,178,165,496,450,46,762,64
2026-08-01,2026,8,Clínica Poniente,Dermatología,231,173,158,473,379,94,177,7
2026-08-01,2026,8,Clínica Poniente,Cardiología,231,178,158,316,297,19,88,7
2026-09-01,2026,9,Clínica Oriente,Medicina general,1452,1078,946,3783,3433,350,1172,7
2026-09-01,2026,9,Clínica Oriente,Pediatría,968,698,623,2492,2270,222,863,15
2026-09-01,2026,9,Clínica Oriente,Traumatología,968,730,637,1911,1719,192,688,14
2026-09-01,2026,9,Clínica Oriente,Ginecología,726,562,487,1460,1326,134,434,15
2026-09-01,2026,9,Clínica Oriente,Oftalmología,484,367,331,992,882,110,1176,64
2026-09-01,2026,9,Clínica Oriente,Dermatología,484,358,335,1004,785,219,347,9
2026-09-01,2026,9,Clínica Oriente,Cardiología,484,368,332,665,610,55,204,14
2026-09-01,2026,9,Clínica Centro,Medicina general,1210,907,790,3160,2874,286,1249,14
2026-09-01,2026,9,Clínica Centro,Pediatría,726,512,459,1837,1688,149,461,11
2026-09-01,2026,9,Clínica Centro,Traumatología,726,512,452,1355,1211,144,518,8
2026-09-01,2026,9,Clínica Centro,Ginecología,726,552,471,1413,1293,120,544,10
2026-09-01,2026,9,Clínica Centro,Oftalmología,484,362,341,1022,909,113,980,63
2026-09-01,2026,9,Clínica Centro,Dermatología,484,366,329,987,789,198,389,15
2026-09-01,2026,9,Clínica Centro,Cardiología,484,352,310,621,553,68,173,12
2026-09-01,2026,9,Clínica Poniente,Medicina general,1452,998,842,3368,3062,306,1056,13
2026-09-01,2026,9,Clínica Poniente,Pediatría,726,546,468,1873,1726,147,628,11
2026-09-01,2026,9,Clínica Poniente,Traumatología,484,351,307,922,832,90,254,6
2026-09-01,2026,9,Clínica Poniente,Ginecología,484,344,302,906,829,77,314,15
2026-09-01,2026,9,Clínica Poniente,Oftalmología,242,189,175,526,467,59,784,63
2026-09-01,2026,9,Clínica Poniente,Dermatología,242,175,168,504,400,104,176,9
2026-09-01,2026,9,Clínica Poniente,Cardiología,242,181,160,319,296,23,95,6
