fecha,anio,mes,sucursal,unidad,origen,meta_minutos,examenes,examenes_en_meta,minutos_respuesta
2025-01-01,2025,1,Clínica Oriente,Laboratorio,Urgencia,60,10305,9529,391554
2025-01-01,2025,1,Clínica Oriente,Laboratorio,Hospitalizado,240,4188,3901,617450
2025-01-01,2025,1,Clínica Oriente,Laboratorio,Ambulatorio,1440,5053,4679,4481440
2025-01-01,2025,1,Clínica Oriente,Imagenología,Urgencia,120,2654,2464,187414
2025-01-01,2025,1,Clínica Oriente,Imagenología,Hospitalizado,480,565,536,169522
2025-01-01,2025,1,Clínica Oriente,Imagenología,Ambulatorio,2880,1263,1122,2530790
2025-01-01,2025,1,Clínica Centro,Laboratorio,Urgencia,60,9234,8484,356904
2025-01-01,2025,1,Clínica Centro,Laboratorio,Hospitalizado,240,3320,3095,453069
2025-01-01,2025,1,Clínica Centro,Laboratorio,Ambulatorio,1440,4243,3924,3802936
2025-01-01,2025,1,Clínica Centro,Imagenología,Urgencia,120,2397,2240,159573
2025-01-01,2025,1,Clínica Centro,Imagenología,Hospitalizado,480,445,415,135476
2025-01-01,2025,1,Clínica Centro,Imagenología,Ambulatorio,2880,1064,984,2006178
2025-01-01,2025,1,Clínica Poniente,Laboratorio,Urgencia,60,6983,6462,258656
2025-01-01,2025,1,Clínica Poniente,Laboratorio,Hospitalizado,240,2410,2238,362032
2025-01-01,2025,1,Clínica Poniente,Laboratorio,Ambulatorio,1440,3737,3438,3320923
2025-01-01,2025,1,Clínica Poniente,Imagenología,Urgencia,120,1892,1779,135238
2025-01-01,2025,1,Clínica Poniente,Imagenología,Hospitalizado,480,298,275,89494
2025-01-01,2025,1,Clínica Poniente,Imagenología,Ambulatorio,2880,905,810,1720215
2025-02-01,2025,2,Clínica Oriente,Laboratorio,Urgencia,60,9455,8730,358798
2025-02-01,2025,2,Clínica Oriente,Laboratorio,Hospitalizado,240,3724,3404,603416
2025-02-01,2025,2,Clínica Oriente,Laboratorio,Ambulatorio,1440,3614,3370,3068680
2025-02-01,2025,2,Clínica Oriente,Imagenología,Urgencia,120,2473,2287,171284
2025-02-01,2025,2,Clínica Oriente,Imagenología,Hospitalizado,480,493,441,158566
2025-02-01,2025,2,Clínica Oriente,Imagenología,Ambulatorio,2880,910,846,1625979
2025-02-01,2025,2,Clínica Centro,Laboratorio,Urgencia,60,7630,7036,285124
2025-02-01,2025,2,Clínica Centro,Laboratorio,Hospitalizado,240,3148,2883,491664
2025-02-01,2025,2,Clínica Centro,Laboratorio,Ambulatorio,1440,3148,2921,2910505
2025-02-01,2025,2,Clínica Centro,Imagenología,Urgencia,120,2020,1867,145206
2025-02-01,2025,2,Clínica Centro,Imagenología,Hospitalizado,480,445,413,127099
2025-02-01,2025,2,Clínica Centro,Imagenología,Ambulatorio,2880,761,686,1539993
2025-02-01,2025,2,Clínica Poniente,Laboratorio,Urgencia,60,6483,6102,226353
2025-02-01,2025,2,Clínica Poniente,Laboratorio,Hospitalizado,240,2167,2015,321658
2025-02-01,2025,2,Clínica Poniente,Laboratorio,Ambulatorio,1440,2791,2530,2609891
2025-02-01,2025,2,Clínica Poniente,Imagenología,Urgencia,120,1703,1595,120142
2025-02-01,2025,2,Clínica Poniente,Imagenología,Hospitalizado,480,279,260,80323
2025-02-01,2025,2,Clínica Poniente,Imagenología,Ambulatorio,2880,711,651,1388289
2025-03-01,2025,3,Clínica Oriente,Laboratorio,Urgencia,60,11049,10181,417862
2025-03-01,2025,3,Clínica Oriente,Laboratorio,Hospitalizado,240,4284,3938,665901
2025-03-01,2025,3,Clínica Oriente,Laboratorio,Ambulatorio,1440,4797,4402,4440137
2025-03-01,2025,3,Clínica Oriente,Imagenología,Urgencia,120,2974,2761,213258
2025-03-01,2025,3,Clínica Oriente,Imagenología,Hospitalizado,480,579,540,185640
2025-03-01,2025,3,Clínica Oriente,Imagenología,Ambulatorio,2880,1122,1024,2159451
2025-03-01,2025,3,Clínica Centro,Laboratorio,Urgencia,60,7995,7419,291170
2025-03-01,2025,3,Clínica Centro,Laboratorio,Hospitalizado,240,3403,3181,488602
2025-03-01,2025,3,Clínica Centro,Laboratorio,Ambulatorio,1440,4172,3850,3760942
2025-03-01,2025,3,Clínica Centro,Imagenología,Urgencia,120,2164,2035,151293
2025-03-01,2025,3,Clínica Centro,Imagenología,Hospitalizado,480,458,425,137842
2025-03-01,2025,3,Clínica Centro,Imagenología,Ambulatorio,2880,1021,924,1913669
2025-03-01,2025,3,Clínica Poniente,Laboratorio,Urgencia,60,7627,7042,285505
2025-03-01,2025,3,Clínica Poniente,Laboratorio,Hospitalizado,240,2436,2227,390346
2025-03-01,2025,3,Clínica Poniente,Laboratorio,Ambulatorio,1440,3528,3244,3304617
2025-03-01,2025,3,Clínica Poniente,Imagenología,Urgencia,120,1835,1708,132976
2025-03-01,2025,3,Clínica Poniente,Imagenología,Hospitalizado,480,306,282,89864
2025-03-01,2025,3,Clínica Poniente,Imagenología,Ambulatorio,2880,838,745,1645696
2025-04-01,2025,4,Clínica Oriente,Laboratorio,Urgencia,60,10274,9526,379937
2025-04-01,2025,4,Clínica Oriente,Laboratorio,Hospitalizado,240,4269,3876,672811
2025-04-01,2025,4,Clínica Oriente,Laboratorio,Ambulatorio,1440,5062,4716,4445042
2025-04-01,2025,4,Clínica Oriente,Imagenología,Urgencia,120,2634,2505,167625
2025-04-01,2025,4,Clínica Oriente,Imagenología,Hospitalizado,480,504,466,149887
2025-04-01,2025,4,Clínica Oriente,Imagenología,Ambulatorio,2880,1194,1093,2133671
2025-04-01,2025,4,Clínica Centro,Laboratorio,Urgencia,60,7788,7224,279514
2025-04-01,2025,4,Clínica Centro,Laboratorio,Hospitalizado,240,3338,3117,472568
2025-04-01,2025,4,Clínica Centro,Laboratorio,Ambulatorio,1440,4190,3749,4137231
2025-04-01,2025,4,Clínica Centro,Imagenología,Urgencia,120,2119,1979,146350
2025-04-01,2025,4,Clínica Centro,Imagenología,Hospitalizado,480,420,381,126784
2025-04-01,2025,4,Clínica Centro,Imagenología,Ambulatorio,2880,1057,972,2039563
2025-04-01,2025,4,Clínica Poniente,Laboratorio,Urgencia,60,6661,6151,248898
2025-04-01,2025,4,Clínica Poniente,Laboratorio,Hospitalizado,240,2423,2263,369592
2025-04-01,2025,4,Clínica Poniente,Laboratorio,Ambulatorio,1440,3540,3251,3286582
2025-04-01,2025,4,Clínica Poniente,Imagenología,Urgencia,120,1856,1750,127952
2025-04-01,2025,4,Clínica Poniente,Imagenología,Hospitalizado,480,311,288,90610
2025-04-01,2025,4,Clínica Poniente,Imagenología,Ambulatorio,2880,885,803,1652257
2025-05-01,2025,5,Clínica Oriente,Laboratorio,Urgencia,60,12035,10793,505809
2025-05-01,2025,5,Clínica Oriente,Laboratorio,Hospitalizado,240,4420,4022,723156
2025-05-01,2025,5,Clínica Oriente,Laboratorio,Ambulatorio,1440,5082,4592,5043949
2025-05-01,2025,5,Clínica Oriente,Imagenología,Urgencia,120,3015,2805,216887
2025-05-01,2025,5,Clínica Oriente,Imagenología,Hospitalizado,480,581,529,190336
2025-05-01,2025,5,Clínica Oriente,Imagenología,Ambulatorio,2880,1152,1058,2215391
2025-05-01,2025,5,Clínica Centro,Laboratorio,Urgencia,60,9026,8083,381127
2025-05-01,2025,5,Clínica Centro,Laboratorio,Hospitalizado,240,3610,3312,554893
2025-05-01,2025,5,Clínica Centro,Laboratorio,Ambulatorio,1440,4542,4017,4682370
2025-05-01,2025,5,Clínica Centro,Imagenología,Urgencia,120,2462,2069,254548
2025-05-01,2025,5,Clínica Centro,Imagenología,Hospitalizado,480,436,394,144333
2025-05-01,2025,5,Clínica Centro,Imagenología,Ambulatorio,2880,1056,970,2143244
2025-05-01,2025,5,Clínica Poniente,Laboratorio,Urgencia,60,8287,7620,318093
2025-05-01,2025,5,Clínica Poniente,Laboratorio,Hospitalizado,240,2480,2239,394492
2025-05-01,2025,5,Clínica Poniente,Laboratorio,Ambulatorio,1440,3528,3230,3294441
2025-05-01,2025,5,Clínica Poniente,Imagenología,Urgencia,120,2149,1998,159525
2025-05-01,2025,5,Clínica Poniente,Imagenología,Hospitalizado,480,312,284,102749
2025-05-01,2025,5,Clínica Poniente,Imagenología,Ambulatorio,2880,890,802,1747725
2025-06-01,2025,6,Clínica Oriente,Laboratorio,Urgencia,60,12973,11558,566790
2025-06-01,2025,6,Clínica Oriente,Laboratorio,Hospitalizado,240,4941,4380,880257
2025-06-01,2025,6,Clínica Oriente,Laboratorio,Ambulatorio,1440,4232,3794,4309516
2025-06-01,2025,6,Clínica Oriente,Imagenología,Urgencia,120,3537,3200,297581
2025-06-01,2025,6,Clínica Oriente,Imagenología,Hospitalizado,480,626,551,221554
2025-06-01,2025,6,Clínica Oriente,Imagenología,Ambulatorio,2880,1098,962,2369860
2025-06-01,2025,6,Clínica Centro,Laboratorio,Urgencia,60,10723,9542,471624
2025-06-01,2025,6,Clínica Centro,Laboratorio,Hospitalizado,240,3872,3368,729523
2025-06-01,2025,6,Clínica Centro,Laboratorio,Ambulatorio,1440,4102,3675,4058363
2025-06-01,2025,6,Clínica Centro,Imagenología,Urgencia,120,2773,2047,400027
2025-06-01,2025,6,Clínica Centro,Imagenología,Hospitalizado,480,487,428,170634
2025-06-01,2025,6,Clínica Centro,Imagenología,Ambulatorio,2880,1017,910,2250639
2025-06-01,2025,6,Clínica Poniente,Laboratorio,Urgencia,60,8923,8026,373954
2025-06-01,2025,6,Clínica Poniente,Laboratorio,Hospitalizado,240,2656,2341,485251
2025-06-01,2025,6,Clínica Poniente,Laboratorio,Ambulatorio,1440,3257,2865,3498792
2025-06-01,2025,6,Clínica Poniente,Imagenología,Urgencia,120,2488,2240,204396
2025-06-01,2025,6,Clínica Poniente,Imagenología,Hospitalizado,480,337,311,111661
2025-06-01,2025,6,Clínica Poniente,Imagenología,Ambulatorio,2880,881,783,1830744
2025-07-01,2025,7,Clínica Oriente,Laboratorio,Urgencia,60,14279,12228,703891
2025-07-01,2025,7,Clínica Oriente,Laboratorio,Hospitalizado,240,5152,4473,975694
2025-07-01,2025,7,Clínica Oriente,Laboratorio,Ambulatorio,1440,4967,4294,5726485
2025-07-01,2025,7,Clínica Oriente,Imagenología,Urgencia,120,3746,3400,304779
2025-07-01,2025,7,Clínica Oriente,Imagenología,Hospitalizado,480,672,596,253203
2025-07-01,2025,7,Clínica Oriente,Imagenología,Ambulatorio,2880,1155,990,2882389
2025-07-01,2025,7,Clínica Centro,Laboratorio,Urgencia,60,12706,11034,584927
2025-07-01,2025,7,Clínica Centro,Laboratorio,Hospitalizado,240,4478,3887,848037
2025-07-01,2025,7,Clínica Centro,Laboratorio,Ambulatorio,1440,4140,3679,4405679
2025-07-01,2025,7,Clínica Centro,Imagenología,Urgencia,120,3106,2092,521579
2025-07-01,2025,7,Clínica Centro,Imagenología,Hospitalizado,480,554,477,218376
2025-07-01,2025,7,Clínica Centro,Imagenología,Ambulatorio,2880,1161,1003,2870618
2025-07-01,2025,7,Clínica Poniente,Laboratorio,Urgencia,60,9643,8364,455342
2025-07-01,2025,7,Clínica Poniente,Laboratorio,Hospitalizado,240,3004,2647,530927
2025-07-01,2025,7,Clínica Poniente,Laboratorio,Ambulatorio,1440,4030,3537,4380985
2025-07-01,2025,7,Clínica Poniente,Imagenología,Urgencia,120,2598,2335,224793
2025-07-01,2025,7,Clínica Poniente,Imagenología,Hospitalizado,480,372,315,144271
2025-07-01,2025,7,Clínica Poniente,Imagenología,Ambulatorio,2880,948,812,2232220
2025-08-01,2025,8,Clínica Oriente,Laboratorio,Urgencia,60,12176,10784,546820
2025-08-01,2025,8,Clínica Oriente,Laboratorio,Hospitalizado,240,5053,4550,839311
2025-08-01,2025,8,Clínica Oriente,Laboratorio,Ambulatorio,1440,4736,4261,4762479
2025-08-01,2025,8,Clínica Oriente,Imagenología,Urgencia,120,3411,3057,292677
2025-08-01,2025,8,Clínica Oriente,Imagenología,Hospitalizado,480,672,608,226593
2025-08-01,2025,8,Clínica Oriente,Imagenología,Ambulatorio,2880,1167,1019,2637169
2025-08-01,2025,8,Clínica Centro,Laboratorio,Urgencia,60,10956,9546,512425
2025-08-01,2025,8,Clínica Centro,Laboratorio,Hospitalizado,240,4045,3582,727318
2025-08-01,2025,8,Clínica Centro,Laboratorio,Ambulatorio,1440,4157,3658,4478854
2025-08-01,2025,8,Clínica Centro,Imagenología,Urgencia,120,2800,1971,444462
2025-08-01,2025,8,Clínica Centro,Imagenología,Hospitalizado,480,515,440,198307
2025-08-01,2025,8,Clínica Centro,Imagenología,Ambulatorio,2880,1036,894,2493758
2025-08-01,2025,8,Clínica Poniente,Laboratorio,Urgencia,60,9602,8497,418871
2025-08-01,2025,8,Clínica Poniente,Laboratorio,Hospitalizado,240,2688,2364,498923
2025-08-01,2025,8,Clínica Poniente,Laboratorio,Ambulatorio,1440,3362,2999,3622269
2025-08-01,2025,8,Clínica Poniente,Imagenología,Urgencia,120,2452,2231,196207
2025-08-01,2025,8,Clínica Poniente,Imagenología,Hospitalizado,480,371,319,131974
2025-08-01,2025,8,Clínica Poniente,Imagenología,Ambulatorio,2880,810,704,1897403
2025-09-01,2025,9,Clínica Oriente,Laboratorio,Urgencia,60,11389,10291,455915
2025-09-01,2025,9,Clínica Oriente,Laboratorio,Hospitalizado,240,4526,4154,682832
2025-09-01,2025,9,Clínica Oriente,Laboratorio,Ambulatorio,1440,5154,4702,4795154
2025-09-01,2025,9,Clínica Oriente,Imagenología,Urgencia,120,3035,2785,231363
2025-09-01,2025,9,Clínica Oriente,Imagenología,Hospitalizado,480,550,513,171837
2025-09-01,2025,9,Clínica Oriente,Imagenología,Ambulatorio,2880,1171,1081,2217106
2025-09-01,2025,9,Clínica Centro,Laboratorio,Urgencia,60,8891,8112,352086
2025-09-01,2025,9,Clínica Centro,Laboratorio,Hospitalizado,240,3481,3173,552042
2025-09-01,2025,9,Clínica Centro,Laboratorio,Ambulatorio,1440,4126,3750,3897300
2025-09-01,2025,9,Clínica Centro,Imagenología,Urgencia,120,2352,2102,195406
2025-09-01,2025,9,Clínica Centro,Imagenología,Hospitalizado,480,431,401,133599
2025-09-01,2025,9,Clínica Centro,Imagenología,Ambulatorio,2880,1016,905,2039119
2025-09-01,2025,9,Clínica Poniente,Laboratorio,Urgencia,60,7407,6629,316648
2025-09-01,2025,9,Clínica Poniente,Laboratorio,Hospitalizado,240,2338,2150,347704
2025-09-01,2025,9,Clínica Poniente,Laboratorio,Ambulatorio,1440,3543,3286,3141803
2025-09-01,2025,9,Clínica Poniente,Imagenología,Urgencia,120,1949,1818,139126
2025-09-01,2025,9,Clínica Poniente,Imagenología,Hospitalizado,480,311,289,95489
2025-09-01,2025,9,Clínica Poniente,Imagenología,Ambulatorio,2880,845,770,1725392
2025-10-01,2025,10,Clínica Oriente,Laboratorio,Urgencia,60,10802,10020,402464
2025-10-01,2025,10,Clínica Oriente,Laboratorio,Hospitalizado,240,4177,3810,651421
2025-10-01,2025,10,Clínica Oriente,Laboratorio,Ambulatorio,1440,5195,4738,4965355
2025-10-01,2025,10,Clínica Oriente,Imagenología,Urgencia,120,2743,2572,193712
2025-10-01,2025,10,Clínica Oriente,Imagenología,Hospitalizado,480,533,504,157374
2025-10-01,2025,10,Clínica Oriente,Imagenología,Ambulatorio,2880,1303,1182,2410018
2025-10-01,2025,10,Clínica Centro,Laboratorio,Urgencia,60,8209,7579,306763
2025-10-01,2025,10,Clínica Centro,Laboratorio,Hospitalizado,240,3560,3291,508967
2025-10-01,2025,10,Clínica Centro,Laboratorio,Ambulatorio,1440,4462,4087,4128579
2025-10-01,2025,10,Clínica Centro,Imagenología,Urgencia,120,2241,2093,165002
2025-10-01,2025,10,Clínica Centro,Imagenología,Hospitalizado,480,465,431,140971
2025-10-01,2025,10,Clínica Centro,Imagenología,Ambulatorio,2880,1077,1009,1826486
2025-10-01,2025,10,Clínica Poniente,Laboratorio,Urgencia,60,7330,6777,278243
2025-10-01,2025,10,Clínica Poniente,Laboratorio,Hospitalizado,240,2425,2226,355993
2025-10-01,2025,10,Clínica Poniente,Laboratorio,Ambulatorio,1440,3831,3549,3519244
2025-10-01,2025,10,Clínica Poniente,Imagenología,Urgencia,120,1835,1697,128841
2025-10-01,2025,10,Clínica Poniente,Imagenología,Hospitalizado,480,298,273,90279
2025-10-01,2025,10,Clínica Poniente,Imagenología,Ambulatorio,2880,898,822,1802959
2025-11-01,2025,11,Clínica Oriente,Laboratorio,Urgencia,60,10078,9197,397968
2025-11-01,2025,11,Clínica Oriente,Laboratorio,Hospitalizado,240,4328,3974,671184
2025-11-01,2025,11,Clínica Oriente,Laboratorio,Ambulatorio,1440,4691,4353,4086253
2025-11-01,2025,11,Clínica Oriente,Imagenología,Urgencia,120,2575,2415,186526
2025-11-01,2025,11,Clínica Oriente,Imagenología,Hospitalizado,480,515,486,146978
2025-11-01,2025,11,Clínica Oriente,Imagenología,Ambulatorio,2880,1076,999,2003150
2025-11-01,2025,11,Clínica Centro,Laboratorio,Urgencia,60,7996,7474,288079
2025-11-01,2025,11,Clínica Centro,Laboratorio,Hospitalizado,240,3178,2926,478548
2025-11-01,2025,11,Clínica Centro,Laboratorio,Ambulatorio,1440,3762,3499,3348639
2025-11-01,2025,11,Clínica Centro,Imagenología,Urgencia,120,2174,2034,150740
2025-11-01,2025,11,Clínica Centro,Imagenología,Hospitalizado,480,399,357,127912
2025-11-01,2025,11,Clínica Centro,Imagenología,Ambulatorio,2880,915,840,1745789
2025-11-01,2025,11,Clínica Poniente,Laboratorio,Urgencia,60,6526,5998,246211
2025-11-01,2025,11,Clínica Poniente,Laboratorio,Hospitalizado,240,2313,2101,350455
2025-11-01,2025,11,Clínica Poniente,Laboratorio,Ambulatorio,1440,3171,2958,2786873
2025-11-01,2025,11,Clínica Poniente,Imagenología,Urgencia,120,1939,1821,139433
2025-11-01,2025,11,Clínica Poniente,Imagenología,Hospitalizado,480,282,260,86010
2025-11-01,2025,11,Clínica Poniente,Imagenología,Ambulatorio,2880,781,711,1463102
2025-12-01,2025,12,Clínica Oriente,Laboratorio,Urgencia,60,9174,8519,329478
2025-12-01,2025,12,Clínica Oriente,Laboratorio,Hospitalizado,240,4305,4009,603064
2025-12-01,2025,12,Clínica Oriente,Laboratorio,Ambulatorio,1440,5151,4814,4346054
2025-12-01,2025,12,Clínica Oriente,Imagenología,Urgencia,120,2527,2389,169780
2025-12-01,2025,12,Clínica Oriente,Imagenología,Hospitalizado,480,557,513,174408
2025-12-01,2025,12,Clínica Oriente,Imagenología,Ambulatorio,2880,1251,1147,2361923
2025-12-01,2025,12,Clínica Centro,Laboratorio,Urgencia,60,7886,7322,292112
2025-12-01,2025,12,Clínica Centro,Laboratorio,Hospitalizado,240,3744,3445,571365
2025-12-01,2025,12,Clínica Centro,Laboratorio,Ambulatorio,1440,4464,4160,3763599
2025-12-01,2025,12,Clínica Centro,Imagenología,Urgencia,120,2237,2092,155130
2025-12-01,2025,12,Clínica Centro,Imagenología,Hospitalizado,480,458,435,126921
2025-12-01,2025,12,Clínica Centro,Imagenología,Ambulatorio,2880,1043,946,2026354
2025-12-01,2025,12,Clínica Poniente,Laboratorio,Urgencia,60,7107,6405,286805
2025-12-01,2025,12,Clínica Poniente,Laboratorio,Hospitalizado,240,2377,2173,365007
2025-12-01,2025,12,Clínica Poniente,Laboratorio,Ambulatorio,1440,3800,3507,3458740
2025-12-01,2025,12,Clínica Poniente,Imagenología,Urgencia,120,1859,1779,113594
2025-12-01,2025,12,Clínica Poniente,Imagenología,Hospitalizado,480,302,274,87950
2025-12-01,2025,12,Clínica Poniente,Imagenología,Ambulatorio,2880,930,858,1795020
2026-01-01,2026,1,Clínica Oriente,Laboratorio,Urgencia,60,10008,9278,371942
2026-01-01,2026,1,Clínica Oriente,Laboratorio,Hospitalizado,240,4356,3989,657309
2026-01-01,2026,1,Clínica Oriente,Laboratorio,Ambulatorio,1440,4826,4434,4387478
2026-01-01,2026,1,Clínica Oriente,Imagenología,Urgencia,120,2876,2680,195600
2026-01-01,2026,1,Clínica Oriente,Imagenología,Hospitalizado,480,535,504,156068
2026-01-01,2026,1,Clínica Oriente,Imagenología,Ambulatorio,2880,1200,1089,2275389
2026-01-01,2026,1,Clínica Centro,Laboratorio,Urgencia,60,8786,8143,323242
2026-01-01,2026,1,Clínica Centro,Laboratorio,Hospitalizado,240,3400,3116,537239
2026-01-01,2026,1,Clínica Centro,Laboratorio,Ambulatorio,1440,4192,3895,3665973
2026-01-01,2026,1,Clínica Centro,Imagenología,Urgencia,120,2412,2293,154704
2026-01-01,2026,1,Clínica Centro,Imagenología,Hospitalizado,480,463,415,148965
2026-01-01,2026,1,Clínica Centro,Imagenología,Ambulatorio,2880,1013,926,2005100
2026-01-01,2026,1,Clínica Poniente,Laboratorio,Urgencia,60,6966,6273,280855
2026-01-01,2026,1,Clínica Poniente,Laboratorio,Hospitalizado,240,2394,2233,339090
2026-01-01,2026,1,Clínica Poniente,Laboratorio,Ambulatorio,1440,3387,3046,3358773
2026-01-01,2026,1,Clínica Poniente,Imagenología,Urgencia,120,1835,1734,125273
2026-01-01,2026,1,Clínica Poniente,Imagenología,Hospitalizado,480,300,287,87642
2026-01-01,2026,1,Clínica Poniente,Imagenología,Ambulatorio,2880,866,808,1663102
2026-02-01,2026,2,Clínica Oriente,Laboratorio,Urgencia,60,9728,8981,358814
2026-02-01,2026,2,Clínica Oriente,Laboratorio,Hospitalizado,240,3965,3657,596392
2026-02-01,2026,2,Clínica Oriente,Laboratorio,Ambulatorio,1440,3603,3262,3565899
2026-02-01,2026,2,Clínica Oriente,Imagenología,Urgencia,120,2447,2290,163064
2026-02-01,2026,2,Clínica Oriente,Imagenología,Hospitalizado,480,495,453,151938
2026-02-01,2026,2,Clínica Oriente,Imagenología,Ambulatorio,2880,868,792,1688096
2026-02-01,2026,2,Clínica Centro,Laboratorio,Urgencia,60,8128,7487,317519
2026-02-01,2026,2,Clínica Centro,Laboratorio,Hospitalizado,240,3315,3055,504109
2026-02-01,2026,2,Clínica Centro,Laboratorio,Ambulatorio,1440,3269,2977,3092488
2026-02-01,2026,2,Clínica Centro,Imagenología,Urgencia,120,2045,1903,148091
2026-02-01,2026,2,Clínica Centro,Imagenología,Hospitalizado,480,407,370,124752
2026-02-01,2026,2,Clínica Centro,Imagenología,Ambulatorio,2880,761,685,1507861
2026-02-01,2026,2,Clínica Poniente,Laboratorio,Urgencia,60,5844,5438,214965
2026-02-01,2026,2,Clínica Poniente,Laboratorio,Hospitalizado,240,2216,2068,324317
2026-02-01,2026,2,Clínica Poniente,Laboratorio,Ambulatorio,1440,2766,2562,2399099
2026-02-01,2026,2,Clínica Poniente,Imagenología,Urgencia,120,1583,1497,106029
2026-02-01,2026,2,Clínica Poniente,Imagenología,Hospitalizado,480,283,267,80009
2026-02-01,2026,2,Clínica Poniente,Imagenología,Ambulatorio,2880,653,598,1237098
2026-03-01,2026,3,Clínica Oriente,Laboratorio,Urgencia,60,10602,9804,398367
2026-03-01,2026,3,Clínica Oriente,Laboratorio,Hospitalizado,240,4344,3993,656670
2026-03-01,2026,3,Clínica Oriente,Laboratorio,Ambulatorio,1440,5244,4868,4443030
2026-03-01,2026,3,Clínica Oriente,Imagenología,Urgencia,120,2974,2847,190183
2026-03-01,2026,3,Clínica Oriente,Imagenología,Hospitalizado,480,557,514,170005
2026-03-01,2026,3,Clínica Oriente,Imagenología,Ambulatorio,2880,1209,1117,2344681
2026-03-01,2026,3,Clínica Centro,Laboratorio,Urgencia,60,8762,7990,347889
2026-03-01,2026,3,Clínica Centro,Laboratorio,Hospitalizado,240,3570,3282,546276
2026-03-01,2026,3,Clínica Centro,Laboratorio,Ambulatorio,1440,4327,4038,3680959
2026-03-01,2026,3,Clínica Centro,Imagenología,Urgencia,120,2175,2064,149689
2026-03-01,2026,3,Clínica Centro,Imagenología,Hospitalizado,480,432,402,123881
2026-03-01,2026,3,Clínica Centro,Imagenología,Ambulatorio,2880,1044,940,2037567
2026-03-01,2026,3,Clínica Poniente,Laboratorio,Urgencia,60,7292,6702,276978
2026-03-01,2026,3,Clínica Poniente,Laboratorio,Hospitalizado,240,2363,2185,360303
2026-03-01,2026,3,Clínica Poniente,Laboratorio,Ambulatorio,1440,3711,3387,3476522
2026-03-01,2026,3,Clínica Poniente,Imagenología,Urgencia,120,2017,1911,133111
2026-03-01,2026,3,Clínica Poniente,Imagenología,Hospitalizado,480,300,287,88017
2026-03-01,2026,3,Clínica Poniente,Imagenología,Ambulatorio,2880,851,779,1632809
2026-04-01,2026,4,Clínica Oriente,Laboratorio,Urgencia,60,10069,9398,361662
2026-04-01,2026,4,Clínica Oriente,Laboratorio,Hospitalizado,240,4087,3837,567672
2026-04-01,2026,4,Clínica Oriente,Laboratorio,Ambulatorio,1440,4955,4534,4513677
2026-04-01,2026,4,Clínica Oriente,Imagenología,Urgencia,120,2614,2404,195876
2026-04-01,2026,4,Clínica Oriente,Imagenología,Hospitalizado,480,535,485,161290
2026-04-01,2026,4,Clínica Oriente,Imagenología,Ambulatorio,2880,1145,1036,2218614
2026-04-01,2026,4,Clínica Centro,Laboratorio,Urgencia,60,7975,7253,313896
2026-04-01,2026,4,Clínica Centro,Laboratorio,Hospitalizado,240,3220,2994,471068
2026-04-01,2026,4,Clínica Centro,Laboratorio,Ambulatorio,1440,4008,3662,3608316
2026-04-01,2026,4,Clínica Centro,Imagenología,Urgencia,120,2202,2102,137581
2026-04-01,2026,4,Clínica Centro,Imagenología,Hospitalizado,480,421,396,123777
2026-04-01,2026,4,Clínica Centro,Imagenología,Ambulatorio,2880,1046,955,2072725
2026-04-01,2026,4,Clínica Poniente,Laboratorio,Urgencia,60,6889,6315,264206
2026-04-01,2026,4,Clínica Poniente,Laboratorio,Hospitalizado,240,2236,2044,348107
2026-04-01,2026,4,Clínica Poniente,Laboratorio,Ambulatorio,1440,3866,3555,3457007
2026-04-01,2026,4,Clínica Poniente,Imagenología,Urgencia,120,1814,1679,131710
2026-04-01,2026,4,Clínica Poniente,Imagenología,Hospitalizado,480,299,278,89725
2026-04-01,2026,4,Clínica Poniente,Imagenología,Ambulatorio,2880,879,801,1672268
2026-05-01,2026,5,Clínica Oriente,Laboratorio,Urgencia,60,12732,11422,535523
2026-05-01,2026,5,Clínica Oriente,Laboratorio,Hospitalizado,240,4638,4286,693955
2026-05-01,2026,5,Clínica Oriente,Laboratorio,Ambulatorio,1440,4630,4226,4341459
2026-05-01,2026,5,Clínica Oriente,Imagenología,Urgencia,120,3363,3093,258885
2026-05-01,2026,5,Clínica Oriente,Imagenología,Hospitalizado,480,593,530,193397
2026-05-01,2026,5,Clínica Oriente,Imagenología,Ambulatorio,2880,1227,1073,2668698
2026-05-01,2026,5,Clínica Centro,Laboratorio,Urgencia,60,10478,9490,427514
2026-05-01,2026,5,Clínica Centro,Laboratorio,Hospitalizado,240,3720,3363,633403
2026-05-01,2026,5,Clínica Centro,Laboratorio,Ambulatorio,1440,4155,3781,3919208
2026-05-01,2026,5,Clínica Centro,Imagenología,Urgencia,120,2642,2293,240869
2026-05-01,2026,5,Clínica Centro,Imagenología,Hospitalizado,480,477,429,155724
2026-05-01,2026,5,Clínica Centro,Imagenología,Ambulatorio,2880,997,905,1896112
2026-05-01,2026,5,Clínica Poniente,Laboratorio,Urgencia,60,7781,6989,327827
2026-05-01,2026,5,Clínica Poniente,Laboratorio,Hospitalizado,240,2590,2367,401047
2026-05-01,2026,5,Clínica Poniente,Laboratorio,Ambulatorio,1440,3500,3202,3349443
2026-05-01,2026,5,Clínica Poniente,Imagenología,Urgencia,120,2152,1962,171638
2026-05-01,2026,5,Clínica Poniente,Imagenología,Hospitalizado,480,319,301,103067
2026-05-01,2026,5,Clínica Poniente,Imagenología,Ambulatorio,2880,874,790,1774176
2026-06-01,2026,6,Clínica Oriente,Laboratorio,Urgencia,60,14055,12597,597345
2026-06-01,2026,6,Clínica Oriente,Laboratorio,Hospitalizado,240,4727,4188,850335
2026-06-01,2026,6,Clínica Oriente,Laboratorio,Ambulatorio,1440,5007,4399,5412955
2026-06-01,2026,6,Clínica Oriente,Imagenología,Urgencia,120,3523,3193,293621
2026-06-01,2026,6,Clínica Oriente,Imagenología,Hospitalizado,480,620,553,216889
2026-06-01,2026,6,Clínica Oriente,Imagenología,Ambulatorio,2880,1232,1080,2801960
2026-06-01,2026,6,Clínica Centro,Laboratorio,Urgencia,60,9286,8270,416650
2026-06-01,2026,6,Clínica Centro,Laboratorio,Hospitalizado,240,3776,3394,643946
2026-06-01,2026,6,Clínica Centro,Laboratorio,Ambulatorio,1440,4129,3699,4186152
2026-06-01,2026,6,Clínica Centro,Imagenología,Urgencia,120,2628,1883,395883
2026-06-01,2026,6,Clínica Centro,Imagenología,Hospitalizado,480,486,427,169511
2026-06-01,2026,6,Clínica Centro,Imagenología,Ambulatorio,2880,1045,888,2460607
2026-06-01,2026,6,Clínica Poniente,Laboratorio,Urgencia,60,9608,8423,437830
2026-06-01,2026,6,Clínica Poniente,Laboratorio,Hospitalizado,240,2754,2454,470016
2026-06-01,2026,6,Clínica Poniente,Laboratorio,Ambulatorio,1440,3507,3081,3668932
2026-06-01,2026,6,Clínica Poniente,Imagenología,Urgencia,120,2470,2150,224857
2026-06-01,2026,6,Clínica Poniente,Imagenología,Hospitalizado,480,354,319,116312
2026-06-01,2026,6,Clínica Poniente,Imagenología,Ambulatorio,2880,844,740,1898403
2026-07-01,2026,7,Clínica Oriente,Laboratorio,Urgencia,60,15136,12934,752716
2026-07-01,2026,7,Clínica Oriente,Laboratorio,Hospitalizado,240,5485,4799,1042028
2026-07-01,2026,7,Clínica Oriente,Laboratorio,Ambulatorio,1440,5317,4634,5949352
2026-07-01,2026,7,Clínica Oriente,Imagenología,Urgencia,120,3707,3292,307486
2026-07-01,2026,7,Clínica Oriente,Imagenología,Hospitalizado,480,717,593,289966
2026-07-01,2026,7,Clínica Oriente,Imagenología,Ambulatorio,2880,1333,1133,3216741
2026-07-01,2026,7,Clínica Centro,Laboratorio,Urgencia,60,11916,10329,563507
2026-07-01,2026,7,Clínica Centro,Laboratorio,Hospitalizado,240,4120,3621,760131
2026-07-01,2026,7,Clínica Centro,Laboratorio,Ambulatorio,1440,4332,3818,4771158
2026-07-01,2026,7,Clínica Centro,Imagenología,Urgencia,120,3167,2004,604208
2026-07-01,2026,7,Clínica Centro,Imagenología,Hospitalizado,480,565,490,223718
2026-07-01,2026,7,Clínica Centro,Imagenología,Ambulatorio,2880,1089,960,2519579
2026-07-01,2026,7,Clínica Poniente,Laboratorio,Urgencia,60,10322,8801,522921
2026-07-01,2026,7,Clínica Poniente,Laboratorio,Hospitalizado,240,3029,2619,575124
2026-07-01,2026,7,Clínica Poniente,Laboratorio,Ambulatorio,1440,3711,3172,4316510
2026-07-01,2026,7,Clínica Poniente,Imagenología,Urgencia,120,2774,2470,244728
2026-07-01,2026,7,Clínica Poniente,Imagenología,Hospitalizado,480,389,337,147338
2026-07-01,2026,7,Clínica Poniente,Imagenología,Ambulatorio,2880,865,743,2083616
2026-08-01,2026,8,Clínica Oriente,Laboratorio,Urgencia,60,14468,12668,669347
2026-08-01,2026,8,Clínica Oriente,Laboratorio,Hospitalizado,240,4954,4347,889627
2026-08-01,2026,8,Clínica Oriente,Laboratorio,Ambulatorio,1440,4534,4093,4533731
2026-08-01,2026,8,Clínica Oriente,Imagenología,Urgencia,120,3650,3261,306655
2026-08-01,2026,8,Clínica Oriente,Imagenología,Hospitalizado,480,663,590,229181
2026-08-01,2026,8,Clínica Oriente,Imagenología,Ambulatorio,2880,1157,1006,2677589
2026-08-01,2026,8,Clínica Centro,Laboratorio,Urgencia,60,11596,10180,535029
2026-08-01,2026,8,Clínica Centro,Laboratorio,Hospitalizado,240,4068,3595,721255
2026-08-01,2026,8,Clínica Centro,Laboratorio,Ambulatorio,1440,4361,3912,4513737
2026-08-01,2026,8,Clínica Centro,Imagenología,Urgencia,120,2937,2071,473774
2026-08-01,2026,8,Clínica Centro,Imagenología,Hospitalizado,480,503,454,174680
2026-08-01,2026,8,Clínica Centro,Imagenología,Ambulatorio,2880,1042,929,2319955
2026-08-01,2026,8,Clínica Poniente,Laboratorio,Urgencia,60,10343,9020,483687
2026-08-01,2026,8,Clínica Poniente,Laboratorio,Hospitalizado,240,2773,2472,494128
2026-08-01,2026,8,Clínica Poniente,Laboratorio,Ambulatorio,1440,3572,3130,3940778
2026-08-01,2026,8,Clínica Poniente,Imagenología,Urgencia,120,2553,2319,202857
2026-08-01,2026,8,Clínica Poniente,Imagenología,Hospitalizado,480,363,327,131516
2026-08-01,2026,8,Clínica Poniente,Imagenología,Ambulatorio,2880,837,734,1784127
2026-09-01,2026,9,Clínica Oriente,Laboratorio,Urgencia,60,11363,10248,468087
2026-09-01,2026,9,Clínica Oriente,Laboratorio,Hospitalizado,240,4452,3962,747979
2026-09-01,2026,9,Clínica Oriente,Laboratorio,Ambulatorio,1440,4913,4509,4508104
2026-09-01,2026,9,Clínica Oriente,Imagenología,Urgencia,120,3016,2780,229870
2026-09-01,2026,9,Clínica Oriente,Imagenología,Hospitalizado,480,558,508,186359
2026-09-01,2026,9,Clínica Oriente,Imagenología,Ambulatorio,2880,1181,1061,2320763
2026-09-01,2026,9,Clínica Centro,Laboratorio,Urgencia,60,9407,8674,351569
2026-09-01,2026,9,Clínica Centro,Laboratorio,Hospitalizado,240,3439,3159,502566
2026-09-01,2026,9,Clínica Centro,Laboratorio,Ambulatorio,1440,4318,3848,4394169
2026-09-01,2026,9,Clínica Centro,Imagenología,Urgencia,120,2399,2099,227655
2026-09-01,2026,9,Clínica Centro,Imagenología,Hospitalizado,480,422,388,132729
2026-09-01,2026,9,Clínica Centro,Imagenología,Ambulatorio,2880,967,871,1887421
2026-09-01,2026,9,Clínica Poniente,Laboratorio,Urgencia,60,7551,6821,313149
2026-09-01,2026,9,Clínica Poniente,Laboratorio,Hospitalizado,240,2231,2049,338537
2026-09-01,2026,9,Clínica Poniente,Laboratorio,Ambulatorio,1440,3324,3064,3049373
2026-09-01,2026,9,Clínica Poniente,Imagenología,Urgencia,120,2044,1905,140532
2026-09-01,2026,9,Clínica Poniente,Imagenología,Hospitalizado,480,305,283,94907
2026-09-01,2026,9,Clínica Poniente,Imagenología,Ambulatorio,2880,821,732,1640127
