fecha,anio,mes,sucursal,linea,camas_dotadas,dias_cama_disponibles,dias_cama_ocupados,egresos,dias_estada,dias_estada_esperados,reingresos_30d
2025-01-01,2025,1,Clínica Oriente,UCI,16,496,415,73,415,409,6
2025-01-01,2025,1,Clínica Oriente,UTI,20,620,510,111,510,488,6
2025-01-01,2025,1,Clínica Oriente,Médico-quirúrgico,90,2790,2164,520,2164,2132,25
2025-01-01,2025,1,Clínica Oriente,Pediatría,24,744,431,139,431,431,2
2025-01-01,2025,1,Clínica Oriente,Maternidad,20,620,412,147,412,382,5
2025-01-01,2025,1,Clínica Centro,UCI,12,372,324,56,324,314,3
2025-01-01,2025,1,Clínica Centro,UTI,16,496,391,89,391,392,8
2025-01-01,2025,1,Clínica Centro,Médico-quirúrgico,70,2170,1783,343,1783,1406,19
2025-01-01,2025,1,Clínica Centro,Pediatría,18,558,319,97,319,301,2
2025-01-01,2025,1,Clínica Centro,Maternidad,16,496,328,121,328,315,4
2025-01-01,2025,1,Clínica Poniente,UCI,8,248,214,37,214,207,2
2025-01-01,2025,1,Clínica Poniente,UTI,10,310,243,56,243,246,7
2025-01-01,2025,1,Clínica Poniente,Médico-quirúrgico,50,1550,1226,295,1226,1210,15
2025-01-01,2025,1,Clínica Poniente,Pediatría,14,434,256,81,256,251,0
2025-01-01,2025,1,Clínica Poniente,Maternidad,12,372,238,89,238,231,3
2025-02-01,2025,2,Clínica Oriente,UCI,16,448,389,69,389,386,5
2025-02-01,2025,2,Clínica Oriente,UTI,20,560,451,98,451,431,3
2025-02-01,2025,2,Clínica Oriente,Médico-quirúrgico,90,2520,1938,476,1938,1952,23
2025-02-01,2025,2,Clínica Oriente,Pediatría,24,672,397,127,397,394,4
2025-02-01,2025,2,Clínica Oriente,Maternidad,20,560,371,133,371,346,3
2025-02-01,2025,2,Clínica Centro,UCI,12,336,292,50,292,280,4
2025-02-01,2025,2,Clínica Centro,UTI,16,448,340,77,340,339,5
2025-02-01,2025,2,Clínica Centro,Médico-quirúrgico,70,1960,1631,316,1631,1296,18
2025-02-01,2025,2,Clínica Centro,Pediatría,18,504,301,96,301,298,3
2025-02-01,2025,2,Clínica Centro,Maternidad,16,448,296,111,296,289,2
2025-02-01,2025,2,Clínica Poniente,UCI,8,224,183,30,183,168,0
2025-02-01,2025,2,Clínica Poniente,UTI,10,280,220,49,220,216,2
2025-02-01,2025,2,Clínica Poniente,Médico-quirúrgico,50,1400,1102,253,1102,1037,9
2025-02-01,2025,2,Clínica Poniente,Pediatría,14,392,221,74,221,229,1
2025-02-01,2025,2,Clínica Poniente,Maternidad,12,336,214,81,214,211,3
2025-03-01,2025,3,Clínica Oriente,UCI,16,496,425,72,425,403,4
2025-03-01,2025,3,Clínica Oriente,UTI,20,620,482,107,482,471,3
2025-03-01,2025,3,Clínica Oriente,Médico-quirúrgico,90,2790,2247,528,2247,2165,30
2025-03-01,2025,3,Clínica Oriente,Pediatría,24,744,427,133,427,412,3
2025-03-01,2025,3,Clínica Oriente,Maternidad,20,620,400,151,400,393,2
2025-03-01,2025,3,Clínica Centro,UCI,12,372,316,57,316,319,0
2025-03-01,2025,3,Clínica Centro,UTI,16,496,398,92,398,405,6
2025-03-01,2025,3,Clínica Centro,Médico-quirúrgico,70,2170,1759,351,1759,1439,24
2025-03-01,2025,3,Clínica Centro,Pediatría,18,558,325,100,325,310,4
2025-03-01,2025,3,Clínica Centro,Maternidad,16,496,320,123,320,320,4
2025-03-01,2025,3,Clínica Poniente,UCI,8,248,210,37,210,207,1
2025-03-01,2025,3,Clínica Poniente,UTI,10,310,244,55,244,242,5
2025-03-01,2025,3,Clínica Poniente,Médico-quirúrgico,50,1550,1227,291,1227,1193,6
2025-03-01,2025,3,Clínica Poniente,Pediatría,14,434,251,80,251,248,0
2025-03-01,2025,3,Clínica Poniente,Maternidad,12,372,247,95,247,247,2
2025-04-01,2025,4,Clínica Oriente,UCI,16,480,394,65,394,364,6
2025-04-01,2025,4,Clínica Oriente,UTI,20,600,455,103,455,453,10
2025-04-01,2025,4,Clínica Oriente,Médico-quirúrgico,90,2700,2153,532,2153,2181,32
2025-04-01,2025,4,Clínica Oriente,Pediatría,24,720,401,127,401,394,2
2025-04-01,2025,4,Clínica Oriente,Maternidad,20,600,401,151,401,393,3
2025-04-01,2025,4,Clínica Centro,UCI,12,360,294,54,294,302,1
2025-04-01,2025,4,Clínica Centro,UTI,16,480,369,81,369,356,6
2025-04-01,2025,4,Clínica Centro,Médico-quirúrgico,70,2100,1694,326,1694,1337,15
2025-04-01,2025,4,Clínica Centro,Pediatría,18,540,306,96,306,298,5
2025-04-01,2025,4,Clínica Centro,Maternidad,16,480,308,117,308,304,1
2025-04-01,2025,4,Clínica Poniente,UCI,8,240,198,34,198,190,1
2025-04-01,2025,4,Clínica Poniente,UTI,10,300,237,52,237,229,3
2025-04-01,2025,4,Clínica Poniente,Médico-quirúrgico,50,1500,1203,280,1203,1148,15
2025-04-01,2025,4,Clínica Poniente,Pediatría,14,420,249,84,249,260,3
2025-04-01,2025,4,Clínica Poniente,Maternidad,12,360,234,89,234,231,2
2025-05-01,2025,5,Clínica Oriente,UCI,16,496,418,74,418,414,2
2025-05-01,2025,5,Clínica Oriente,UTI,20,620,523,116,523,510,7
2025-05-01,2025,5,Clínica Oriente,Médico-quirúrgico,90,2790,2176,518,2176,2124,35
2025-05-01,2025,5,Clínica Oriente,Pediatría,24,744,506,154,506,477,10
2025-05-01,2025,5,Clínica Oriente,Maternidad,20,620,403,141,403,367,4
2025-05-01,2025,5,Clínica Centro,UCI,12,372,316,52,316,291,1
2025-05-01,2025,5,Clínica Centro,UTI,16,496,406,88,406,387,8
2025-05-01,2025,5,Clínica Centro,Médico-quirúrgico,70,2170,1803,350,1803,1435,23
2025-05-01,2025,5,Clínica Centro,Pediatría,18,558,387,122,387,378,2
2025-05-01,2025,5,Clínica Centro,Maternidad,16,496,312,117,312,304,1
2025-05-01,2025,5,Clínica Poniente,UCI,8,248,209,37,209,207,6
2025-05-01,2025,5,Clínica Poniente,UTI,10,310,259,56,259,246,1
2025-05-01,2025,5,Clínica Poniente,Médico-quirúrgico,50,1550,1226,285,1226,1168,14
2025-05-01,2025,5,Clínica Poniente,Pediatría,14,434,300,94,300,291,4
2025-05-01,2025,5,Clínica Poniente,Maternidad,12,372,241,91,241,237,1
2025-06-01,2025,6,Clínica Oriente,UCI,16,480,429,73,429,409,5
2025-06-01,2025,6,Clínica Oriente,UTI,20,600,534,114,534,502,6
2025-06-01,2025,6,Clínica Oriente,Médico-quirúrgico,90,2700,2429,537,2429,2202,23
2025-06-01,2025,6,Clínica Oriente,Pediatría,27,810,706,212,706,657,8
2025-06-01,2025,6,Clínica Oriente,Maternidad,20,600,404,147,404,382,3
2025-06-01,2025,6,Clínica Centro,UCI,12,360,335,59,335,330,4
2025-06-01,2025,6,Clínica Centro,UTI,16,480,417,90,417,396,7
2025-06-01,2025,6,Clínica Centro,Médico-quirúrgico,70,2100,1973,364,1973,1492,21
2025-06-01,2025,6,Clínica Centro,Pediatría,20,600,511,154,511,477,7
2025-06-01,2025,6,Clínica Centro,Maternidad,16,480,313,113,313,294,0
2025-06-01,2025,6,Clínica Poniente,UCI,8,240,224,37,224,207,3
2025-06-01,2025,6,Clínica Poniente,UTI,10,300,269,56,269,246,5
2025-06-01,2025,6,Clínica Poniente,Médico-quirúrgico,50,1500,1310,296,1310,1214,12
2025-06-01,2025,6,Clínica Poniente,Pediatría,16,480,393,124,393,384,4
2025-06-01,2025,6,Clínica Poniente,Maternidad,12,360,239,86,239,224,1
2025-07-01,2025,7,Clínica Oriente,UCI,16,496,483,78,483,437,6
2025-07-01,2025,7,Clínica Oriente,UTI,20,620,581,124,581,546,6
2025-07-01,2025,7,Clínica Oriente,Médico-quirúrgico,90,2790,2532,581,2532,2382,38
2025-07-01,2025,7,Clínica Oriente,Pediatría,27,837,787,228,787,707,5
2025-07-01,2025,7,Clínica Oriente,Maternidad,20,620,401,142,401,369,2
2025-07-01,2025,7,Clínica Centro,UCI,12,372,366,61,366,342,5
2025-07-01,2025,7,Clínica Centro,UTI,16,496,458,97,458,427,5
2025-07-01,2025,7,Clínica Centro,Médico-quirúrgico,70,2170,2076,394,2076,1615,19
2025-07-01,2025,7,Clínica Centro,Pediatría,20,620,605,186,605,577,7
2025-07-01,2025,7,Clínica Centro,Maternidad,16,496,333,114,333,296,0
2025-07-01,2025,7,Clínica Poniente,UCI,8,248,241,40,241,224,3
2025-07-01,2025,7,Clínica Poniente,UTI,10,310,284,59,284,260,5
2025-07-01,2025,7,Clínica Poniente,Médico-quirúrgico,50,1550,1455,336,1455,1378,12
2025-07-01,2025,7,Clínica Poniente,Pediatría,16,496,489,145,489,450,4
2025-07-01,2025,7,Clínica Poniente,Maternidad,12,372,238,86,238,224,4
2025-08-01,2025,8,Clínica Oriente,UCI,16,496,473,78,473,437,5
2025-08-01,2025,8,Clínica Oriente,UTI,20,620,563,118,563,519,9
2025-08-01,2025,8,Clínica Oriente,Médico-quirúrgico,90,2790,2557,592,2557,2427,36
2025-08-01,2025,8,Clínica Oriente,Pediatría,27,837,714,213,714,660,8
2025-08-01,2025,8,Clínica Oriente,Maternidad,20,620,404,142,404,369,2
2025-08-01,2025,8,Clínica Centro,UCI,12,372,349,58,349,325,0
2025-08-01,2025,8,Clínica Centro,UTI,16,496,429,93,429,409,9
2025-08-01,2025,8,Clínica Centro,Médico-quirúrgico,70,2170,2050,397,2050,1628,28
2025-08-01,2025,8,Clínica Centro,Pediatría,20,620,566,176,566,546,9
2025-08-01,2025,8,Clínica Centro,Maternidad,16,496,334,117,334,304,2
2025-08-01,2025,8,Clínica Poniente,UCI,8,248,229,38,229,213,4
2025-08-01,2025,8,Clínica Poniente,UTI,10,310,281,59,281,260,1
2025-08-01,2025,8,Clínica Poniente,Médico-quirúrgico,50,1550,1409,318,1409,1304,22
2025-08-01,2025,8,Clínica Poniente,Pediatría,16,496,441,129,441,400,4
2025-08-01,2025,8,Clínica Poniente,Maternidad,12,372,248,90,248,234,2
2025-09-01,2025,9,Clínica Oriente,UCI,16,480,409,70,409,392,4
2025-09-01,2025,9,Clínica Oriente,UTI,20,600,499,105,499,462,6
2025-09-01,2025,9,Clínica Oriente,Médico-quirúrgico,90,2700,2250,525,2250,2152,25
2025-09-01,2025,9,Clínica Oriente,Pediatría,24,720,478,153,478,474,5
2025-09-01,2025,9,Clínica Oriente,Maternidad,20,600,391,145,391,377,3
2025-09-01,2025,9,Clínica Centro,UCI,12,360,299,53,299,297,5
2025-09-01,2025,9,Clínica Centro,UTI,16,480,400,88,400,387,6
2025-09-01,2025,9,Clínica Centro,Médico-quirúrgico,70,2100,1801,357,1801,1464,23
2025-09-01,2025,9,Clínica Centro,Pediatría,18,540,361,114,361,353,2
2025-09-01,2025,9,Clínica Centro,Maternidad,16,480,329,121,329,315,1
2025-09-01,2025,9,Clínica Poniente,UCI,8,240,202,35,202,196,2
2025-09-01,2025,9,Clínica Poniente,UTI,10,300,244,53,244,233,3
2025-09-01,2025,9,Clínica Poniente,Médico-quirúrgico,50,1500,1239,294,1239,1205,14
2025-09-01,2025,9,Clínica Poniente,Pediatría,14,420,276,84,276,260,5
2025-09-01,2025,9,Clínica Poniente,Maternidad,12,360,227,83,227,216,1
2025-10-01,2025,10,Clínica Oriente,UCI,16,496,408,70,408,392,4
2025-10-01,2025,10,Clínica Oriente,UTI,20,620,500,109,500,480,2
2025-10-01,2025,10,Clínica Oriente,Médico-quirúrgico,90,2790,2127,520,2127,2132,25
2025-10-01,2025,10,Clínica Oriente,Pediatría,24,744,425,137,425,425,5
2025-10-01,2025,10,Clínica Oriente,Maternidad,20,620,394,147,394,382,4
2025-10-01,2025,10,Clínica Centro,UCI,12,372,305,52,305,291,6
2025-10-01,2025,10,Clínica Centro,UTI,16,496,416,94,416,414,7
2025-10-01,2025,10,Clínica Centro,Médico-quirúrgico,70,2170,1810,353,1810,1447,19
2025-10-01,2025,10,Clínica Centro,Pediatría,18,558,334,108,334,335,3
2025-10-01,2025,10,Clínica Centro,Maternidad,16,496,316,118,316,307,1
2025-10-01,2025,10,Clínica Poniente,UCI,8,248,218,37,218,207,2
2025-10-01,2025,10,Clínica Poniente,UTI,10,310,251,55,251,242,1
2025-10-01,2025,10,Clínica Poniente,Médico-quirúrgico,50,1550,1205,286,1205,1173,14
2025-10-01,2025,10,Clínica Poniente,Pediatría,14,434,256,84,256,260,4
2025-10-01,2025,10,Clínica Poniente,Maternidad,12,372,240,92,240,239,1
2025-11-01,2025,11,Clínica Oriente,UCI,16,480,404,68,404,381,5
2025-11-01,2025,11,Clínica Oriente,UTI,20,600,465,103,465,453,4
2025-11-01,2025,11,Clínica Oriente,Médico-quirúrgico,90,2700,2057,480,2057,1968,18
2025-11-01,2025,11,Clínica Oriente,Pediatría,24,720,413,132,413,409,3
2025-11-01,2025,11,Clínica Oriente,Maternidad,20,600,392,144,392,374,4
2025-11-01,2025,11,Clínica Centro,UCI,12,360,303,52,303,291,2
2025-11-01,2025,11,Clínica Centro,UTI,16,480,386,86,386,378,5
2025-11-01,2025,11,Clínica Centro,Médico-quirúrgico,70,2100,1711,327,1711,1341,25
2025-11-01,2025,11,Clínica Centro,Pediatría,18,540,318,103,318,319,4
2025-11-01,2025,11,Clínica Centro,Maternidad,16,480,303,116,303,302,3
2025-11-01,2025,11,Clínica Poniente,UCI,8,240,190,34,190,190,1
2025-11-01,2025,11,Clínica Poniente,UTI,10,300,248,54,248,238,0
2025-11-01,2025,11,Clínica Poniente,Médico-quirúrgico,50,1500,1144,269,1144,1103,20
2025-11-01,2025,11,Clínica Poniente,Pediatría,14,420,238,73,238,226,5
2025-11-01,2025,11,Clínica Poniente,Maternidad,12,360,241,88,241,229,1
2025-12-01,2025,12,Clínica Oriente,UCI,16,496,422,72,422,403,9
2025-12-01,2025,12,Clínica Oriente,UTI,20,620,495,107,495,471,5
2025-12-01,2025,12,Clínica Oriente,Médico-quirúrgico,90,2790,2191,523,2191,2144,29
2025-12-01,2025,12,Clínica Oriente,Pediatría,24,744,446,140,446,434,2
2025-12-01,2025,12,Clínica Oriente,Maternidad,20,620,411,156,411,406,0
2025-12-01,2025,12,Clínica Centro,UCI,12,372,310,57,310,319,7
2025-12-01,2025,12,Clínica Centro,UTI,16,496,386,83,386,365,6
2025-12-01,2025,12,Clínica Centro,Médico-quirúrgico,70,2170,1831,355,1831,1455,20
2025-12-01,2025,12,Clínica Centro,Pediatría,18,558,333,104,333,322,2
2025-12-01,2025,12,Clínica Centro,Maternidad,16,496,330,123,330,320,1
2025-12-01,2025,12,Clínica Poniente,UCI,8,248,204,36,204,202,2
2025-12-01,2025,12,Clínica Poniente,UTI,10,310,234,51,234,224,0
2025-12-01,2025,12,Clínica Poniente,Médico-quirúrgico,50,1550,1213,280,1213,1148,13
2025-12-01,2025,12,Clínica Poniente,Pediatría,14,434,257,83,257,257,2
2025-12-01,2025,12,Clínica Poniente,Maternidad,12,372,242,91,242,237,3
2026-01-01,2026,1,Clínica Oriente,UCI,16,496,419,71,419,398,1
2026-01-01,2026,1,Clínica Oriente,UTI,20,620,471,101,471,444,4
2026-01-01,2026,1,Clínica Oriente,Médico-quirúrgico,90,2790,2174,520,2174,2132,23
2026-01-01,2026,1,Clínica Oriente,Pediatría,24,744,426,131,426,406,1
2026-01-01,2026,1,Clínica Oriente,Maternidad,20,620,407,155,407,403,2
2026-01-01,2026,1,Clínica Centro,UCI,12,372,318,55,318,308,4
2026-01-01,2026,1,Clínica Centro,UTI,16,496,394,90,394,396,3
2026-01-01,2026,1,Clínica Centro,Médico-quirúrgico,70,2170,1807,354,1807,1451,24
2026-01-01,2026,1,Clínica Centro,Pediatría,18,558,330,107,330,332,6
2026-01-01,2026,1,Clínica Centro,Maternidad,16,496,325,120,325,312,2
2026-01-01,2026,1,Clínica Poniente,UCI,8,248,214,37,214,207,0
2026-01-01,2026,1,Clínica Poniente,UTI,10,310,241,54,241,238,0
2026-01-01,2026,1,Clínica Poniente,Médico-quirúrgico,50,1550,1220,283,1220,1160,18
2026-01-01,2026,1,Clínica Poniente,Pediatría,14,434,249,80,249,248,2
2026-01-01,2026,1,Clínica Poniente,Maternidad,12,372,249,93,249,242,1
2026-02-01,2026,2,Clínica Oriente,UCI,16,448,390,64,390,358,3
2026-02-01,2026,2,Clínica Oriente,UTI,20,560,476,104,476,458,3
2026-02-01,2026,2,Clínica Oriente,Médico-quirúrgico,90,2520,2004,482,2004,1976,23
2026-02-01,2026,2,Clínica Oriente,Pediatría,24,672,398,125,398,388,6
2026-02-01,2026,2,Clínica Oriente,Maternidad,20,560,381,143,381,372,1
2026-02-01,2026,2,Clínica Centro,UCI,12,336,271,46,271,258,3
2026-02-01,2026,2,Clínica Centro,UTI,16,448,368,82,368,361,5
2026-02-01,2026,2,Clínica Centro,Médico-quirúrgico,70,1960,1629,315,1629,1292,11
2026-02-01,2026,2,Clínica Centro,Pediatría,18,504,291,90,291,279,1
2026-02-01,2026,2,Clínica Centro,Maternidad,16,448,294,116,294,302,0
2026-02-01,2026,2,Clínica Poniente,UCI,8,224,192,32,192,179,1
2026-02-01,2026,2,Clínica Poniente,UTI,10,280,230,48,230,211,5
2026-02-01,2026,2,Clínica Poniente,Médico-quirúrgico,50,1400,1098,261,1098,1070,11
2026-02-01,2026,2,Clínica Poniente,Pediatría,14,392,227,71,227,220,1
2026-02-01,2026,2,Clínica Poniente,Maternidad,12,336,216,81,216,211,0
2026-03-01,2026,3,Clínica Oriente,UCI,16,496,412,71,412,398,5
2026-03-01,2026,3,Clínica Oriente,UTI,20,620,496,106,496,466,4
2026-03-01,2026,3,Clínica Oriente,Médico-quirúrgico,90,2790,2228,496,2228,2034,14
2026-03-01,2026,3,Clínica Oriente,Pediatría,24,744,441,141,441,437,2
2026-03-01,2026,3,Clínica Oriente,Maternidad,20,620,401,147,401,382,1
2026-03-01,2026,3,Clínica Centro,UCI,12,372,320,57,320,319,5
2026-03-01,2026,3,Clínica Centro,UTI,16,496,396,89,396,392,2
2026-03-01,2026,3,Clínica Centro,Médico-quirúrgico,70,2170,1825,351,1825,1439,21
2026-03-01,2026,3,Clínica Centro,Pediatría,18,558,330,111,330,344,3
2026-03-01,2026,3,Clínica Centro,Maternidad,16,496,337,127,337,330,1
2026-03-01,2026,3,Clínica Poniente,UCI,8,248,216,40,216,224,6
2026-03-01,2026,3,Clínica Poniente,UTI,10,310,254,56,254,246,5
2026-03-01,2026,3,Clínica Poniente,Médico-quirúrgico,50,1550,1211,274,1211,1123,5
2026-03-01,2026,3,Clínica Poniente,Pediatría,14,434,245,78,245,242,2
2026-03-01,2026,3,Clínica Poniente,Maternidad,12,372,257,94,257,244,2
2026-04-01,2026,4,Clínica Oriente,UCI,16,480,405,72,405,403,5
2026-04-01,2026,4,Clínica Oriente,UTI,20,600,480,102,480,449,5
2026-04-01,2026,4,Clínica Oriente,Médico-quirúrgico,90,2700,2079,506,2079,2075,19
2026-04-01,2026,4,Clínica Oriente,Pediatría,24,720,408,131,408,406,6
2026-04-01,2026,4,Clínica Oriente,Maternidad,20,600,397,151,397,393,4
2026-04-01,2026,4,Clínica Centro,UCI,12,360,303,52,303,291,2
2026-04-01,2026,4,Clínica Centro,UTI,16,480,386,85,386,374,6
2026-04-01,2026,4,Clínica Centro,Médico-quirúrgico,70,2100,1655,320,1655,1312,19
2026-04-01,2026,4,Clínica Centro,Pediatría,18,540,317,98,317,304,3
2026-04-01,2026,4,Clínica Centro,Maternidad,16,480,323,122,323,317,3
2026-04-01,2026,4,Clínica Poniente,UCI,8,240,202,34,202,190,3
2026-04-01,2026,4,Clínica Poniente,UTI,10,300,236,52,236,229,3
2026-04-01,2026,4,Clínica Poniente,Médico-quirúrgico,50,1500,1146,264,1146,1082,9
2026-04-01,2026,4,Clínica Poniente,Pediatría,14,420,242,74,242,229,1
2026-04-01,2026,4,Clínica Poniente,Maternidad,12,360,238,90,238,234,0
2026-05-01,2026,5,Clínica Oriente,UCI,16,496,446,76,446,426,4
2026-05-01,2026,5,Clínica Oriente,UTI,20,620,525,114,525,502,7
2026-05-01,2026,5,Clínica Oriente,Médico-quirúrgico,90,2790,2375,557,2375,2284,27
2026-05-01,2026,5,Clínica Oriente,Pediatría,24,744,520,159,520,493,5
2026-05-01,2026,5,Clínica Oriente,Maternidad,20,620,391,142,391,369,0
2026-05-01,2026,5,Clínica Centro,UCI,12,372,339,58,339,325,2
2026-05-01,2026,5,Clínica Centro,UTI,16,496,404,93,404,409,8
2026-05-01,2026,5,Clínica Centro,Médico-quirúrgico,70,2170,1942,382,1942,1566,32
2026-05-01,2026,5,Clínica Centro,Pediatría,18,558,384,120,384,372,5
2026-05-01,2026,5,Clínica Centro,Maternidad,16,496,339,126,339,328,2
2026-05-01,2026,5,Clínica Poniente,UCI,8,248,215,38,215,213,2
2026-05-01,2026,5,Clínica Poniente,UTI,10,310,265,57,265,251,3
2026-05-01,2026,5,Clínica Poniente,Médico-quirúrgico,50,1550,1294,292,1294,1197,12
2026-05-01,2026,5,Clínica Poniente,Pediatría,14,434,308,97,308,301,1
2026-05-01,2026,5,Clínica Poniente,Maternidad,12,372,242,89,242,231,2
2026-06-01,2026,6,Clínica Oriente,UCI,16,480,458,78,458,437,5
2026-06-01,2026,6,Clínica Oriente,UTI,20,600,519,113,519,497,7
2026-06-01,2026,6,Clínica Oriente,Médico-quirúrgico,90,2700,2323,520,2323,2132,35
2026-06-01,2026,6,Clínica Oriente,Pediatría,27,810,672,210,672,651,4
2026-06-01,2026,6,Clínica Oriente,Maternidad,20,600,395,137,395,356,1
2026-06-01,2026,6,Clínica Centro,UCI,12,360,329,55,329,308,3
2026-06-01,2026,6,Clínica Centro,UTI,16,480,414,87,414,383,4
2026-06-01,2026,6,Clínica Centro,Médico-quirúrgico,70,2100,1993,385,1993,1578,19
2026-06-01,2026,6,Clínica Centro,Pediatría,20,600,501,154,501,477,3
2026-06-01,2026,6,Clínica Centro,Maternidad,16,480,299,113,299,294,0
2026-06-01,2026,6,Clínica Poniente,UCI,8,240,223,37,223,207,0
2026-06-01,2026,6,Clínica Poniente,UTI,10,300,253,56,253,246,1
2026-06-01,2026,6,Clínica Poniente,Médico-quirúrgico,50,1500,1318,304,1318,1246,17
2026-06-01,2026,6,Clínica Poniente,Pediatría,16,480,403,120,403,372,3
2026-06-01,2026,6,Clínica Poniente,Maternidad,12,360,236,85,236,221,3
2026-07-01,2026,7,Clínica Oriente,UCI,16,496,474,77,474,431,9
2026-07-01,2026,7,Clínica Oriente,UTI,20,620,555,119,555,524,10
2026-07-01,2026,7,Clínica Oriente,Médico-quirúrgico,90,2790,2645,613,2645,2513,22
2026-07-01,2026,7,Clínica Oriente,Pediatría,27,837,804,249,804,772,2
2026-07-01,2026,7,Clínica Oriente,Maternidad,20,620,429,154,429,400,1
2026-07-01,2026,7,Clínica Centro,UCI,12,372,365,62,365,347,3
2026-07-01,2026,7,Clínica Centro,UTI,16,496,446,94,446,414,7
2026-07-01,2026,7,Clínica Centro,Médico-quirúrgico,70,2170,2093,401,2093,1644,19
2026-07-01,2026,7,Clínica Centro,Pediatría,20,620,592,179,592,555,1
2026-07-01,2026,7,Clínica Centro,Maternidad,16,496,334,116,334,302,0
2026-07-01,2026,7,Clínica Poniente,UCI,8,248,239,39,239,218,3
2026-07-01,2026,7,Clínica Poniente,UTI,10,310,282,57,282,251,3
2026-07-01,2026,7,Clínica Poniente,Médico-quirúrgico,50,1550,1455,316,1455,1296,20
2026-07-01,2026,7,Clínica Poniente,Pediatría,16,496,489,146,489,453,4
2026-07-01,2026,7,Clínica Poniente,Maternidad,12,372,234,80,234,208,2
2026-08-01,2026,8,Clínica Oriente,UCI,16,496,466,76,466,426,9
2026-08-01,2026,8,Clínica Oriente,UTI,20,620,551,118,551,519,10
2026-08-01,2026,8,Clínica Oriente,Médico-quirúrgico,90,2790,2537,599,2537,2456,26
2026-08-01,2026,8,Clínica Oriente,Pediatría,27,837,746,213,746,660,0
2026-08-01,2026,8,Clínica Oriente,Maternidad,20,620,413,146,413,380,1
2026-08-01,2026,8,Clínica Centro,UCI,12,372,348,56,348,314,6
2026-08-01,2026,8,Clínica Centro,UTI,16,496,443,94,443,414,6
2026-08-01,2026,8,Clínica Centro,Médico-quirúrgico,70,2170,2040,395,2040,1619,19
2026-08-01,2026,8,Clínica Centro,Pediatría,20,620,563,166,563,515,6
2026-08-01,2026,8,Clínica Centro,Maternidad,16,496,333,118,333,307,3
2026-08-01,2026,8,Clínica Poniente,UCI,8,248,232,37,232,207,3
2026-08-01,2026,8,Clínica Poniente,UTI,10,310,283,62,283,273,5
2026-08-01,2026,8,Clínica Poniente,Médico-quirúrgico,50,1550,1354,306,1354,1255,17
2026-08-01,2026,8,Clínica Poniente,Pediatría,16,496,427,133,427,412,5
2026-08-01,2026,8,Clínica Poniente,Maternidad,12,372,240,85,240,221,0
2026-09-01,2026,9,Clínica Oriente,UCI,16,480,400,71,400,398,6
2026-09-01,2026,9,Clínica Oriente,UTI,20,600,504,105,504,462,8
2026-09-01,2026,9,Clínica Oriente,Médico-quirúrgico,90,2700,2281,543,2281,2226,28
2026-09-01,2026,9,Clínica Oriente,Pediatría,24,720,470,147,470,456,4
2026-09-01,2026,9,Clínica Oriente,Maternidad,20,600,386,150,386,390,3
2026-09-01,2026,9,Clínica Centro,UCI,12,360,308,52,308,291,6
2026-09-01,2026,9,Clínica Centro,UTI,16,480,388,84,388,370,6
2026-09-01,2026,9,Clínica Centro,Médico-quirúrgico,70,2100,1776,343,1776,1406,30
2026-09-01,2026,9,Clínica Centro,Pediatría,18,540,373,117,373,363,3
2026-09-01,2026,9,Clínica Centro,Maternidad,16,480,305,114,305,296,0
2026-09-01,2026,9,Clínica Poniente,UCI,8,240,205,35,205,196,3
2026-09-01,2026,9,Clínica Poniente,UTI,10,300,236,51,236,224,7
2026-09-01,2026,9,Clínica Poniente,Médico-quirúrgico,50,1500,1195,285,1195,1168,17
2026-09-01,2026,9,Clínica Poniente,Pediatría,14,420,283,86,283,267,3
2026-09-01,2026,9,Clínica Poniente,Maternidad,12,360,242,90,242,234,0
