persona_ti,industria,equipo,dedicacion,desde
TI-M001,Manufactura,Datos,1.0,2025-01-06
TI-M002,Manufactura,Datos,0.5,2025-01-06
TI-M002,Manufactura,Producto,0.5,2025-01-06
TI-M003,Manufactura,Datos,1.0,2025-01-06
TI-M004,Manufactura,Datos,0.5,2025-01-06
TI-M004,Manufactura,Integraciones,0.5,2025-01-06
TI-M005,Manufactura,Datos,1.0,2025-01-06
TI-M006,Manufactura,Integraciones,1.0,2025-01-06
TI-M007,Manufactura,Integraciones,0.5,2025-01-06
TI-M007,Manufactura,QA,0.5,2025-01-06
TI-M008,Manufactura,Integraciones,0.5,2025-01-06
TI-M008,Manufactura,Datos,0.5,2025-01-06
TI-M009,Manufactura,Integraciones,1.0,2025-01-06
TI-M010,Manufactura,Plataforma,1.0,2025-01-06
TI-M011,Manufactura,Plataforma,0.5,2025-01-06
TI-M011,Manufactura,Integraciones,0.5,2025-01-06
TI-M012,Manufactura,Plataforma,1.0,2025-01-06
TI-M013,Manufactura,Plataforma,1.0,2025-01-06
TI-M014,Manufactura,Producto,1.0,2025-01-06
TI-M015,Manufactura,Producto,1.0,2025-01-06
TI-M016,Manufactura,Producto,1.0,2025-01-06
TI-M017,Manufactura,Producto,1.0,2025-01-06
TI-M018,Manufactura,Producto,1.0,2025-01-06
TI-M019,Manufactura,Producto,1.0,2025-01-06
TI-M020,Manufactura,QA,1.0,2025-01-06
TI-M021,Manufactura,QA,1.0,2025-01-06
TI-M022,Manufactura,QA,1.0,2025-01-06
TI-E001,Energia,Datos,1.0,2025-01-06
TI-E002,Energia,Datos,0.5,2025-01-06
TI-E002,Energia,QA,0.5,2025-01-06
TI-E003,Energia,Datos,0.5,2025-01-06
TI-E003,Energia,Producto,0.5,2025-01-06
TI-E004,Energia,Datos,1.0,2025-01-06
TI-E005,Energia,Datos,1.0,2025-01-06
TI-E006,Energia,Integraciones,1.0,2025-01-06
TI-E007,Energia,Integraciones,1.0,2025-01-06
TI-E008,Energia,Integraciones,1.0,2025-01-06
TI-E009,Energia,Plataforma,1.0,2025-01-06
TI-E010,Energia,Plataforma,1.0,2025-01-06
TI-E011,Energia,Plataforma,1.0,2025-01-06
TI-E012,Energia,Plataforma,1.0,2025-01-06
TI-E013,Energia,Producto,1.0,2025-01-06
TI-E014,Energia,Producto,1.0,2025-01-06
TI-E015,Energia,Producto,1.0,2025-01-06
TI-E016,Energia,Producto,0.5,2025-01-06
TI-E016,Energia,Integraciones,0.5,2025-01-06
TI-E017,Energia,Producto,1.0,2025-01-06
TI-E018,Energia,Producto,1.0,2025-01-06
TI-E019,Energia,QA,1.0,2025-01-06
TI-E020,Energia,QA,1.0,2025-01-06
TI-E021,Energia,QA,1.0,2025-01-06
TI-S001,Salud,Datos,1.0,2025-01-06
TI-S002,Salud,Datos,1.0,2025-01-06
TI-S003,Salud,Datos,1.0,2025-01-06
TI-S004,Salud,Datos,1.0,2025-01-06
TI-S005,Salud,Datos,1.0,2025-01-06
TI-S006,Salud,Integraciones,1.0,2025-01-06
TI-S007,Salud,Integraciones,1.0,2025-01-06
TI-S008,Salud,Integraciones,0.5,2025-01-06
TI-S008,Salud,Plataforma,0.5,2025-01-06
TI-S009,Salud,Integraciones,1.0,2025-01-06
TI-S010,Salud,Plataforma,1.0,2025-01-06
TI-S011,Salud,Plataforma,1.0,2025-01-06
TI-S012,Salud,Plataforma,1.0,2025-01-06
TI-S013,Salud,Plataforma,1.0,2025-01-06
TI-S014,Salud,Producto,1.0,2025-01-06
TI-S015,Salud,Producto,1.0,2025-01-06
TI-S016,Salud,Producto,1.0,2025-01-06
TI-S017,Salud,Producto,1.0,2025-01-06
TI-S018,Salud,Producto,0.5,2025-01-06
TI-S018,Salud,Datos,0.5,2025-01-06
TI-S019,Salud,Producto,1.0,2025-01-06
TI-S020,Salud,QA,1.0,2025-01-06
TI-S021,Salud,QA,0.5,2025-01-06
TI-S021,Salud,Plataforma,0.5,2025-01-06
TI-S022,Salud,QA,1.0,2025-01-06
