issue_bloqueante,issue_bloqueado,industria,proyecto,equipo_bloqueante,equipo_bloqueado,creada,resuelta,horas_bloqueado
ERP-190,ERP-49,Manufactura,MAN-ERP,Integraciones,Datos,2025-03-03,2025-03-21,0
ERP-578,ERP-57,Manufactura,MAN-ERP,Producto,Datos,2025-03-03,2025-04-01,0
ERP-429,ERP-79,Manufactura,MAN-ERP,Plataforma,Datos,2025-03-03,2025-07-07,40
ERP-276,ERP-85,Manufactura,MAN-ERP,Integraciones,Datos,2025-03-03,2025-10-28,520
ERP-944,ERP-96,Manufactura,MAN-ERP,QA,Datos,2025-03-03,2025-09-29,80
ERP-725,ERP-111,Manufactura,MAN-ERP,Producto,Datos,2025-03-03,2026-01-02,264
ERP-489,ERP-119,Manufactura,MAN-ERP,Plataforma,Datos,2025-03-03,2026-01-28,296
ERP-792,ERP-141,Manufactura,MAN-ERP,Producto,Datos,2025-03-03,2026-06-12,840
ERP-802,ERP-148,Manufactura,MAN-ERP,Producto,Datos,2025-03-03,2026-06-22,784
ERP-350,ERP-156,Manufactura,MAN-ERP,Integraciones,Datos,2025-03-03,2026-06-10,560
ERP-534,ERP-157,Manufactura,MAN-ERP,Plataforma,Datos,2025-03-03,2026-07-09,704
ERP-863,ERP-171,Manufactura,MAN-ERP,Producto,Datos,2025-03-03,2026-09-08,696
ERP-1053,ERP-178,Manufactura,MAN-ERP,QA,Datos,2025-03-03,2026-09-09,592
ERP-874,ERP-179,Manufactura,MAN-ERP,Producto,Datos,2025-03-03,2026-09-28,696
ERP-40,ERP-205,Manufactura,MAN-ERP,Datos,Integraciones,2025-03-03,2025-03-06,0
ERP-402,ERP-230,Manufactura,MAN-ERP,Plataforma,Integraciones,2025-03-03,2025-04-03,0
ERP-591,ERP-236,Manufactura,MAN-ERP,Producto,Integraciones,2025-03-03,2025-04-24,0
ERP-604,ERP-237,Manufactura,MAN-ERP,Producto,Integraciones,2025-03-03,2025-05-21,0
ERP-420,ERP-256,Manufactura,MAN-ERP,Plataforma,Integraciones,2025-03-03,2025-06-11,0
ERP-645,ERP-258,Manufactura,MAN-ERP,Producto,Integraciones,2025-03-03,2025-07-21,0
ERP-423,ERP-261,Manufactura,MAN-ERP,Plataforma,Integraciones,2025-03-03,2025-06-19,0
ERP-432,ERP-278,Manufactura,MAN-ERP,Plataforma,Integraciones,2025-03-03,2025-07-07,0
ERP-701,ERP-281,Manufactura,MAN-ERP,Producto,Integraciones,2025-03-03,2025-11-13,72
ERP-700,ERP-288,Manufactura,MAN-ERP,Producto,Integraciones,2025-03-03,2025-11-17,0
ERP-478,ERP-314,Manufactura,MAN-ERP,Plataforma,Integraciones,2025-03-03,2025-12-22,0
ERP-121,ERP-328,Manufactura,MAN-ERP,Datos,Integraciones,2025-03-03,2025-12-22,0
ERP-770,ERP-341,Manufactura,MAN-ERP,Producto,Integraciones,2025-03-03,2026-05-04,16
ERP-802,ERP-342,Manufactura,MAN-ERP,Producto,Integraciones,2025-03-03,2026-06-22,256
ERP-505,ERP-344,Manufactura,MAN-ERP,Plataforma,Integraciones,2025-03-03,2026-04-02,0
ERP-880,ERP-392,Manufactura,MAN-ERP,Producto,Integraciones,2025-03-03,,184
ERP-609,ERP-419,Manufactura,MAN-ERP,Producto,Plataforma,2025-03-03,2025-05-30,0
ERP-249,ERP-437,Manufactura,MAN-ERP,Integraciones,Plataforma,2025-03-03,2025-08-05,120
ERP-640,ERP-439,Manufactura,MAN-ERP,Producto,Plataforma,2025-03-03,2025-07-21,0
ERP-84,ERP-463,Manufactura,MAN-ERP,Datos,Plataforma,2025-03-03,2025-08-05,0
ERP-689,ERP-464,Manufactura,MAN-ERP,Producto,Plataforma,2025-03-03,2025-10-08,0
ERP-85,ERP-465,Manufactura,MAN-ERP,Datos,Plataforma,2025-03-03,2025-11-04,40
ERP-290,ERP-468,Manufactura,MAN-ERP,Integraciones,Plataforma,2025-03-03,2025-12-08,192
ERP-726,ERP-483,Manufactura,MAN-ERP,Producto,Plataforma,2025-03-03,2026-01-02,0
ERP-764,ERP-499,Manufactura,MAN-ERP,Producto,Plataforma,2025-03-03,2026-04-15,320
ERP-763,ERP-510,Manufactura,MAN-ERP,Producto,Plataforma,2025-03-03,2026-04-13,72
ERP-831,ERP-535,Manufactura,MAN-ERP,Producto,Plataforma,2025-03-03,2026-08-04,216
ERP-394,ERP-565,Manufactura,MAN-ERP,Plataforma,Producto,2025-03-03,2025-03-13,32
ERP-42,ERP-579,Manufactura,MAN-ERP,Datos,Producto,2025-03-03,2025-03-11,0
ERP-397,ERP-581,Manufactura,MAN-ERP,Plataforma,Producto,2025-03-03,2025-03-18,0
ERP-49,ERP-583,Manufactura,MAN-ERP,Datos,Producto,2025-03-03,2025-04-10,0
ERP-399,ERP-585,Manufactura,MAN-ERP,Plataforma,Producto,2025-03-03,2025-03-20,0
ERP-41,ERP-593,Manufactura,MAN-ERP,Datos,Producto,2025-03-03,2025-03-12,0
ERP-890,ERP-594,Manufactura,MAN-ERP,QA,Producto,2025-03-03,2025-04-01,0
ERP-48,ERP-595,Manufactura,MAN-ERP,Datos,Producto,2025-03-03,2025-04-09,0
ERP-400,ERP-607,Manufactura,MAN-ERP,Plataforma,Producto,2025-03-03,2025-04-01,0
ERP-231,ERP-619,Manufactura,MAN-ERP,Integraciones,Producto,2025-03-03,2025-07-08,192
ERP-231,ERP-626,Manufactura,MAN-ERP,Integraciones,Producto,2025-03-03,2025-07-08,120
ERP-424,ERP-651,Manufactura,MAN-ERP,Plataforma,Producto,2025-03-03,2025-06-19,0
ERP-248,ERP-654,Manufactura,MAN-ERP,Integraciones,Producto,2025-03-03,2025-08-05,56
ERP-921,ERP-673,Manufactura,MAN-ERP,QA,Producto,2025-03-03,2025-07-04,0
ERP-70,ERP-679,Manufactura,MAN-ERP,Datos,Producto,2025-03-03,2025-06-16,0
ERP-255,ERP-695,Manufactura,MAN-ERP,Integraciones,Producto,2025-03-03,2025-08-22,0
ERP-82,ERP-696,Manufactura,MAN-ERP,Datos,Producto,2025-03-03,2025-07-22,0
ERP-84,ERP-699,Manufactura,MAN-ERP,Datos,Producto,2025-03-03,2025-08-05,0
ERP-932,ERP-700,Manufactura,MAN-ERP,QA,Producto,2025-03-03,2025-08-13,0
ERP-446,ERP-706,Manufactura,MAN-ERP,Plataforma,Producto,2025-03-03,2025-08-28,0
ERP-444,ERP-715,Manufactura,MAN-ERP,Plataforma,Producto,2025-03-03,2025-08-25,0
ERP-944,ERP-719,Manufactura,MAN-ERP,QA,Producto,2025-03-03,2025-09-29,0
ERP-90,ERP-730,Manufactura,MAN-ERP,Datos,Producto,2025-03-03,2025-08-13,0
ERP-297,ERP-739,Manufactura,MAN-ERP,Integraciones,Producto,2025-03-03,2025-12-24,0
ERP-473,ERP-742,Manufactura,MAN-ERP,Plataforma,Producto,2025-03-03,2025-11-28,0
ERP-473,ERP-748,Manufactura,MAN-ERP,Plataforma,Producto,2025-03-03,2025-11-28,0
ERP-496,ERP-781,Manufactura,MAN-ERP,Plataforma,Producto,2025-03-03,2026-02-16,0
ERP-122,ERP-785,Manufactura,MAN-ERP,Datos,Producto,2025-03-03,2025-12-17,0
ERP-129,ERP-809,Manufactura,MAN-ERP,Datos,Producto,2025-03-03,2026-01-07,0
ERP-520,ERP-823,Manufactura,MAN-ERP,Plataforma,Producto,2025-03-03,2026-05-27,0
ERP-156,ERP-844,Manufactura,MAN-ERP,Datos,Producto,2025-03-03,2026-06-19,0
ERP-362,ERP-859,Manufactura,MAN-ERP,Integraciones,Producto,2025-03-03,2026-06-25,0
ERP-167,ERP-883,Manufactura,MAN-ERP,Datos,Producto,2025-03-03,2026-04-21,0
ERP-563,ERP-884,Manufactura,MAN-ERP,Producto,QA,2025-03-03,2025-03-11,24
ERP-42,ERP-891,Manufactura,MAN-ERP,Datos,QA,2025-03-03,2025-03-11,0
ERP-394,ERP-898,Manufactura,MAN-ERP,Plataforma,QA,2025-03-03,2025-03-13,0
ERP-402,ERP-907,Manufactura,MAN-ERP,Plataforma,QA,2025-03-03,2025-04-03,0
ERP-621,ERP-911,Manufactura,MAN-ERP,Producto,QA,2025-03-03,2025-06-17,168
ERP-613,ERP-914,Manufactura,MAN-ERP,Producto,QA,2025-03-03,2025-06-09,112
ERP-416,ERP-926,Manufactura,MAN-ERP,Plataforma,QA,2025-03-03,2025-05-28,0
ERP-422,ERP-928,Manufactura,MAN-ERP,Plataforma,QA,2025-03-03,2025-06-10,0
ERP-441,ERP-942,Manufactura,MAN-ERP,Plataforma,QA,2025-03-03,2025-08-07,0
ERP-261,ERP-946,Manufactura,MAN-ERP,Integraciones,QA,2025-03-03,2025-09-10,0
ERP-323,ERP-998,Manufactura,MAN-ERP,Integraciones,QA,2025-03-03,2026-03-11,0
ERP-505,ERP-1005,Manufactura,MAN-ERP,Plataforma,QA,2025-03-03,2026-04-02,0
ERP-141,ERP-1011,Manufactura,MAN-ERP,Datos,QA,2025-03-03,2026-06-23,136
ERP-801,ERP-1016,Manufactura,MAN-ERP,Producto,QA,2025-03-03,2026-07-07,168
ERP-341,ERP-1017,Manufactura,MAN-ERP,Integraciones,QA,2025-03-03,2026-05-08,0
ERP-148,ERP-1030,Manufactura,MAN-ERP,Datos,QA,2025-03-03,2026-07-09,0
ERP-370,ERP-1036,Manufactura,MAN-ERP,Integraciones,QA,2025-03-03,2026-07-07,0
ERP-538,ERP-1039,Manufactura,MAN-ERP,Plataforma,QA,2025-03-03,2026-07-23,0
ERP-366,ERP-1045,Manufactura,MAN-ERP,Integraciones,QA,2025-03-03,2026-07-03,0
ERP-177,ERP-1057,Manufactura,MAN-ERP,Datos,QA,2025-03-03,2026-05-20,0
LOT-226,LOT-26,Manufactura,MAN-LOT,Plataforma,Datos,2025-01-06,2025-01-14,32
LOT-166,LOT-59,Manufactura,MAN-LOT,Integraciones,Datos,2025-01-06,2025-02-17,0
LOT-253,LOT-89,Manufactura,MAN-LOT,Plataforma,Datos,2025-01-06,2025-04-03,0
LOT-261,LOT-106,Manufactura,MAN-LOT,Plataforma,Datos,2025-01-06,2025-05-21,0
LOT-352,LOT-110,Manufactura,MAN-LOT,Producto,Datos,2025-01-06,2025-04-22,0
LOT-51,LOT-167,Manufactura,MAN-LOT,Datos,Integraciones,2025-01-06,2025-02-26,96
LOT-340,LOT-194,Manufactura,MAN-LOT,Producto,Integraciones,2025-01-06,2025-03-25,0
LOT-352,LOT-204,Manufactura,MAN-LOT,Producto,Integraciones,2025-01-06,2025-04-22,0
LOT-269,LOT-215,Manufactura,MAN-LOT,Plataforma,Integraciones,2025-01-06,2025-07-29,0
LOT-159,LOT-235,Manufactura,MAN-LOT,Integraciones,Plataforma,2025-01-06,2025-02-03,56
LOT-46,LOT-242,Manufactura,MAN-LOT,Datos,Plataforma,2025-01-06,2025-03-13,168
LOT-310,LOT-243,Manufactura,MAN-LOT,Producto,Plataforma,2025-01-06,2025-02-14,0
LOT-348,LOT-261,Manufactura,MAN-LOT,Producto,Plataforma,2025-01-06,2025-03-28,0
LOT-197,LOT-262,Manufactura,MAN-LOT,Integraciones,Plataforma,2025-01-06,2025-06-04,104
LOT-450,LOT-268,Manufactura,MAN-LOT,QA,Plataforma,2025-01-06,2025-07-22,40
LOT-142,LOT-286,Manufactura,MAN-LOT,Integraciones,Producto,2025-01-06,2025-01-15,16
LOT-143,LOT-292,Manufactura,MAN-LOT,Integraciones,Producto,2025-01-06,2025-01-24,40
LOT-240,LOT-323,Manufactura,MAN-LOT,Plataforma,Producto,2025-01-06,2025-02-13,0
LOT-185,LOT-345,Manufactura,MAN-LOT,Integraciones,Producto,2025-01-06,2025-04-14,104
LOT-258,LOT-346,Manufactura,MAN-LOT,Plataforma,Producto,2025-01-06,2025-04-25,192
LOT-263,LOT-366,Manufactura,MAN-LOT,Plataforma,Producto,2025-01-06,2025-05-21,0
LOT-266,LOT-372,Manufactura,MAN-LOT,Plataforma,Producto,2025-01-06,2025-06-11,0
LOT-119,LOT-382,Manufactura,MAN-LOT,Datos,Producto,2025-01-06,2025-09-09,352
LOT-121,LOT-385,Manufactura,MAN-LOT,Datos,Producto,2025-01-06,2025-09-17,256
LOT-142,LOT-402,Manufactura,MAN-LOT,Integraciones,QA,2025-01-06,2025-01-15,16
LOT-294,LOT-408,Manufactura,MAN-LOT,Producto,QA,2025-01-06,2025-01-28,64
LOT-180,LOT-433,Manufactura,MAN-LOT,Integraciones,QA,2025-01-06,2025-03-06,0
POR-46,POR-14,Manufactura,MAN-POR,Integraciones,Datos,2025-09-01,2025-10-06,32
POR-81,POR-48,Manufactura,MAN-POR,Plataforma,Integraciones,2025-09-01,2025-09-23,0
POR-200,POR-68,Manufactura,MAN-POR,Producto,Integraciones,2025-09-01,2026-02-24,0
POR-132,POR-82,Manufactura,MAN-POR,Producto,Plataforma,2025-09-01,2025-10-09,128
POR-15,POR-86,Manufactura,MAN-POR,Datos,Plataforma,2025-09-01,2025-10-10,96
POR-181,POR-107,Manufactura,MAN-POR,Producto,Plataforma,2025-09-01,2026-01-27,144
POR-64,POR-109,Manufactura,MAN-POR,Integraciones,Plataforma,2025-09-01,2026-03-03,344
POR-196,POR-110,Manufactura,MAN-POR,Producto,Plataforma,2025-09-01,2026-02-16,160
POR-69,POR-115,Manufactura,MAN-POR,Integraciones,Plataforma,2025-09-01,2026-04-08,272
POR-80,POR-137,Manufactura,MAN-POR,Plataforma,Producto,2025-09-01,2025-09-15,0
POR-14,POR-145,Manufactura,MAN-POR,Datos,Producto,2025-09-01,2025-10-13,0
POR-18,POR-161,Manufactura,MAN-POR,Datos,Producto,2025-09-01,2025-10-31,0
POR-17,POR-166,Manufactura,MAN-POR,Datos,Producto,2025-09-01,2025-10-27,0
POR-55,POR-170,Manufactura,MAN-POR,Integraciones,Producto,2025-09-01,2026-01-06,72
POR-97,POR-185,Manufactura,MAN-POR,Plataforma,Producto,2025-09-01,2025-11-25,0
POR-38,POR-213,Manufactura,MAN-POR,Datos,Producto,2025-09-01,2026-04-14,104
POR-15,POR-246,Manufactura,MAN-POR,Datos,QA,2025-09-01,2025-10-10,0
POR-15,POR-248,Manufactura,MAN-POR,Datos,QA,2025-09-01,2025-10-10,0
POR-91,POR-261,Manufactura,MAN-POR,Plataforma,QA,2025-09-01,2025-10-30,0
POR-40,POR-275,Manufactura,MAN-POR,Datos,QA,2025-09-01,2026-04-20,56
POR-41,POR-276,Manufactura,MAN-POR,Datos,QA,2025-09-01,2026-05-01,88
PRE-359,PRE-17,Manufactura,MAN-PRE,QA,Datos,2026-02-02,2026-02-16,56
PRE-367,PRE-44,Manufactura,MAN-PRE,QA,Datos,2026-02-02,2026-04-16,0
PRE-289,PRE-48,Manufactura,MAN-PRE,Producto,Datos,2026-02-02,2026-07-06,304
PRE-172,PRE-70,Manufactura,MAN-PRE,Integraciones,Datos,2026-02-02,2026-08-28,304
PRE-235,PRE-75,Manufactura,MAN-PRE,Plataforma,Datos,2026-02-02,2026-07-07,0
PRE-178,PRE-84,Manufactura,MAN-PRE,Integraciones,Datos,2026-02-02,2026-09-24,360
PRE-382,PRE-85,Manufactura,MAN-PRE,QA,Datos,2026-02-02,2026-09-04,256
PRE-312,PRE-99,Manufactura,MAN-PRE,Producto,Datos,2026-02-02,,272
PRE-251,PRE-104,Manufactura,MAN-PRE,Plataforma,Datos,2026-02-02,,240
PRE-325,PRE-109,Manufactura,MAN-PRE,Producto,Datos,2026-02-02,,184
PRE-336,PRE-118,Manufactura,MAN-PRE,Producto,Datos,2026-02-02,,88
PRE-339,PRE-125,Manufactura,MAN-PRE,Producto,Datos,2026-02-02,,16
PRE-201,PRE-146,Manufactura,MAN-PRE,Integraciones,Datos,2026-02-02,,0
PRE-16,PRE-150,Manufactura,MAN-PRE,Datos,Integraciones,2026-02-02,2026-02-11,0
PRE-18,PRE-157,Manufactura,MAN-PRE,Datos,Integraciones,2026-02-02,2026-02-18,0
PRE-244,PRE-181,Manufactura,MAN-PRE,Plataforma,Integraciones,2026-02-02,2026-09-15,0
PRE-52,PRE-231,Manufactura,MAN-PRE,Datos,Plataforma,2026-02-02,2026-05-27,0
PRE-139,PRE-263,Manufactura,MAN-PRE,Datos,Plataforma,2026-02-02,,0
PRE-359,PRE-272,Manufactura,MAN-PRE,QA,Producto,2026-02-02,2026-02-16,0
PRE-19,PRE-275,Manufactura,MAN-PRE,Datos,Producto,2026-02-02,2026-03-09,0
PRE-221,PRE-292,Manufactura,MAN-PRE,Plataforma,Producto,2026-02-02,2026-05-11,0
PRE-229,PRE-303,Manufactura,MAN-PRE,Plataforma,Producto,2026-02-02,2026-06-05,0
PRE-73,PRE-315,Manufactura,MAN-PRE,Datos,Producto,2026-02-02,2026-07-15,0
PRE-245,PRE-317,Manufactura,MAN-PRE,Plataforma,Producto,2026-02-02,2026-09-16,0
PRE-92,PRE-324,Manufactura,MAN-PRE,Datos,Producto,2026-02-02,2026-08-10,0
PRE-185,PRE-329,Manufactura,MAN-PRE,Integraciones,Producto,2026-02-02,,0
PRE-397,PRE-338,Manufactura,MAN-PRE,QA,Producto,2026-02-02,,0
PRE-226,PRE-373,Manufactura,MAN-PRE,Plataforma,QA,2026-02-02,2026-05-27,0
TEL-159,TEL-29,Energia,ENE-TEL,Integraciones,Datos,2025-02-03,2025-02-21,152
TEL-155,TEL-31,Energia,ENE-TEL,Integraciones,Datos,2025-02-03,2025-02-06,0
TEL-514,TEL-32,Energia,ENE-TEL,QA,Datos,2025-02-03,2025-02-13,40
TEL-377,TEL-39,Energia,ENE-TEL,Producto,Datos,2025-02-03,2025-02-18,0
TEL-519,TEL-42,Energia,ENE-TEL,QA,Datos,2025-02-03,2025-03-19,112
TEL-173,TEL-58,Energia,ENE-TEL,Integraciones,Datos,2025-02-03,2025-03-18,0
TEL-284,TEL-60,Energia,ENE-TEL,Plataforma,Datos,2025-02-03,2025-04-14,80
TEL-419,TEL-68,Energia,ENE-TEL,Producto,Datos,2025-02-03,2025-04-24,48
TEL-188,TEL-79,Energia,ENE-TEL,Integraciones,Datos,2025-02-03,2025-06-05,144
TEL-199,TEL-102,Energia,ENE-TEL,Integraciones,Datos,2025-02-03,2025-05-13,0
TEL-208,TEL-105,Energia,ENE-TEL,Integraciones,Datos,2025-02-03,2025-06-23,0
TEL-202,TEL-108,Energia,ENE-TEL,Integraciones,Datos,2025-02-03,2025-05-28,0
TEL-340,TEL-113,Energia,ENE-TEL,Plataforma,Datos,2025-02-03,2025-09-26,160
TEL-214,TEL-114,Energia,ENE-TEL,Integraciones,Datos,2025-02-03,2025-06-25,0
TEL-472,TEL-118,Energia,ENE-TEL,Producto,Datos,2025-02-03,2025-06-09,0
TEL-218,TEL-127,Energia,ENE-TEL,Integraciones,Datos,2025-02-03,2025-07-17,0
TEL-355,TEL-135,Energia,ENE-TEL,Plataforma,Datos,2025-02-03,2025-11-10,0
TEL-227,TEL-140,Energia,ENE-TEL,Integraciones,Datos,2025-02-03,2025-09-09,0
TEL-238,TEL-141,Energia,ENE-TEL,Integraciones,Datos,2025-02-03,2025-12-11,0
TEL-363,TEL-144,Energia,ENE-TEL,Plataforma,Datos,2025-02-03,2025-12-05,0
TEL-373,TEL-157,Energia,ENE-TEL,Producto,Integraciones,2025-02-03,2025-03-04,176
TEL-381,TEL-166,Energia,ENE-TEL,Producto,Integraciones,2025-02-03,2025-03-14,104
TEL-376,TEL-167,Energia,ENE-TEL,Producto,Integraciones,2025-02-03,2025-03-03,0
TEL-279,TEL-176,Energia,ENE-TEL,Plataforma,Integraciones,2025-02-03,2025-04-01,64
TEL-391,TEL-179,Energia,ENE-TEL,Producto,Integraciones,2025-02-03,2025-02-27,0
TEL-59,TEL-182,Energia,ENE-TEL,Datos,Integraciones,2025-02-03,2025-04-16,120
TEL-406,TEL-183,Energia,ENE-TEL,Producto,Integraciones,2025-02-03,2025-03-20,0
TEL-59,TEL-184,Energia,ENE-TEL,Datos,Integraciones,2025-02-03,2025-04-16,88
TEL-301,TEL-188,Energia,ENE-TEL,Plataforma,Integraciones,2025-02-03,2025-05-23,280
TEL-434,TEL-198,Energia,ENE-TEL,Producto,Integraciones,2025-02-03,2025-05-02,0
TEL-89,TEL-201,Energia,ENE-TEL,Datos,Integraciones,2025-02-03,2025-06-06,152
TEL-328,TEL-206,Energia,ENE-TEL,Plataforma,Integraciones,2025-02-03,2025-08-06,400
TEL-562,TEL-207,Energia,ENE-TEL,QA,Integraciones,2025-02-03,2025-06-10,72
TEL-92,TEL-208,Energia,ENE-TEL,Datos,Integraciones,2025-02-03,2025-06-17,80
TEL-573,TEL-221,Energia,ENE-TEL,QA,Integraciones,2025-02-03,2025-10-13,456
TEL-116,TEL-226,Energia,ENE-TEL,Datos,Integraciones,2025-02-03,2025-09-11,160
TEL-132,TEL-230,Energia,ENE-TEL,Datos,Integraciones,2025-02-03,2025-12-19,624
TEL-357,TEL-235,Energia,ENE-TEL,Plataforma,Integraciones,2025-02-03,2025-11-18,312
TEL-362,TEL-238,Energia,ENE-TEL,Plataforma,Integraciones,2025-02-03,2025-12-02,168
TEL-359,TEL-245,Energia,ENE-TEL,Plataforma,Integraciones,2025-02-03,2025-11-19,0
TEL-366,TEL-247,Energia,ENE-TEL,Plataforma,Integraciones,2025-02-03,2025-12-16,0
TEL-372,TEL-250,Energia,ENE-TEL,Plataforma,Integraciones,2025-02-03,2026-01-23,0
TEL-31,TEL-261,Energia,ENE-TEL,Datos,Plataforma,2025-02-03,2025-02-10,0
TEL-377,TEL-265,Energia,ENE-TEL,Producto,Plataforma,2025-02-03,2025-02-18,0
TEL-381,TEL-273,Energia,ENE-TEL,Producto,Plataforma,2025-02-03,2025-03-14,0
TEL-48,TEL-277,Energia,ENE-TEL,Datos,Plataforma,2025-02-03,2025-03-19,0
TEL-519,TEL-280,Energia,ENE-TEL,QA,Plataforma,2025-02-03,2025-03-19,0
TEL-170,TEL-283,Energia,ENE-TEL,Integraciones,Plataforma,2025-02-03,2025-03-11,0
TEL-174,TEL-286,Energia,ENE-TEL,Integraciones,Plataforma,2025-02-03,2025-03-24,0
TEL-391,TEL-290,Energia,ENE-TEL,Producto,Plataforma,2025-02-03,2025-02-27,0
TEL-171,TEL-291,Energia,ENE-TEL,Integraciones,Plataforma,2025-02-03,2025-03-17,0
TEL-412,TEL-296,Energia,ENE-TEL,Producto,Plataforma,2025-02-03,2025-04-02,0
TEL-185,TEL-305,Energia,ENE-TEL,Integraciones,Plataforma,2025-02-03,2025-04-04,0
TEL-429,TEL-315,Energia,ENE-TEL,Producto,Plataforma,2025-02-03,2025-04-24,0
TEL-68,TEL-316,Energia,ENE-TEL,Datos,Plataforma,2025-02-03,2025-05-02,0
TEL-189,TEL-317,Energia,ENE-TEL,Integraciones,Plataforma,2025-02-03,2025-04-21,0
TEL-193,TEL-318,Energia,ENE-TEL,Integraciones,Plataforma,2025-02-03,2025-05-14,0
TEL-436,TEL-327,Energia,ENE-TEL,Producto,Plataforma,2025-02-03,2025-06-03,0
TEL-202,TEL-330,Energia,ENE-TEL,Integraciones,Plataforma,2025-02-03,2025-05-28,0
TEL-197,TEL-332,Energia,ENE-TEL,Integraciones,Plataforma,2025-02-03,2025-05-09,0
TEL-452,TEL-333,Energia,ENE-TEL,Producto,Plataforma,2025-02-03,2025-05-22,0
TEL-101,TEL-334,Energia,ENE-TEL,Datos,Plataforma,2025-02-03,2025-07-23,0
TEL-212,TEL-343,Energia,ENE-TEL,Integraciones,Plataforma,2025-02-03,2025-07-07,0
TEL-212,TEL-347,Energia,ENE-TEL,Integraciones,Plataforma,2025-02-03,2025-07-07,0
TEL-223,TEL-357,Energia,ENE-TEL,Integraciones,Plataforma,2025-02-03,2025-08-12,0
TEL-225,TEL-358,Energia,ENE-TEL,Integraciones,Plataforma,2025-02-03,2025-08-15,0
TEL-156,TEL-373,Energia,ENE-TEL,Integraciones,Producto,2025-02-03,2025-02-21,136
TEL-26,TEL-376,Energia,ENE-TEL,Datos,Producto,2025-02-03,2025-02-21,128
TEL-30,TEL-380,Energia,ENE-TEL,Datos,Producto,2025-02-03,2025-02-19,32
TEL-42,TEL-389,Energia,ENE-TEL,Datos,Producto,2025-02-03,2025-04-04,264
TEL-174,TEL-399,Energia,ENE-TEL,Integraciones,Producto,2025-02-03,2025-03-24,128
TEL-171,TEL-404,Energia,ENE-TEL,Integraciones,Producto,2025-02-03,2025-03-17,56
TEL-185,TEL-420,Energia,ENE-TEL,Integraciones,Producto,2025-02-03,2025-04-04,56
TEL-187,TEL-428,Energia,ENE-TEL,Integraciones,Producto,2025-02-03,2025-04-07,0
TEL-189,TEL-431,Energia,ENE-TEL,Integraciones,Producto,2025-02-03,2025-04-21,0
TEL-305,TEL-436,Energia,ENE-TEL,Plataforma,Producto,2025-02-03,2025-05-29,184
TEL-195,TEL-440,Energia,ENE-TEL,Integraciones,Producto,2025-02-03,2025-05-06,96
TEL-191,TEL-441,Energia,ENE-TEL,Integraciones,Producto,2025-02-03,2025-04-30,0
TEL-195,TEL-445,Energia,ENE-TEL,Integraciones,Producto,2025-02-03,2025-05-06,0
TEL-320,TEL-446,Energia,ENE-TEL,Plataforma,Producto,2025-02-03,2025-08-04,464
TEL-86,TEL-447,Energia,ENE-TEL,Datos,Producto,2025-02-03,2025-06-04,152
TEL-207,TEL-462,Energia,ENE-TEL,Integraciones,Producto,2025-02-03,2025-06-18,200
TEL-206,TEL-465,Energia,ENE-TEL,Integraciones,Producto,2025-02-03,2025-08-13,440
TEL-333,TEL-469,Energia,ENE-TEL,Plataforma,Producto,2025-02-03,2025-08-21,464
TEL-220,TEL-477,Energia,ENE-TEL,Integraciones,Producto,2025-02-03,2025-08-08,264
TEL-227,TEL-484,Energia,ENE-TEL,Integraciones,Producto,2025-02-03,2025-09-09,376
TEL-362,TEL-498,Energia,ENE-TEL,Plataforma,Producto,2025-02-03,2025-12-02,488
TEL-238,TEL-499,Energia,ENE-TEL,Integraciones,Producto,2025-02-03,2025-12-11,560
TEL-368,TEL-501,Energia,ENE-TEL,Plataforma,Producto,2025-02-03,2025-12-18,456
TEL-258,TEL-516,Energia,ENE-TEL,Plataforma,QA,2025-02-03,2025-02-11,0
TEL-263,TEL-519,Energia,ENE-TEL,Plataforma,QA,2025-02-03,2025-03-10,104
TEL-38,TEL-523,Energia,ENE-TEL,Datos,QA,2025-02-03,2025-03-06,48
TEL-42,TEL-528,Energia,ENE-TEL,Datos,QA,2025-02-03,2025-04-04,152
TEL-172,TEL-529,Energia,ENE-TEL,Integraciones,QA,2025-02-03,2025-03-13,0
TEL-50,TEL-531,Energia,ENE-TEL,Datos,QA,2025-02-03,2025-03-24,24
TEL-290,TEL-534,Energia,ENE-TEL,Plataforma,QA,2025-02-03,2025-04-21,144
TEL-419,TEL-543,Energia,ENE-TEL,Producto,QA,2025-02-03,2025-04-24,64
TEL-195,TEL-557,Energia,ENE-TEL,Integraciones,QA,2025-02-03,2025-05-06,0
TEL-205,TEL-566,Energia,ENE-TEL,Integraciones,QA,2025-02-03,2025-05-28,0
TEL-97,TEL-569,Energia,ENE-TEL,Datos,QA,2025-02-03,2025-07-02,56
TEL-113,TEL-573,Energia,ENE-TEL,Datos,QA,2025-02-03,2025-10-06,464
TEL-343,TEL-574,Energia,ENE-TEL,Plataforma,QA,2025-02-03,2025-09-26,408
TEL-114,TEL-579,Energia,ENE-TEL,Datos,QA,2025-02-03,2025-09-26,320
TEL-122,TEL-585,Energia,ENE-TEL,Datos,QA,2025-02-03,2025-10-08,256
TEL-353,TEL-587,Energia,ENE-TEL,Plataforma,QA,2025-02-03,2025-11-06,376
TEL-231,TEL-590,Energia,ENE-TEL,Integraciones,QA,2025-02-03,2025-09-11,0
TEL-241,TEL-593,Energia,ENE-TEL,Integraciones,QA,2025-02-03,2025-12-11,304
TEL-246,TEL-599,Energia,ENE-TEL,Integraciones,QA,2025-02-03,2026-01-21,392
TEL-371,TEL-603,Energia,ENE-TEL,Plataforma,QA,2025-02-03,2026-01-28,192
DES-341,DES-32,Energia,ENE-DES,Producto,Datos,2025-06-02,2025-07-30,184
DES-163,DES-38,Energia,ENE-DES,Integraciones,Datos,2025-06-02,2025-09-04,360
DES-351,DES-39,Energia,ENE-DES,Producto,Datos,2025-06-02,2025-07-10,0
DES-260,DES-41,Energia,ENE-DES,Plataforma,Datos,2025-06-02,2025-09-15,272
DES-171,DES-51,Energia,ENE-DES,Integraciones,Datos,2025-06-02,2025-09-16,0
DES-385,DES-60,Energia,ENE-DES,Producto,Datos,2025-06-02,2025-10-20,0
DES-182,DES-64,Energia,ENE-DES,Integraciones,Datos,2025-06-02,2025-11-17,0
DES-388,DES-65,Energia,ENE-DES,Producto,Datos,2025-06-02,2025-11-04,0
DES-189,DES-69,Energia,ENE-DES,Integraciones,Datos,2025-06-02,2025-12-18,0
DES-184,DES-71,Energia,ENE-DES,Integraciones,Datos,2025-06-02,2025-11-14,0
DES-195,DES-73,Energia,ENE-DES,Integraciones,Datos,2025-06-02,2026-01-16,0
DES-197,DES-78,Energia,ENE-DES,Integraciones,Datos,2025-06-02,2026-01-27,0
DES-188,DES-81,Energia,ENE-DES,Integraciones,Datos,2025-06-02,2025-11-24,0
DES-532,DES-87,Energia,ENE-DES,QA,Datos,2025-06-02,2026-01-30,0
DES-199,DES-90,Energia,ENE-DES,Integraciones,Datos,2025-06-02,2026-02-19,0
DES-202,DES-92,Energia,ENE-DES,Integraciones,Datos,2025-06-02,2026-04-16,80
DES-298,DES-102,Energia,ENE-DES,Plataforma,Datos,2025-06-02,2026-06-16,216
DES-300,DES-109,Energia,ENE-DES,Plataforma,Datos,2025-06-02,2026-06-22,144
DES-220,DES-119,Energia,ENE-DES,Integraciones,Datos,2025-06-02,2026-08-07,168
DES-220,DES-120,Energia,ENE-DES,Integraciones,Datos,2025-06-02,2026-08-07,192
DES-218,DES-122,Energia,ENE-DES,Integraciones,Datos,2025-06-02,2026-06-24,0
DES-310,DES-124,Energia,ENE-DES,Plataforma,Datos,2025-06-02,2026-08-18,160
DES-216,DES-126,Energia,ENE-DES,Integraciones,Datos,2025-06-02,2026-05-06,0
DES-472,DES-139,Energia,ENE-DES,Producto,Datos,2025-06-02,2026-08-26,0
DES-323,DES-141,Energia,ENE-DES,Plataforma,Datos,2025-06-02,2026-09-25,176
DES-323,DES-142,Energia,ENE-DES,Plataforma,Datos,2025-06-02,2026-09-25,176
DES-493,DES-149,Energia,ENE-DES,QA,Integraciones,2025-06-02,2025-06-12,0
DES-254,DES-158,Energia,ENE-DES,Plataforma,Integraciones,2025-06-02,2025-07-31,0
DES-42,DES-172,Energia,ENE-DES,Datos,Integraciones,2025-06-02,2025-08-07,0
DES-42,DES-173,Energia,ENE-DES,Datos,Integraciones,2025-06-02,2025-08-07,0
DES-263,DES-176,Energia,ENE-DES,Plataforma,Integraciones,2025-06-02,2025-10-10,64
DES-368,DES-177,Energia,ENE-DES,Producto,Integraciones,2025-06-02,2025-08-25,0
DES-42,DES-178,Energia,ENE-DES,Datos,Integraciones,2025-06-02,2025-08-07,0
DES-45,DES-180,Energia,ENE-DES,Datos,Integraciones,2025-06-02,2025-08-25,0
DES-522,DES-185,Energia,ENE-DES,QA,Integraciones,2025-06-02,2025-12-05,240
DES-66,DES-192,Energia,ENE-DES,Datos,Integraciones,2025-06-02,2026-01-21,184
DES-278,DES-197,Energia,ENE-DES,Plataforma,Integraciones,2025-06-02,2026-01-06,0
DES-289,DES-200,Energia,ENE-DES,Plataforma,Integraciones,2025-06-02,2026-03-18,248
DES-291,DES-202,Energia,ENE-DES,Plataforma,Integraciones,2025-06-02,2026-04-03,208
DES-81,DES-203,Energia,ENE-DES,Datos,Integraciones,2025-06-02,2026-03-06,0
DES-443,DES-217,Energia,ENE-DES,Producto,Integraciones,2025-06-02,2026-05-22,128
DES-559,DES-220,Energia,ENE-DES,QA,Integraciones,2025-06-02,2026-07-31,288
DES-308,DES-222,Energia,ENE-DES,Plataforma,Integraciones,2025-06-02,2026-08-10,256
DES-443,DES-225,Energia,ENE-DES,Producto,Integraciones,2025-06-02,2026-05-22,0
DES-453,DES-227,Energia,ENE-DES,Producto,Integraciones,2025-06-02,2026-06-30,0
DES-450,DES-231,Energia,ENE-DES,Producto,Integraciones,2025-06-02,2026-06-10,0
DES-321,DES-236,Energia,ENE-DES,Plataforma,Integraciones,2025-06-02,2026-09-17,128
DES-26,DES-251,Energia,ENE-DES,Datos,Plataforma,2025-06-02,2025-06-13,0
DES-27,DES-254,Energia,ENE-DES,Datos,Plataforma,2025-06-02,2025-06-10,0
DES-154,DES-259,Energia,ENE-DES,Integraciones,Plataforma,2025-06-02,2025-08-07,0
DES-509,DES-263,Energia,ENE-DES,QA,Plataforma,2025-06-02,2025-09-26,0
DES-371,DES-269,Energia,ENE-DES,Producto,Plataforma,2025-06-02,2025-09-02,0
DES-171,DES-272,Energia,ENE-DES,Integraciones,Plataforma,2025-06-02,2025-09-16,0
DES-187,DES-278,Energia,ENE-DES,Integraciones,Plataforma,2025-06-02,2025-11-17,0
DES-184,DES-279,Energia,ENE-DES,Integraciones,Plataforma,2025-06-02,2025-11-14,0
DES-67,DES-281,Energia,ENE-DES,Datos,Plataforma,2025-06-02,2026-01-20,0
DES-188,DES-283,Energia,ENE-DES,Integraciones,Plataforma,2025-06-02,2025-11-24,0
DES-206,DES-302,Energia,ENE-DES,Integraciones,Plataforma,2025-06-02,2026-04-02,0
DES-209,DES-306,Energia,ENE-DES,Integraciones,Plataforma,2025-06-02,2026-04-14,0
DES-220,DES-316,Energia,ENE-DES,Integraciones,Plataforma,2025-06-02,2026-08-07,0
DES-25,DES-330,Energia,ENE-DES,Datos,Producto,2025-06-02,2025-06-23,120
DES-149,DES-341,Energia,ENE-DES,Integraciones,Producto,2025-06-02,2025-07-10,136
DES-147,DES-344,Energia,ENE-DES,Integraciones,Producto,2025-06-02,2025-06-20,0
DES-250,DES-347,Energia,ENE-DES,Plataforma,Producto,2025-06-02,2025-06-20,0
DES-496,DES-349,Energia,ENE-DES,QA,Producto,2025-06-02,2025-07-09,0
DES-28,DES-351,Energia,ENE-DES,Datos,Producto,2025-06-02,2025-06-20,0
DES-160,DES-356,Energia,ENE-DES,Integraciones,Producto,2025-06-02,2025-08-12,152
DES-161,DES-363,Energia,ENE-DES,Integraciones,Producto,2025-06-02,2025-08-26,160
DES-34,DES-370,Energia,ENE-DES,Datos,Producto,2025-06-02,2025-07-15,0
DES-265,DES-376,Energia,ENE-DES,Plataforma,Producto,2025-06-02,2025-10-16,168
DES-514,DES-377,Energia,ENE-DES,QA,Producto,2025-06-02,2025-10-21,216
DES-182,DES-381,Energia,ENE-DES,Integraciones,Producto,2025-06-02,2025-11-17,368
DES-53,DES-382,Energia,ENE-DES,Datos,Producto,2025-06-02,2025-10-13,168
DES-179,DES-384,Energia,ENE-DES,Integraciones,Producto,2025-06-02,2025-10-20,208
DES-53,DES-387,Energia,ENE-DES,Datos,Producto,2025-06-02,2025-10-13,40
DES-176,DES-388,Energia,ENE-DES,Integraciones,Producto,2025-06-02,2025-10-20,184
DES-182,DES-389,Energia,ENE-DES,Integraciones,Producto,2025-06-02,2025-11-17,328
DES-57,DES-393,Energia,ENE-DES,Datos,Producto,2025-06-02,2025-11-04,152
DES-183,DES-397,Energia,ENE-DES,Integraciones,Producto,2025-06-02,2025-10-30,0
DES-188,DES-408,Energia,ENE-DES,Integraciones,Producto,2025-06-02,2025-11-24,40
DES-65,DES-414,Energia,ENE-DES,Datos,Producto,2025-06-02,2026-01-20,144
DES-79,DES-422,Energia,ENE-DES,Datos,Producto,2025-06-02,2026-03-04,208
DES-200,DES-424,Energia,ENE-DES,Integraciones,Producto,2025-06-02,2026-03-30,352
DES-87,DES-425,Energia,ENE-DES,Datos,Producto,2025-06-02,2026-04-07,352
DES-547,DES-429,Energia,ENE-DES,QA,Producto,2025-06-02,2026-05-11,448
DES-202,DES-431,Energia,ENE-DES,Integraciones,Producto,2025-06-02,2026-04-16,208
DES-204,DES-435,Energia,ENE-DES,Integraciones,Producto,2025-06-02,2026-03-25,0
DES-98,DES-439,Energia,ENE-DES,Datos,Producto,2025-06-02,2026-05-04,96
DES-207,DES-442,Energia,ENE-DES,Integraciones,Producto,2025-06-02,2026-04-02,0
DES-113,DES-460,Energia,ENE-DES,Datos,Producto,2025-06-02,2026-07-02,0
DES-316,DES-462,Energia,ENE-DES,Plataforma,Producto,2025-06-02,2026-09-08,184
DES-317,DES-467,Energia,ENE-DES,Plataforma,Producto,2025-06-02,2026-09-02,56
DES-321,DES-469,Energia,ENE-DES,Plataforma,Producto,2025-06-02,2026-09-17,184
DES-223,DES-470,Energia,ENE-DES,Integraciones,Producto,2025-06-02,2026-06-29,0
DES-570,DES-475,Energia,ENE-DES,QA,Producto,2025-06-02,,184
DES-132,DES-481,Energia,ENE-DES,Datos,Producto,2025-06-02,2026-08-19,0
DES-322,DES-485,Energia,ENE-DES,Plataforma,Producto,2025-06-02,2026-09-24,48
DES-337,DES-500,Energia,ENE-DES,Producto,QA,2025-06-02,2025-06-24,0
DES-257,DES-506,Energia,ENE-DES,Plataforma,QA,2025-06-02,2025-09-09,0
DES-254,DES-508,Energia,ENE-DES,Plataforma,QA,2025-06-02,2025-07-31,0
DES-263,DES-519,Energia,ENE-DES,Plataforma,QA,2025-06-02,2025-10-10,0
DES-177,DES-520,Energia,ENE-DES,Integraciones,QA,2025-06-02,2025-10-09,0
DES-174,DES-524,Energia,ENE-DES,Integraciones,QA,2025-06-02,2025-10-02,0
DES-183,DES-527,Energia,ENE-DES,Integraciones,QA,2025-06-02,2025-10-30,0
DES-81,DES-541,Energia,ENE-DES,Datos,QA,2025-06-02,2026-03-06,56
DES-87,DES-543,Energia,ENE-DES,Datos,QA,2025-06-02,2026-04-07,224
DES-201,DES-550,Energia,ENE-DES,Integraciones,QA,2025-06-02,2026-03-10,0
DES-424,DES-552,Energia,ENE-DES,Producto,QA,2025-06-02,2026-04-07,0
DES-433,DES-559,Energia,ENE-DES,Producto,QA,2025-06-02,2026-04-07,0
DES-436,DES-561,Energia,ENE-DES,Producto,QA,2025-06-02,2026-05-25,0
FAC-105,FAC-18,Energia,ENE-FAC,Plataforma,Datos,2025-10-06,2025-11-06,0
FAC-106,FAC-21,Energia,ENE-FAC,Plataforma,Datos,2025-10-06,2025-11-17,0
FAC-61,FAC-24,Energia,ENE-FAC,Integraciones,Datos,2025-10-06,2025-12-02,0
FAC-64,FAC-27,Energia,ENE-FAC,Integraciones,Datos,2025-10-06,2026-02-12,0
FAC-118,FAC-30,Energia,ENE-FAC,Plataforma,Datos,2025-10-06,2026-02-13,0
FAC-81,FAC-36,Energia,ENE-FAC,Integraciones,Datos,2025-10-06,2026-06-16,512
FAC-219,FAC-40,Energia,ENE-FAC,Producto,Datos,2025-10-06,2026-04-28,176
FAC-127,FAC-43,Energia,ENE-FAC,Plataforma,Datos,2025-10-06,2026-09-08,832
FAC-237,FAC-49,Energia,ENE-FAC,Producto,Datos,2025-10-06,2026-05-29,0
FAC-239,FAC-51,Energia,ENE-FAC,Producto,Datos,2025-10-06,2026-06-11,0
FAC-270,FAC-57,Energia,ENE-FAC,Producto,Datos,2025-10-06,2026-07-16,32
FAC-116,FAC-64,Energia,ENE-FAC,Plataforma,Integraciones,2025-10-06,2026-02-06,336
FAC-182,FAC-67,Energia,ENE-FAC,Producto,Integraciones,2025-10-06,2026-02-18,8
FAC-182,FAC-69,Energia,ENE-FAC,Producto,Integraciones,2025-10-06,2026-02-18,0
FAC-207,FAC-76,Energia,ENE-FAC,Producto,Integraciones,2025-10-06,2026-03-25,0
FAC-32,FAC-77,Energia,ENE-FAC,Datos,Integraciones,2025-10-06,2026-04-13,0
FAC-32,FAC-79,Energia,ENE-FAC,Datos,Integraciones,2025-10-06,2026-04-13,0
FAC-206,FAC-82,Energia,ENE-FAC,Producto,Integraciones,2025-10-06,2026-03-24,0
FAC-122,FAC-83,Energia,ENE-FAC,Plataforma,Integraciones,2025-10-06,2026-04-17,0
FAC-314,FAC-92,Energia,ENE-FAC,QA,Integraciones,2025-10-06,2026-09-17,136
FAC-130,FAC-93,Energia,ENE-FAC,Plataforma,Integraciones,2025-10-06,,120
FAC-250,FAC-95,Energia,ENE-FAC,Producto,Integraciones,2025-10-06,2026-06-17,0
FAC-58,FAC-106,Energia,ENE-FAC,Integraciones,Plataforma,2025-10-06,2025-11-10,80
FAC-23,FAC-117,Energia,ENE-FAC,Datos,Plataforma,2025-10-06,2026-01-19,0
FAC-30,FAC-120,Energia,ENE-FAC,Datos,Plataforma,2025-10-06,2026-03-13,184
FAC-73,FAC-122,Energia,ENE-FAC,Integraciones,Plataforma,2025-10-06,2026-03-27,216
FAC-75,FAC-124,Energia,ENE-FAC,Integraciones,Plataforma,2025-10-06,2026-04-08,0
FAC-78,FAC-126,Energia,ENE-FAC,Integraciones,Plataforma,2025-10-06,2026-05-19,0
FAC-103,FAC-138,Energia,ENE-FAC,Plataforma,Producto,2025-10-06,2025-10-15,0
FAC-103,FAC-143,Energia,ENE-FAC,Plataforma,Producto,2025-10-06,2025-10-15,0
FAC-58,FAC-148,Energia,ENE-FAC,Integraciones,Producto,2025-10-06,2025-11-10,0
FAC-59,FAC-154,Energia,ENE-FAC,Integraciones,Producto,2025-10-06,2025-11-14,0
FAC-284,FAC-167,Energia,ENE-FAC,QA,Producto,2025-10-06,2025-11-17,0
FAC-109,FAC-168,Energia,ENE-FAC,Plataforma,Producto,2025-10-06,2025-12-05,0
FAC-108,FAC-171,Energia,ENE-FAC,Plataforma,Producto,2025-10-06,2025-11-19,0
FAC-62,FAC-174,Energia,ENE-FAC,Integraciones,Producto,2025-10-06,2025-12-09,0
FAC-62,FAC-178,Energia,ENE-FAC,Integraciones,Producto,2025-10-06,2025-12-09,0
FAC-62,FAC-180,Energia,ENE-FAC,Integraciones,Producto,2025-10-06,2025-12-09,0
FAC-115,FAC-182,Energia,ENE-FAC,Plataforma,Producto,2025-10-06,2026-02-10,56
FAC-25,FAC-183,Energia,ENE-FAC,Datos,Producto,2025-10-06,2026-02-02,0
FAC-65,FAC-187,Energia,ENE-FAC,Integraciones,Producto,2025-10-06,2026-01-19,0
FAC-27,FAC-190,Energia,ENE-FAC,Datos,Producto,2025-10-06,2026-03-03,128
FAC-117,FAC-192,Energia,ENE-FAC,Plataforma,Producto,2025-10-06,2026-02-13,0
FAC-121,FAC-202,Energia,ENE-FAC,Plataforma,Producto,2025-10-06,2026-02-26,0
FAC-121,FAC-208,Energia,ENE-FAC,Plataforma,Producto,2025-10-06,2026-02-26,0
FAC-74,FAC-210,Energia,ENE-FAC,Integraciones,Producto,2025-10-06,2026-04-01,80
FAC-80,FAC-216,Energia,ENE-FAC,Integraciones,Producto,2025-10-06,2026-06-16,472
FAC-33,FAC-218,Energia,ENE-FAC,Datos,Producto,2025-10-06,2026-03-17,0
FAC-73,FAC-220,Energia,ENE-FAC,Integraciones,Producto,2025-10-06,2026-03-27,0
FAC-308,FAC-224,Energia,ENE-FAC,QA,Producto,2025-10-06,2026-05-01,48
FAC-83,FAC-226,Energia,ENE-FAC,Integraciones,Producto,2025-10-06,2026-07-02,408
FAC-81,FAC-227,Energia,ENE-FAC,Integraciones,Producto,2025-10-06,2026-06-16,312
FAC-86,FAC-229,Energia,ENE-FAC,Integraciones,Producto,2025-10-06,2026-07-13,408
FAC-87,FAC-232,Energia,ENE-FAC,Integraciones,Producto,2025-10-06,2026-08-12,552
FAC-39,FAC-237,Energia,ENE-FAC,Datos,Producto,2025-10-06,2026-04-06,0
FAC-84,FAC-238,Energia,ENE-FAC,Integraciones,Producto,2025-10-06,2026-07-20,320
FAC-91,FAC-240,Energia,ENE-FAC,Integraciones,Producto,2025-10-06,2026-08-28,576
FAC-93,FAC-249,Energia,ENE-FAC,Integraciones,Producto,2025-10-06,,616
FAC-130,FAC-251,Energia,ENE-FAC,Plataforma,Producto,2025-10-06,,568
FAC-52,FAC-254,Energia,ENE-FAC,Datos,Producto,2025-10-06,2026-06-29,40
FAC-95,FAC-260,Energia,ENE-FAC,Integraciones,Producto,2025-10-06,,512
FAC-95,FAC-262,Energia,ENE-FAC,Integraciones,Producto,2025-10-06,,456
FAC-96,FAC-263,Energia,ENE-FAC,Integraciones,Producto,2025-10-06,,464
FAC-131,FAC-264,Energia,ENE-FAC,Plataforma,Producto,2025-10-06,,488
FAC-97,FAC-268,Energia,ENE-FAC,Integraciones,Producto,2025-10-06,,432
FAC-326,FAC-272,Energia,ENE-FAC,QA,Producto,2025-10-06,,416
FAC-100,FAC-274,Energia,ENE-FAC,Integraciones,Producto,2025-10-06,,376
FAC-61,FAC-293,Energia,ENE-FAC,Integraciones,QA,2025-10-06,2025-12-02,0
FAC-63,FAC-296,Energia,ENE-FAC,Integraciones,QA,2025-10-06,2025-12-12,0
FAC-61,FAC-297,Energia,ENE-FAC,Integraciones,QA,2025-10-06,2025-12-02,0
FAC-30,FAC-304,Energia,ENE-FAC,Datos,QA,2025-10-06,2026-03-13,0
FAC-122,FAC-310,Energia,ENE-FAC,Plataforma,QA,2025-10-06,2026-04-17,0
FAC-124,FAC-311,Energia,ENE-FAC,Plataforma,QA,2025-10-06,2026-05-12,0
FAC-82,FAC-313,Energia,ENE-FAC,Integraciones,QA,2025-10-06,2026-06-25,0
FAC-127,FAC-314,Energia,ENE-FAC,Plataforma,QA,2025-10-06,2026-09-08,296
FAC-92,FAC-318,Energia,ENE-FAC,Integraciones,QA,2025-10-06,2026-09-30,344
FAC-101,FAC-327,Energia,ENE-FAC,Integraciones,QA,2025-10-06,,0
FAC-96,FAC-328,Energia,ENE-FAC,Integraciones,QA,2025-10-06,,0
FAC-260,FAC-329,Energia,ENE-FAC,Producto,QA,2025-10-06,,0
CIB-48,CIB-19,Energia,ENE-CIB,Integraciones,Datos,2026-01-05,2026-03-13,0
CIB-188,CIB-24,Energia,ENE-CIB,Producto,Datos,2026-01-05,2026-08-19,0
CIB-114,CIB-28,Energia,ENE-CIB,Plataforma,Datos,2026-01-05,2026-06-09,0
CIB-112,CIB-29,Energia,ENE-CIB,Plataforma,Datos,2026-01-05,2026-05-27,0
CIB-242,CIB-34,Energia,ENE-CIB,QA,Datos,2026-01-05,2026-08-07,0
CIB-162,CIB-42,Energia,ENE-CIB,Plataforma,Datos,2026-01-05,,0
CIB-176,CIB-48,Energia,ENE-CIB,Producto,Integraciones,2026-01-05,2026-03-10,136
CIB-110,CIB-60,Energia,ENE-CIB,Plataforma,Integraciones,2026-01-05,2026-05-19,0
CIB-195,CIB-64,Energia,ENE-CIB,Producto,Integraciones,2026-01-05,,520
CIB-200,CIB-67,Energia,ENE-CIB,Producto,Integraciones,2026-01-05,,304
CIB-242,CIB-71,Energia,ENE-CIB,QA,Integraciones,2026-01-05,2026-08-07,0
CIB-150,CIB-75,Energia,ENE-CIB,Plataforma,Integraciones,2026-01-05,,0
CIB-251,CIB-79,Energia,ENE-CIB,QA,Integraciones,2026-01-05,,0
CIB-15,CIB-90,Energia,ENE-CIB,Datos,Plataforma,2026-01-05,2026-07-03,744
CIB-190,CIB-115,Energia,ENE-CIB,Producto,Plataforma,2026-01-05,2026-09-22,688
CIB-72,CIB-133,Energia,ENE-CIB,Integraciones,Plataforma,2026-01-05,,360
CIB-69,CIB-134,Energia,ENE-CIB,Integraciones,Plataforma,2026-01-05,2026-08-26,184
CIB-72,CIB-142,Energia,ENE-CIB,Integraciones,Plataforma,2026-01-05,,200
CIB-215,CIB-171,Energia,ENE-CIB,Producto,Plataforma,2026-01-05,,0
CIB-48,CIB-182,Energia,ENE-CIB,Integraciones,Producto,2026-01-05,2026-03-13,0
CIB-53,CIB-186,Energia,ENE-CIB,Integraciones,Producto,2026-01-05,2026-05-08,0
CIB-57,CIB-190,Energia,ENE-CIB,Integraciones,Producto,2026-01-05,2026-05-22,0
CIB-55,CIB-191,Energia,ENE-CIB,Integraciones,Producto,2026-01-05,2026-05-20,0
CIB-61,CIB-199,Energia,ENE-CIB,Integraciones,Producto,2026-01-05,2026-06-25,0
CIB-244,CIB-207,Energia,ENE-CIB,QA,Producto,2026-01-05,2026-08-20,0
CIB-75,CIB-213,Energia,ENE-CIB,Integraciones,Producto,2026-01-05,,0
CIB-45,CIB-220,Energia,ENE-CIB,Integraciones,QA,2026-01-05,2026-01-20,0
CIB-52,CIB-228,Energia,ENE-CIB,Integraciones,QA,2026-01-05,2026-03-12,0
CIB-106,CIB-232,Energia,ENE-CIB,Plataforma,QA,2026-01-05,2026-04-30,0
CIB-26,CIB-239,Energia,ENE-CIB,Datos,QA,2026-01-05,2026-09-21,432
CIB-69,CIB-247,Energia,ENE-CIB,Integraciones,QA,2026-01-05,2026-08-26,0
CIB-213,CIB-251,Energia,ENE-CIB,Producto,QA,2026-01-05,,0
FIC-351,FIC-43,Salud,SAL-FIC,Plataforma,Datos,2025-04-07,2025-05-09,40
FIC-359,FIC-48,Salud,SAL-FIC,Plataforma,Datos,2025-04-07,2025-06-03,96
FIC-739,FIC-58,Salud,SAL-FIC,QA,Datos,2025-04-07,2025-06-02,40
FIC-364,FIC-59,Salud,SAL-FIC,Plataforma,Datos,2025-04-07,2025-07-15,272
FIC-366,FIC-69,Salud,SAL-FIC,Plataforma,Datos,2025-04-07,2025-07-14,160
FIC-369,FIC-71,Salud,SAL-FIC,Plataforma,Datos,2025-04-07,2025-08-05,264
FIC-392,FIC-87,Salud,SAL-FIC,Plataforma,Datos,2025-04-07,2025-10-13,440
FIC-576,FIC-91,Salud,SAL-FIC,Producto,Datos,2025-04-07,2025-08-12,40
FIC-241,FIC-92,Salud,SAL-FIC,Integraciones,Datos,2025-04-07,2025-07-16,0
FIC-250,FIC-94,Salud,SAL-FIC,Integraciones,Datos,2025-04-07,2025-08-21,96
FIC-246,FIC-95,Salud,SAL-FIC,Integraciones,Datos,2025-04-07,2025-08-15,64
FIC-255,FIC-100,Salud,SAL-FIC,Integraciones,Datos,2025-04-07,2025-09-03,48
FIC-254,FIC-107,Salud,SAL-FIC,Integraciones,Datos,2025-04-07,2025-08-27,0
FIC-629,FIC-122,Salud,SAL-FIC,Producto,Datos,2025-04-07,2025-12-02,272
FIC-424,FIC-127,Salud,SAL-FIC,Plataforma,Datos,2025-04-07,2026-01-22,448
FIC-284,FIC-140,Salud,SAL-FIC,Integraciones,Datos,2025-04-07,2026-01-14,184
FIC-436,FIC-146,Salud,SAL-FIC,Plataforma,Datos,2025-04-07,2026-02-20,272
FIC-459,FIC-154,Salud,SAL-FIC,Plataforma,Datos,2025-04-07,2026-05-08,528
FIC-447,FIC-156,Salud,SAL-FIC,Plataforma,Datos,2025-04-07,2026-04-08,304
FIC-297,FIC-161,Salud,SAL-FIC,Integraciones,Datos,2025-04-07,2026-03-03,48
FIC-464,FIC-162,Salud,SAL-FIC,Plataforma,Datos,2025-04-07,2026-05-11,416
FIC-463,FIC-163,Salud,SAL-FIC,Plataforma,Datos,2025-04-07,2026-05-18,448
FIC-308,FIC-165,Salud,SAL-FIC,Integraciones,Datos,2025-04-07,2026-04-30,288
FIC-471,FIC-173,Salud,SAL-FIC,Plataforma,Datos,2025-04-07,2026-06-01,208
FIC-307,FIC-175,Salud,SAL-FIC,Integraciones,Datos,2025-04-07,2026-05-05,0
FIC-689,FIC-176,Salud,SAL-FIC,Producto,Datos,2025-04-07,2026-03-31,0
FIC-479,FIC-182,Salud,SAL-FIC,Plataforma,Datos,2025-04-07,2026-06-22,128
FIC-485,FIC-185,Salud,SAL-FIC,Plataforma,Datos,2025-04-07,2026-07-09,96
FIC-327,FIC-186,Salud,SAL-FIC,Integraciones,Datos,2025-04-07,2026-06-29,0
FIC-483,FIC-192,Salud,SAL-FIC,Plataforma,Datos,2025-04-07,2026-07-07,0
FIC-702,FIC-194,Salud,SAL-FIC,Producto,Datos,2025-04-07,2026-04-27,0
FIC-35,FIC-207,Salud,SAL-FIC,Datos,Integraciones,2025-04-07,2025-04-23,32
FIC-349,FIC-208,Salud,SAL-FIC,Plataforma,Integraciones,2025-04-07,2025-04-25,0
FIC-40,FIC-211,Salud,SAL-FIC,Datos,Integraciones,2025-04-07,2025-05-01,0
FIC-39,FIC-212,Salud,SAL-FIC,Datos,Integraciones,2025-04-07,2025-04-28,0
FIC-44,FIC-219,Salud,SAL-FIC,Datos,Integraciones,2025-04-07,2025-05-09,0
FIC-78,FIC-245,Salud,SAL-FIC,Datos,Integraciones,2025-04-07,2025-07-17,0
FIC-566,FIC-246,Salud,SAL-FIC,Producto,Integraciones,2025-04-07,2025-08-04,24
FIC-586,FIC-248,Salud,SAL-FIC,Producto,Integraciones,2025-04-07,2025-08-25,152
FIC-573,FIC-250,Salud,SAL-FIC,Producto,Integraciones,2025-04-07,2025-08-07,0
FIC-409,FIC-263,Salud,SAL-FIC,Plataforma,Integraciones,2025-04-07,2025-12-16,512
FIC-410,FIC-265,Salud,SAL-FIC,Plataforma,Integraciones,2025-04-07,2025-12-19,488
FIC-609,FIC-267,Salud,SAL-FIC,Producto,Integraciones,2025-04-07,2025-10-08,0
FIC-103,FIC-269,Salud,SAL-FIC,Datos,Integraciones,2025-04-07,2025-08-28,0
FIC-113,FIC-275,Salud,SAL-FIC,Datos,Integraciones,2025-04-07,2025-09-19,0
FIC-434,FIC-282,Salud,SAL-FIC,Plataforma,Integraciones,2025-04-07,2026-02-13,280
FIC-440,FIC-287,Salud,SAL-FIC,Plataforma,Integraciones,2025-04-07,2026-03-16,368
FIC-642,FIC-288,Salud,SAL-FIC,Producto,Integraciones,2025-04-07,2026-02-23,224
FIC-655,FIC-290,Salud,SAL-FIC,Producto,Integraciones,2025-04-07,2026-01-27,24
FIC-156,FIC-302,Salud,SAL-FIC,Datos,Integraciones,2025-04-07,2026-04-10,80
FIC-681,FIC-312,Salud,SAL-FIC,Producto,Integraciones,2025-04-07,2026-03-12,0
FIC-685,FIC-313,Salud,SAL-FIC,Producto,Integraciones,2025-04-07,2026-03-23,0
FIC-167,FIC-318,Salud,SAL-FIC,Datos,Integraciones,2025-04-07,2026-03-19,0
FIC-173,FIC-328,Salud,SAL-FIC,Datos,Integraciones,2025-04-07,2026-06-10,0
FIC-195,FIC-346,Salud,SAL-FIC,Datos,Integraciones,2025-04-07,2026-07-31,0
FIC-38,FIC-367,Salud,SAL-FIC,Datos,Plataforma,2025-04-07,2025-04-29,0
FIC-738,FIC-370,Salud,SAL-FIC,QA,Plataforma,2025-04-07,2025-05-07,0
FIC-54,FIC-373,Salud,SAL-FIC,Datos,Plataforma,2025-04-07,2025-05-26,0
FIC-72,FIC-383,Salud,SAL-FIC,Datos,Plataforma,2025-04-07,2025-07-03,0
FIC-82,FIC-393,Salud,SAL-FIC,Datos,Plataforma,2025-04-07,2025-07-28,0
FIC-78,FIC-395,Salud,SAL-FIC,Datos,Plataforma,2025-04-07,2025-07-17,0
FIC-759,FIC-397,Salud,SAL-FIC,QA,Plataforma,2025-04-07,2025-09-25,0
FIC-243,FIC-398,Salud,SAL-FIC,Integraciones,Plataforma,2025-04-07,2025-07-22,0
FIC-80,FIC-402,Salud,SAL-FIC,Datos,Plataforma,2025-04-07,2025-07-23,0
FIC-587,FIC-406,Salud,SAL-FIC,Producto,Plataforma,2025-04-07,2025-09-02,0
FIC-257,FIC-411,Salud,SAL-FIC,Integraciones,Plataforma,2025-04-07,2025-09-11,0
FIC-593,FIC-417,Salud,SAL-FIC,Producto,Plataforma,2025-04-07,2025-09-11,0
FIC-255,FIC-426,Salud,SAL-FIC,Integraciones,Plataforma,2025-04-07,2025-09-03,0
FIC-281,FIC-438,Salud,SAL-FIC,Integraciones,Plataforma,2025-04-07,2025-12-31,0
FIC-790,FIC-441,Salud,SAL-FIC,QA,Plataforma,2025-04-07,2026-02-24,0
FIC-660,FIC-445,Salud,SAL-FIC,Producto,Plataforma,2025-04-07,2026-02-05,0
FIC-139,FIC-457,Salud,SAL-FIC,Datos,Plataforma,2025-04-07,2025-12-25,0
FIC-149,FIC-458,Salud,SAL-FIC,Datos,Plataforma,2025-04-07,2026-02-06,0
FIC-666,FIC-463,Salud,SAL-FIC,Producto,Plataforma,2025-04-07,2026-02-12,0
FIC-678,FIC-466,Salud,SAL-FIC,Producto,Plataforma,2025-04-07,2026-03-05,0
FIC-304,FIC-469,Salud,SAL-FIC,Integraciones,Plataforma,2025-04-07,2026-04-15,0
FIC-814,FIC-472,Salud,SAL-FIC,QA,Plataforma,2025-04-07,2026-06-26,128
FIC-303,FIC-475,Salud,SAL-FIC,Integraciones,Plataforma,2025-04-07,2026-04-07,0
FIC-314,FIC-478,Salud,SAL-FIC,Integraciones,Plataforma,2025-04-07,2026-05-25,0
FIC-182,FIC-484,Salud,SAL-FIC,Datos,Plataforma,2025-04-07,2026-06-30,0
FIC-194,FIC-503,Salud,SAL-FIC,Datos,Plataforma,2025-04-07,2026-08-06,0
FIC-200,FIC-507,Salud,SAL-FIC,Datos,Plataforma,2025-04-07,2026-08-13,0
FIC-53,FIC-532,Salud,SAL-FIC,Datos,Producto,2025-04-07,2025-05-26,0
FIC-370,FIC-536,Salud,SAL-FIC,Plataforma,Producto,2025-04-07,2025-08-12,264
FIC-742,FIC-546,Salud,SAL-FIC,QA,Producto,2025-04-07,2025-06-12,0
FIC-374,FIC-563,Salud,SAL-FIC,Plataforma,Producto,2025-04-07,2025-08-13,128
FIC-237,FIC-572,Salud,SAL-FIC,Integraciones,Producto,2025-04-07,2025-07-10,0
FIC-68,FIC-575,Salud,SAL-FIC,Datos,Producto,2025-04-07,2025-06-26,0
FIC-77,FIC-579,Salud,SAL-FIC,Datos,Producto,2025-04-07,2025-07-15,0
FIC-234,FIC-590,Salud,SAL-FIC,Integraciones,Producto,2025-04-07,2025-07-03,0
FIC-246,FIC-598,Salud,SAL-FIC,Integraciones,Producto,2025-04-07,2025-08-15,0
FIC-94,FIC-616,Salud,SAL-FIC,Datos,Producto,2025-04-07,2025-08-26,0
FIC-415,FIC-631,Salud,SAL-FIC,Plataforma,Producto,2025-04-07,2026-01-07,216
FIC-418,FIC-632,Salud,SAL-FIC,Plataforma,Producto,2025-04-07,2026-01-02,168
FIC-418,FIC-638,Salud,SAL-FIC,Plataforma,Producto,2025-04-07,2026-01-02,128
FIC-431,FIC-642,Salud,SAL-FIC,Plataforma,Producto,2025-04-07,2026-02-11,304
FIC-119,FIC-646,Salud,SAL-FIC,Datos,Producto,2025-04-07,2025-10-16,0
FIC-781,FIC-654,Salud,SAL-FIC,QA,Producto,2025-04-07,2025-12-29,0
FIC-440,FIC-664,Salud,SAL-FIC,Plataforma,Producto,2025-04-07,2026-03-16,248
FIC-134,FIC-670,Salud,SAL-FIC,Datos,Producto,2025-04-07,2025-12-16,0
FIC-283,FIC-672,Salud,SAL-FIC,Integraciones,Producto,2025-04-07,2026-01-07,0
FIC-457,FIC-684,Salud,SAL-FIC,Plataforma,Producto,2025-04-07,2026-04-22,240
FIC-457,FIC-688,Salud,SAL-FIC,Plataforma,Producto,2025-04-07,2026-04-22,200
FIC-170,FIC-698,Salud,SAL-FIC,Datos,Producto,2025-04-07,2026-05-19,240
FIC-162,FIC-706,Salud,SAL-FIC,Datos,Producto,2025-04-07,2026-05-28,200
FIC-176,FIC-713,Salud,SAL-FIC,Datos,Producto,2025-04-07,2026-05-21,0
FIC-336,FIC-727,Salud,SAL-FIC,Integraciones,Producto,2025-04-07,2026-07-09,152
FIC-191,FIC-728,Salud,SAL-FIC,Datos,Producto,2025-04-07,2026-07-16,200
FIC-214,FIC-744,Salud,SAL-FIC,Integraciones,QA,2025-04-07,2025-05-12,0
FIC-539,FIC-753,Salud,SAL-FIC,Producto,QA,2025-04-07,2025-06-26,0
FIC-376,FIC-754,Salud,SAL-FIC,Plataforma,QA,2025-04-07,2025-08-29,112
FIC-563,FIC-755,Salud,SAL-FIC,Producto,QA,2025-04-07,2025-08-15,0
FIC-582,FIC-761,Salud,SAL-FIC,Producto,QA,2025-04-07,2025-08-25,0
FIC-429,FIC-780,Salud,SAL-FIC,Plataforma,QA,2025-04-07,2026-01-28,232
FIC-427,FIC-783,Salud,SAL-FIC,Plataforma,QA,2025-04-07,2026-01-30,160
FIC-282,FIC-791,Salud,SAL-FIC,Integraciones,QA,2025-04-07,2026-02-19,40
FIC-284,FIC-792,Salud,SAL-FIC,Integraciones,QA,2025-04-07,2026-01-14,0
FIC-439,FIC-800,Salud,SAL-FIC,Plataforma,QA,2025-04-07,2026-03-04,0
FIC-289,FIC-802,Salud,SAL-FIC,Integraciones,QA,2025-04-07,2026-01-28,0
FIC-143,FIC-804,Salud,SAL-FIC,Datos,QA,2025-04-07,2026-01-15,0
FIC-457,FIC-806,Salud,SAL-FIC,Plataforma,QA,2025-04-07,2026-04-22,0
FIC-457,FIC-811,Salud,SAL-FIC,Plataforma,QA,2025-04-07,2026-04-22,0
FIC-475,FIC-823,Salud,SAL-FIC,Plataforma,QA,2025-04-07,2026-06-12,0
FIC-702,FIC-824,Salud,SAL-FIC,Producto,QA,2025-04-07,2026-04-27,0
FIC-331,FIC-827,Salud,SAL-FIC,Integraciones,QA,2025-04-07,2026-07-01,0
FIC-497,FIC-841,Salud,SAL-FIC,Plataforma,Datos,2025-12-01,2026-08-10,0
FIC-901,FIC-858,Salud,SAL-FIC,Integraciones,Datos,2025-12-01,2026-09-01,0
FIC-990,FIC-859,Salud,SAL-FIC,Producto,Datos,2025-12-01,2026-08-03,0
FIC-910,FIC-871,Salud,SAL-FIC,Integraciones,Datos,2025-12-01,2026-09-24,0
FIC-954,FIC-872,Salud,SAL-FIC,Plataforma,Datos,2025-12-01,,0
FIC-919,FIC-875,Salud,SAL-FIC,Integraciones,Datos,2025-12-01,,0
FIC-1017,FIC-878,Salud,SAL-FIC,Producto,Datos,2025-12-01,,0
FIC-921,FIC-882,Salud,SAL-FIC,Integraciones,Datos,2025-12-01,,0
FIC-966,FIC-885,Salud,SAL-FIC,Plataforma,Datos,2025-12-01,,0
FIC-966,FIC-886,Salud,SAL-FIC,Plataforma,Datos,2025-12-01,,0
FIC-969,FIC-889,Salud,SAL-FIC,Plataforma,Datos,2025-12-01,,0
FIC-853,FIC-908,Salud,SAL-FIC,Datos,Integraciones,2025-12-01,,88
FIC-1054,FIC-919,Salud,SAL-FIC,QA,Integraciones,2025-12-01,,0
FIC-1060,FIC-920,Salud,SAL-FIC,QA,Integraciones,2025-12-01,,0
FIC-993,FIC-949,Salud,SAL-FIC,Producto,Plataforma,2025-12-01,2026-08-03,0
FIC-859,FIC-950,Salud,SAL-FIC,Datos,Plataforma,2025-12-01,,0
FIC-867,FIC-956,Salud,SAL-FIC,Datos,Plataforma,2025-12-01,,0
FIC-919,FIC-962,Salud,SAL-FIC,Integraciones,Plataforma,2025-12-01,,0
FIC-841,FIC-983,Salud,SAL-FIC,Datos,Producto,2025-12-01,2026-09-18,424
FIC-842,FIC-984,Salud,SAL-FIC,Datos,Producto,2025-12-01,2026-09-16,416
FIC-1051,FIC-1008,Salud,SAL-FIC,QA,Producto,2025-12-01,,128
FIC-912,FIC-1009,Salud,SAL-FIC,Integraciones,Producto,2025-12-01,2026-09-30,136
FIC-955,FIC-1012,Salud,SAL-FIC,Plataforma,Producto,2025-12-01,,120
FIC-957,FIC-1016,Salud,SAL-FIC,Plataforma,Producto,2025-12-01,,88
FIC-201,FIC-1044,Salud,SAL-FIC,Datos,QA,2025-12-01,2026-09-21,40
FIC-855,FIC-1050,Salud,SAL-FIC,Datos,QA,2025-12-01,,0
FIC-912,FIC-1054,Salud,SAL-FIC,Integraciones,QA,2025-12-01,2026-09-30,0
FIC-954,FIC-1059,Salud,SAL-FIC,Plataforma,QA,2025-12-01,,0
FIC-920,FIC-1062,Salud,SAL-FIC,Integraciones,QA,2025-12-01,,0
FIC-887,FIC-1067,Salud,SAL-FIC,Datos,QA,2025-12-01,,0
AGE-175,AGE-39,Salud,SAL-AGE,Plataforma,Datos,2025-01-06,2025-02-13,24
AGE-357,AGE-48,Salud,SAL-AGE,QA,Datos,2025-01-06,2025-02-05,0
AGE-194,AGE-55,Salud,SAL-AGE,Plataforma,Datos,2025-01-06,2025-03-28,160
AGE-133,AGE-69,Salud,SAL-AGE,Integraciones,Datos,2025-01-06,2025-05-22,336
AGE-306,AGE-70,Salud,SAL-AGE,Producto,Datos,2025-01-06,2025-04-04,80
AGE-132,AGE-72,Salud,SAL-AGE,Integraciones,Datos,2025-01-06,2025-03-24,0
AGE-377,AGE-87,Salud,SAL-AGE,QA,Datos,2025-01-06,2025-05-29,80
AGE-159,AGE-99,Salud,SAL-AGE,Plataforma,Integraciones,2025-01-06,2025-01-22,112
AGE-169,AGE-104,Salud,SAL-AGE,Plataforma,Integraciones,2025-01-06,2025-01-27,88
AGE-176,AGE-106,Salud,SAL-AGE,Plataforma,Integraciones,2025-01-06,2025-02-12,168
AGE-270,AGE-112,Salud,SAL-AGE,Producto,Integraciones,2025-01-06,2025-02-18,104
AGE-46,AGE-115,Salud,SAL-AGE,Datos,Integraciones,2025-01-06,2025-02-24,120
AGE-54,AGE-120,Salud,SAL-AGE,Datos,Integraciones,2025-01-06,2025-03-06,144
AGE-365,AGE-130,Salud,SAL-AGE,QA,Integraciones,2025-01-06,2025-03-06,40
AGE-63,AGE-132,Salud,SAL-AGE,Datos,Integraciones,2025-01-06,2025-03-17,96
AGE-215,AGE-133,Salud,SAL-AGE,Plataforma,Integraciones,2025-01-06,2025-05-16,432
AGE-74,AGE-138,Salud,SAL-AGE,Datos,Integraciones,2025-01-06,2025-04-03,152
AGE-326,AGE-143,Salud,SAL-AGE,Producto,Integraciones,2025-01-06,2025-05-09,272
AGE-234,AGE-150,Salud,SAL-AGE,Plataforma,Integraciones,2025-01-06,2025-07-21,480
AGE-238,AGE-152,Salud,SAL-AGE,Plataforma,Integraciones,2025-01-06,2025-07-11,384
AGE-18,AGE-165,Salud,SAL-AGE,Datos,Plataforma,2025-01-06,2025-01-28,96
AGE-102,AGE-170,Salud,SAL-AGE,Integraciones,Plataforma,2025-01-06,2025-01-15,0
AGE-104,AGE-181,Salud,SAL-AGE,Integraciones,Plataforma,2025-01-06,2025-02-05,0
AGE-105,AGE-186,Salud,SAL-AGE,Integraciones,Plataforma,2025-01-06,2025-01-24,0
AGE-112,AGE-189,Salud,SAL-AGE,Integraciones,Plataforma,2025-01-06,2025-02-26,0
AGE-123,AGE-206,Salud,SAL-AGE,Integraciones,Plataforma,2025-01-06,2025-02-26,0
AGE-55,AGE-211,Salud,SAL-AGE,Datos,Plataforma,2025-01-06,2025-04-07,0
AGE-367,AGE-221,Salud,SAL-AGE,QA,Plataforma,2025-01-06,2025-03-27,0
AGE-72,AGE-232,Salud,SAL-AGE,Datos,Plataforma,2025-01-06,2025-04-14,0
AGE-90,AGE-243,Salud,SAL-AGE,Datos,Plataforma,2025-01-06,2025-06-30,0
AGE-98,AGE-249,Salud,SAL-AGE,Integraciones,Producto,2025-01-06,2025-01-14,56
AGE-101,AGE-262,Salud,SAL-AGE,Integraciones,Producto,2025-01-06,2025-01-10,0
AGE-108,AGE-279,Salud,SAL-AGE,Integraciones,Producto,2025-01-06,2025-02-03,0
AGE-55,AGE-286,Salud,SAL-AGE,Datos,Producto,2025-01-06,2025-04-07,200
AGE-192,AGE-288,Salud,SAL-AGE,Plataforma,Producto,2025-01-06,2025-03-19,48
AGE-55,AGE-289,Salud,SAL-AGE,Datos,Producto,2025-01-06,2025-04-07,208
AGE-212,AGE-307,Salud,SAL-AGE,Plataforma,Producto,2025-01-06,2025-04-28,208
AGE-71,AGE-310,Salud,SAL-AGE,Datos,Producto,2025-01-06,2025-04-17,112
AGE-134,AGE-314,Salud,SAL-AGE,Integraciones,Producto,2025-01-06,2025-03-10,0
AGE-375,AGE-327,Salud,SAL-AGE,QA,Producto,2025-01-06,2025-04-07,0
AGE-76,AGE-330,Salud,SAL-AGE,Datos,Producto,2025-01-06,2025-04-07,0
AGE-82,AGE-338,Salud,SAL-AGE,Datos,Producto,2025-01-06,2025-04-25,0
AGE-172,AGE-351,Salud,SAL-AGE,Plataforma,QA,2025-01-06,2025-02-12,192
AGE-123,AGE-364,Salud,SAL-AGE,Integraciones,QA,2025-01-06,2025-02-26,0
AGE-71,AGE-374,Salud,SAL-AGE,Datos,QA,2025-01-06,2025-04-17,56
AGE-73,AGE-375,Salud,SAL-AGE,Datos,QA,2025-01-06,2025-04-02,0
LAB-120,LAB-15,Salud,SAL-LAB,Plataforma,Datos,2025-08-04,2025-08-07,0
LAB-120,LAB-18,Salud,SAL-LAB,Plataforma,Datos,2025-08-04,2025-08-07,0
LAB-132,LAB-26,Salud,SAL-LAB,Plataforma,Datos,2025-08-04,2025-09-29,32
LAB-135,LAB-35,Salud,SAL-LAB,Plataforma,Datos,2025-08-04,2025-10-07,0
LAB-211,LAB-47,Salud,SAL-LAB,Producto,Datos,2025-08-04,2025-11-20,0
LAB-153,LAB-48,Salud,SAL-LAB,Plataforma,Datos,2025-08-04,2025-12-01,0
LAB-107,LAB-55,Salud,SAL-LAB,Integraciones,Datos,2025-08-04,2026-01-22,128
LAB-213,LAB-57,Salud,SAL-LAB,Producto,Datos,2025-08-04,2025-12-02,0
LAB-248,LAB-62,Salud,SAL-LAB,QA,Datos,2025-08-04,2026-03-03,80
LAB-217,LAB-63,Salud,SAL-LAB,Producto,Datos,2025-08-04,2026-01-06,0
LAB-167,LAB-65,Salud,SAL-LAB,Plataforma,Datos,2025-08-04,2026-02-05,0
LAB-224,LAB-73,Salud,SAL-LAB,Producto,Datos,2025-08-04,2026-02-19,0
LAB-179,LAB-74,Salud,SAL-LAB,Plataforma,Datos,2025-08-04,2026-03-03,0
LAB-125,LAB-82,Salud,SAL-LAB,Plataforma,Integraciones,2025-08-04,2025-09-05,88
LAB-199,LAB-88,Salud,SAL-LAB,Producto,Integraciones,2025-08-04,2025-10-21,128
LAB-144,LAB-99,Salud,SAL-LAB,Plataforma,Integraciones,2025-08-04,2025-10-24,0
LAB-47,LAB-103,Salud,SAL-LAB,Datos,Integraciones,2025-08-04,2025-12-18,0
LAB-213,LAB-106,Salud,SAL-LAB,Producto,Integraciones,2025-08-04,2025-12-02,0
LAB-47,LAB-107,Salud,SAL-LAB,Datos,Integraciones,2025-08-04,2025-12-18,0
LAB-174,LAB-117,Salud,SAL-LAB,Plataforma,Integraciones,2025-08-04,2026-02-18,0
LAB-24,LAB-133,Salud,SAL-LAB,Datos,Plataforma,2025-08-04,2025-10-02,48
LAB-88,LAB-134,Salud,SAL-LAB,Integraciones,Plataforma,2025-08-04,2025-10-28,192
LAB-89,LAB-137,Salud,SAL-LAB,Integraciones,Plataforma,2025-08-04,2025-10-14,88
LAB-38,LAB-142,Salud,SAL-LAB,Datos,Plataforma,2025-08-04,2025-11-27,280
LAB-202,LAB-145,Salud,SAL-LAB,Producto,Plataforma,2025-08-04,2025-10-29,0
LAB-38,LAB-146,Salud,SAL-LAB,Datos,Plataforma,2025-08-04,2025-11-27,128
LAB-41,LAB-153,Salud,SAL-LAB,Datos,Plataforma,2025-08-04,2025-11-25,32
LAB-50,LAB-162,Salud,SAL-LAB,Datos,Plataforma,2025-08-04,2025-12-31,0
LAB-55,LAB-165,Salud,SAL-LAB,Datos,Plataforma,2025-08-04,2026-02-02,112
LAB-66,LAB-178,Salud,SAL-LAB,Datos,Plataforma,2025-08-04,2026-03-06,48
LAB-224,LAB-186,Salud,SAL-LAB,Producto,Plataforma,2025-08-04,2026-02-19,0
LAB-226,LAB-189,Salud,SAL-LAB,Producto,Plataforma,2025-08-04,2026-04-07,72
LAB-22,LAB-199,Salud,SAL-LAB,Datos,Producto,2025-08-04,2025-09-24,0
LAB-26,LAB-200,Salud,SAL-LAB,Datos,Producto,2025-08-04,2025-10-08,0
LAB-251,LAB-218,Salud,SAL-LAB,QA,Producto,2025-08-04,2026-03-10,328
LAB-253,LAB-222,Salud,SAL-LAB,QA,Producto,2025-08-04,2026-03-25,288
LAB-186,LAB-226,Salud,SAL-LAB,Plataforma,Producto,2025-08-04,2026-03-27,168
LAB-121,LAB-229,Salud,SAL-LAB,Plataforma,QA,2025-08-04,2025-09-09,0
LAB-123,LAB-230,Salud,SAL-LAB,Plataforma,QA,2025-08-04,2025-09-01,0
LAB-98,LAB-243,Salud,SAL-LAB,Integraciones,QA,2025-08-04,2025-11-27,0
LAB-53,LAB-252,Salud,SAL-LAB,Datos,QA,2025-08-04,2026-01-01,0
CAM-126,CAM-20,Salud,SAL-CAM,Integraciones,Datos,2026-03-02,2026-06-01,400
CAM-228,CAM-22,Salud,SAL-CAM,Producto,Datos,2026-03-02,2026-03-23,0
CAM-129,CAM-29,Salud,SAL-CAM,Integraciones,Datos,2026-03-02,2026-09-01,840
CAM-169,CAM-30,Salud,SAL-CAM,Plataforma,Datos,2026-03-02,2026-06-04,312
CAM-129,CAM-32,Salud,SAL-CAM,Integraciones,Datos,2026-03-02,2026-09-01,696
CAM-129,CAM-33,Salud,SAL-CAM,Integraciones,Datos,2026-03-02,2026-09-01,704
CAM-239,CAM-39,Salud,SAL-CAM,Producto,Datos,2026-03-02,2026-04-20,0
CAM-245,CAM-41,Salud,SAL-CAM,Producto,Datos,2026-03-02,2026-05-07,0
CAM-130,CAM-53,Salud,SAL-CAM,Integraciones,Datos,2026-03-02,2026-08-28,328
CAM-135,CAM-62,Salud,SAL-CAM,Integraciones,Datos,2026-03-02,,384
CAM-143,CAM-81,Salud,SAL-CAM,Integraciones,Datos,2026-03-02,,96
CAM-269,CAM-84,Salud,SAL-CAM,Producto,Datos,2026-03-02,2026-08-06,0
CAM-146,CAM-86,Salud,SAL-CAM,Integraciones,Datos,2026-03-02,,24
CAM-267,CAM-90,Salud,SAL-CAM,Producto,Datos,2026-03-02,2026-08-10,0
CAM-149,CAM-100,Salud,SAL-CAM,Integraciones,Datos,2026-03-02,,0
CAM-150,CAM-104,Salud,SAL-CAM,Integraciones,Datos,2026-03-02,,0
CAM-216,CAM-110,Salud,SAL-CAM,Plataforma,Datos,2026-03-02,,0
CAM-151,CAM-120,Salud,SAL-CAM,Integraciones,Datos,2026-03-02,,0
CAM-301,CAM-124,Salud,SAL-CAM,Producto,Datos,2026-03-02,,0
CAM-228,CAM-127,Salud,SAL-CAM,Producto,Integraciones,2026-03-02,2026-03-23,0
CAM-247,CAM-130,Salud,SAL-CAM,Producto,Integraciones,2026-03-02,2026-05-13,0
CAM-253,CAM-136,Salud,SAL-CAM,Producto,Integraciones,2026-03-02,2026-05-21,0
CAM-276,CAM-149,Salud,SAL-CAM,Producto,Integraciones,2026-03-02,2026-09-02,0
CAM-25,CAM-168,Salud,SAL-CAM,Datos,Plataforma,2026-03-02,2026-04-17,0
CAM-42,CAM-180,Salud,SAL-CAM,Datos,Plataforma,2026-03-02,2026-06-10,0
CAM-60,CAM-188,Salud,SAL-CAM,Datos,Plataforma,2026-03-02,2026-07-23,0
CAM-67,CAM-195,Salud,SAL-CAM,Datos,Plataforma,2026-03-02,2026-08-11,0
CAM-144,CAM-200,Salud,SAL-CAM,Integraciones,Plataforma,2026-03-02,,0
CAM-318,CAM-206,Salud,SAL-CAM,QA,Plataforma,2026-03-02,2026-08-17,0
CAM-268,CAM-207,Salud,SAL-CAM,Producto,Plataforma,2026-03-02,2026-08-11,0
CAM-97,CAM-215,Salud,SAL-CAM,Datos,Plataforma,2026-03-02,,0
CAM-106,CAM-218,Salud,SAL-CAM,Datos,Plataforma,2026-03-02,,0
CAM-122,CAM-227,Salud,SAL-CAM,Datos,Plataforma,2026-03-02,,0
CAM-16,CAM-229,Salud,SAL-CAM,Datos,Producto,2026-03-02,2026-03-18,64
CAM-127,CAM-237,Salud,SAL-CAM,Integraciones,Producto,2026-03-02,2026-08-07,704
CAM-169,CAM-243,Salud,SAL-CAM,Plataforma,Producto,2026-03-02,2026-06-04,248
CAM-184,CAM-254,Salud,SAL-CAM,Plataforma,Producto,2026-03-02,2026-08-19,552
CAM-70,CAM-263,Salud,SAL-CAM,Datos,Producto,2026-03-02,2026-08-20,240
CAM-94,CAM-282,Salud,SAL-CAM,Datos,Producto,2026-03-02,,0
CAM-91,CAM-283,Salud,SAL-CAM,Datos,Producto,2026-03-02,,0
CAM-216,CAM-292,Salud,SAL-CAM,Plataforma,Producto,2026-03-02,,0
CAM-213,CAM-293,Salud,SAL-CAM,Plataforma,Producto,2026-03-02,,0
CAM-105,CAM-294,Salud,SAL-CAM,Datos,Producto,2026-03-02,,0
CAM-96,CAM-295,Salud,SAL-CAM,Datos,Producto,2026-03-02,,0
CAM-328,CAM-302,Salud,SAL-CAM,QA,Producto,2026-03-02,,0
CAM-224,CAM-303,Salud,SAL-CAM,Plataforma,Producto,2026-03-02,,0
CAM-230,CAM-305,Salud,SAL-CAM,Producto,QA,2026-03-02,2026-03-19,0
CAM-242,CAM-308,Salud,SAL-CAM,Producto,QA,2026-03-02,2026-05-11,120
CAM-245,CAM-311,Salud,SAL-CAM,Producto,QA,2026-03-02,2026-05-07,0
CAM-140,CAM-314,Salud,SAL-CAM,Integraciones,QA,2026-03-02,,496
CAM-80,CAM-321,Salud,SAL-CAM,Datos,QA,2026-03-02,2026-09-21,96
