proyecto,industria,semana_termino,probabilidad
MAN-ERP,Manufactura,2026-10-05,0.8341
MAN-ERP,Manufactura,2026-10-12,0.1659
MAN-PRE,Manufactura,2027-01-11,0.0002
MAN-PRE,Manufactura,2027-01-18,0.0037
MAN-PRE,Manufactura,2027-01-25,0.0431
MAN-PRE,Manufactura,2027-02-01,0.1682
MAN-PRE,Manufactura,2027-02-08,0.2965
MAN-PRE,Manufactura,2027-02-15,0.2876
MAN-PRE,Manufactura,2027-02-22,0.152
MAN-PRE,Manufactura,2027-03-01,0.0421
MAN-PRE,Manufactura,2027-03-08,0.0066
ENE-DES,Energia,2026-10-12,0.0057
ENE-DES,Energia,2026-10-19,0.1866
ENE-DES,Energia,2026-10-26,0.5548
ENE-DES,Energia,2026-11-02,0.2349
ENE-DES,Energia,2026-11-09,0.018
ENE-FAC,Energia,2026-11-02,0.0403
ENE-FAC,Energia,2026-11-09,0.1538
ENE-FAC,Energia,2026-11-16,0.2489
ENE-FAC,Energia,2026-11-23,0.2686
ENE-FAC,Energia,2026-11-30,0.1657
ENE-FAC,Energia,2026-12-07,0.0862
ENE-FAC,Energia,2026-12-14,0.0277
ENE-FAC,Energia,2026-12-21,0.0072
ENE-FAC,Energia,2026-12-28,0.0015
ENE-FAC,Energia,2027-01-04,0.0001
ENE-CIB,Energia,2026-12-28,0.0007
ENE-CIB,Energia,2027-01-04,0.0055
ENE-CIB,Energia,2027-01-11,0.042
ENE-CIB,Energia,2027-01-18,0.127
ENE-CIB,Energia,2027-01-25,0.2354
ENE-CIB,Energia,2027-02-01,0.2516
ENE-CIB,Energia,2027-02-08,0.1853
ENE-CIB,Energia,2027-02-15,0.0988
ENE-CIB,Energia,2027-02-22,0.0391
ENE-CIB,Energia,2027-03-01,0.0109
ENE-CIB,Energia,2027-03-08,0.0032
ENE-CIB,Energia,2027-03-15,0.0004
ENE-CIB,Energia,2027-03-22,0.0001
SAL-FIC,Salud,2026-12-07,0.0009
SAL-FIC,Salud,2026-12-14,0.033
SAL-FIC,Salud,2026-12-21,0.1767
SAL-FIC,Salud,2026-12-28,0.3382
SAL-FIC,Salud,2027-01-04,0.2872
SAL-FIC,Salud,2027-01-11,0.1222
SAL-FIC,Salud,2027-01-18,0.0365
SAL-FIC,Salud,2027-01-25,0.0048
SAL-FIC,Salud,2027-02-01,0.0005
SAL-CAM,Salud,2027-01-04,0.001
SAL-CAM,Salud,2027-01-11,0.0063
SAL-CAM,Salud,2027-01-18,0.0398
SAL-CAM,Salud,2027-01-25,0.1103
SAL-CAM,Salud,2027-02-01,0.2156
SAL-CAM,Salud,2027-02-08,0.2666
SAL-CAM,Salud,2027-02-15,0.2062
SAL-CAM,Salud,2027-02-22,0.1099
SAL-CAM,Salud,2027-03-01,0.0356
SAL-CAM,Salud,2027-03-08,0.0082
SAL-CAM,Salud,2027-03-15,0.0004
SAL-CAM,Salud,2027-03-22,0.0001
