proyecto,industria,estado,issues_pendientes,throughput_semanal,fin_comprometido,fecha_p50,fecha_p85,fecha_p95,atraso_p85_dias
MAN-ERP,Manufactura,En curso,12,12.92,2026-12-18,2026-10-07,2026-10-14,2026-10-14,-65
MAN-LOT,Manufactura,Terminado,0,,2025-11-28,2025-12-03,2025-12-03,2025-12-03,5
MAN-POR,Manufactura,Terminado,0,,2026-06-26,2026-06-05,2026-06-05,2026-06-05,-21
MAN-PRE,Manufactura,En curso,160,8.42,2027-01-29,2027-02-10,2027-02-24,2027-02-24,26
ENE-TEL,Energia,Terminado,0,,2026-03-27,2026-03-03,2026-03-03,2026-03-03,-24
ENE-DES,Energia,En curso,32,8.92,2026-11-27,2026-10-28,2026-11-04,2026-11-04,-23
ENE-FAC,Energia,En curso,29,4.0,2026-10-30,2026-11-25,2026-12-02,2026-12-09,33
ENE-CIB,Energia,En curso,83,4.75,2026-12-18,2027-02-03,2027-02-17,2027-02-24,61
SAL-FIC,Salud,En curso,154,11.92,2026-10-30,2026-12-30,2027-01-13,2027-01-13,75
SAL-AGE,Salud,Terminado,0,,2025-09-26,2025-09-04,2025-09-04,2025-09-04,-22
SAL-LAB,Salud,Terminado,0,,2026-05-29,2026-05-27,2026-05-27,2026-05-27,-2
SAL-CAM,Salud,En curso,134,7.25,2026-12-18,2027-02-10,2027-02-24,2027-02-24,68
